grid_id,latitude,longitude,x,y,ward_id,ward_name,lst_c,ndvi,ndbi,tree_canopy_pct,built_pct,albedo,road_density,distance_green_m,elevation_m,population_density,data_label
DEMO_G_0001,18.5417285,73.8416288,377745,2050515,DEMO_WARD_01,DEMO Ward 01,34.801,0.3176,0.2777,29.26,59.81,0.2319,6.672,445.87,555.52,13199.59,DEMO / SYNTHETIC DATA
DEMO_G_0002,18.5417303,73.841913,377775,2050515,DEMO_WARD_01,DEMO Ward 01,37.101,0.1033,0.1715,18.99,82.06,0.2144,5.647,466.41,551.72,16047.57,DEMO / SYNTHETIC DATA
DEMO_G_0003,18.541732,73.8421973,377805,2050515,DEMO_WARD_01,DEMO Ward 01,36.572,0.1342,0.3334,15.8,56.96,0.1254,6.818,349.16,554.14,10580.28,DEMO / SYNTHETIC DATA
DEMO_G_0004,18.5417338,73.8424815,377835,2050515,DEMO_WARD_01,DEMO Ward 01,38.331,0.0495,0.3687,20.24,77.99,0.2381,6.577,462.17,556.35,18346.84,DEMO / SYNTHETIC DATA
DEMO_G_0005,18.5417355,73.8427657,377865,2050515,DEMO_WARD_01,DEMO Ward 01,38.821,0.0822,0.3601,26.02,67.16,0.2244,5.434,540.18,558.0,11210.37,DEMO / SYNTHETIC DATA
DEMO_G_0006,18.5417372,73.8430499,377895,2050515,DEMO_WARD_01,DEMO Ward 01,41.405,0.0727,0.3588,0.37,76.34,0.1804,9.447,576.49,560.53,18002.06,DEMO / SYNTHETIC DATA
DEMO_G_0007,18.541739,73.8433341,377925,2050515,DEMO_WARD_01,DEMO Ward 01,36.319,0.1925,0.364,14.01,58.49,0.1735,4.226,119.14,554.84,13709.61,DEMO / SYNTHETIC DATA
DEMO_G_0008,18.5417407,73.8436183,377955,2050515,DEMO_WARD_01,DEMO Ward 01,37.388,0.0833,0.3201,5.81,73.6,0.1904,6.776,232.39,558.07,11134.46,DEMO / SYNTHETIC DATA
DEMO_G_0009,18.5417425,73.8439025,377985,2050515,DEMO_WARD_01,DEMO Ward 01,38.223,0.1631,0.2609,16.81,63.15,0.2024,5.795,451.11,547.63,15427.05,DEMO / SYNTHETIC DATA
DEMO_G_0010,18.5417442,73.8441867,378015,2050515,DEMO_WARD_01,DEMO Ward 01,35.26,0.0621,0.331,20.52,77.82,0.2857,6.304,375.65,554.2,19268.24,DEMO / SYNTHETIC DATA
DEMO_G_0011,18.5417459,73.8444709,378045,2050515,DEMO_WARD_01,DEMO Ward 01,40.211,0.0958,0.2122,25.01,70.48,0.1378,6.519,412.82,550.98,19213.78,DEMO / SYNTHETIC DATA
DEMO_G_0012,18.5417477,73.8447551,378075,2050515,DEMO_WARD_01,DEMO Ward 01,35.45,0.2205,0.2783,21.77,68.84,0.2462,6.265,367.28,556.65,18960.87,DEMO / SYNTHETIC DATA
DEMO_G_0013,18.5417494,73.8450393,378105,2050515,DEMO_WARD_01,DEMO Ward 01,35.931,0.171,0.1514,23.58,56.21,0.1731,4.387,332.74,556.52,12510.91,DEMO / SYNTHETIC DATA
DEMO_G_0014,18.5417512,73.8453235,378135,2050515,DEMO_WARD_01,DEMO Ward 01,41.633,0.0628,0.4001,11.69,81.62,0.1703,7.885,403.96,554.68,19060.14,DEMO / SYNTHETIC DATA
DEMO_G_0015,18.5417529,73.8456078,378165,2050515,DEMO_WARD_01,DEMO Ward 01,36.78,0.1079,0.2799,8.95,64.17,0.1513,8.929,443.05,551.45,13859.08,DEMO / SYNTHETIC DATA
DEMO_G_0016,18.5417546,73.845892,378195,2050515,DEMO_WARD_01,DEMO Ward 01,39.208,0.0945,0.288,19.48,75.73,0.2344,8.378,588.5,558.43,13740.63,DEMO / SYNTHETIC DATA
DEMO_G_0017,18.5417564,73.8461762,378225,2050515,DEMO_WARD_01,DEMO Ward 01,39.111,0.1363,0.3191,12.42,73.52,0.2198,8.801,405.66,559.8,14230.26,DEMO / SYNTHETIC DATA
DEMO_G_0018,18.5417581,73.8464604,378255,2050515,DEMO_WARD_01,DEMO Ward 01,35.505,0.041,0.4448,29.03,59.83,0.1333,8.941,419.62,549.34,20543.22,DEMO / SYNTHETIC DATA
DEMO_G_0019,18.5417598,73.8467446,378285,2050515,DEMO_WARD_01,DEMO Ward 01,34.894,0.1149,0.2784,8.58,66.93,0.1862,5.765,485.23,553.58,12544.76,DEMO / SYNTHETIC DATA
DEMO_G_0020,18.5417616,73.8470288,378315,2050515,DEMO_WARD_01,DEMO Ward 01,37.187,0.1392,0.3225,15.31,72.78,0.1478,7.576,347.21,555.63,16550.4,DEMO / SYNTHETIC DATA
DEMO_G_0021,18.5417633,73.847313,378345,2050515,DEMO_WARD_02,DEMO Ward 02,37.525,0.3969,0.4029,44.62,70.86,0.1506,4.873,497.92,549.64,15986.08,DEMO / SYNTHETIC DATA
DEMO_G_0022,18.541765,73.8475972,378375,2050515,DEMO_WARD_02,DEMO Ward 02,36.081,0.1795,0.1428,17.91,64.09,0.144,6.253,251.55,557.19,11945.3,DEMO / SYNTHETIC DATA
DEMO_G_0023,18.5417668,73.8478814,378405,2050515,DEMO_WARD_02,DEMO Ward 02,39.678,0.0854,0.4093,15.2,85.87,0.236,7.768,544.75,551.7,15703.46,DEMO / SYNTHETIC DATA
DEMO_G_0024,18.5417685,73.8481656,378435,2050515,DEMO_WARD_02,DEMO Ward 02,39.399,0.107,0.2872,3.8,80.47,0.1706,7.062,231.55,553.73,12321.94,DEMO / SYNTHETIC DATA
DEMO_G_0025,18.5417702,73.8484498,378465,2050515,DEMO_WARD_02,DEMO Ward 02,32.839,0.285,0.166,33.35,57.88,0.2065,6.36,357.74,557.12,12295.91,DEMO / SYNTHETIC DATA
DEMO_G_0026,18.541772,73.8487341,378495,2050515,DEMO_WARD_02,DEMO Ward 02,38.811,0.1544,0.1873,8.57,48.31,0.08,6.936,367.64,555.53,14052.56,DEMO / SYNTHETIC DATA
DEMO_G_0027,18.5417737,73.8490183,378525,2050515,DEMO_WARD_02,DEMO Ward 02,32.239,0.2876,0.1452,26.5,53.56,0.2294,3.704,230.58,553.95,12455.1,DEMO / SYNTHETIC DATA
DEMO_G_0028,18.5417754,73.8493025,378555,2050515,DEMO_WARD_02,DEMO Ward 02,35.807,0.1431,0.2145,28.96,55.99,0.1155,5.229,500.24,552.47,15721.44,DEMO / SYNTHETIC DATA
DEMO_G_0029,18.5417772,73.8495867,378585,2050515,DEMO_WARD_02,DEMO Ward 02,33.563,0.339,0.1133,18.5,59.02,0.2304,6.969,370.83,550.11,13187.5,DEMO / SYNTHETIC DATA
DEMO_G_0030,18.5417789,73.8498709,378615,2050515,DEMO_WARD_02,DEMO Ward 02,34.222,0.4,0.1447,24.15,50.2,0.1565,4.959,432.21,554.19,12662.28,DEMO / SYNTHETIC DATA
DEMO_G_0031,18.5417806,73.8501551,378645,2050515,DEMO_WARD_02,DEMO Ward 02,37.537,0.1415,0.3945,25.72,62.22,0.1751,7.362,218.46,548.66,15111.14,DEMO / SYNTHETIC DATA
DEMO_G_0032,18.5417824,73.8504393,378675,2050515,DEMO_WARD_02,DEMO Ward 02,33.451,0.3513,0.3244,41.61,69.27,0.2243,7.2,522.48,551.77,14000.37,DEMO / SYNTHETIC DATA
DEMO_G_0033,18.5417841,73.8507235,378705,2050515,DEMO_WARD_02,DEMO Ward 02,29.296,0.3611,0.1463,25.75,39.0,0.3043,4.732,176.74,558.88,11155.79,DEMO / SYNTHETIC DATA
DEMO_G_0034,18.5417858,73.8510077,378735,2050515,DEMO_WARD_02,DEMO Ward 02,33.882,0.2684,0.0984,38.76,59.32,0.194,5.783,571.87,554.92,9793.99,DEMO / SYNTHETIC DATA
DEMO_G_0035,18.5417876,73.8512919,378765,2050515,DEMO_WARD_02,DEMO Ward 02,38.123,0.2587,0.4005,29.71,61.56,0.2537,6.101,532.71,554.73,14106.89,DEMO / SYNTHETIC DATA
DEMO_G_0036,18.5417893,73.8515762,378795,2050515,DEMO_WARD_02,DEMO Ward 02,30.309,0.2821,0.1566,24.03,77.31,0.2505,8.293,525.91,545.06,8280.89,DEMO / SYNTHETIC DATA
DEMO_G_0037,18.541791,73.8518604,378825,2050515,DEMO_WARD_02,DEMO Ward 02,36.335,0.2067,0.1918,22.09,51.01,0.2278,7.708,242.88,559.83,15442.53,DEMO / SYNTHETIC DATA
DEMO_G_0038,18.5417927,73.8521446,378855,2050515,DEMO_WARD_02,DEMO Ward 02,36.376,0.3321,0.2542,38.11,58.51,0.1646,4.281,243.91,557.85,9048.44,DEMO / SYNTHETIC DATA
DEMO_G_0039,18.5417945,73.8524288,378885,2050515,DEMO_WARD_02,DEMO Ward 02,34.804,0.2595,0.1546,16.76,72.2,0.2021,3.564,402.56,556.37,14074.69,DEMO / SYNTHETIC DATA
DEMO_G_0040,18.5417962,73.852713,378915,2050515,DEMO_WARD_02,DEMO Ward 02,36.648,0.098,0.3243,18.67,70.07,0.2212,6.211,376.21,557.04,16300.48,DEMO / SYNTHETIC DATA
DEMO_G_0041,18.5417979,73.8529972,378945,2050515,DEMO_WARD_03,DEMO Ward 03,31.154,0.4466,0.0704,54.49,45.6,0.2218,4.524,195.74,560.44,11233.17,DEMO / SYNTHETIC DATA
DEMO_G_0042,18.5417996,73.8532814,378975,2050515,DEMO_WARD_03,DEMO Ward 03,33.098,0.3178,-0.0472,15.8,52.04,0.2044,6.668,241.54,552.67,8847.7,DEMO / SYNTHETIC DATA
DEMO_G_0043,18.5418014,73.8535656,379005,2050515,DEMO_WARD_03,DEMO Ward 03,33.953,0.2995,0.0851,27.44,23.3,0.15,2.933,276.29,551.9,7922.43,DEMO / SYNTHETIC DATA
DEMO_G_0044,18.5418031,73.8538498,379035,2050515,DEMO_WARD_03,DEMO Ward 03,35.498,0.1194,0.143,24.04,51.52,0.2056,5.187,362.81,555.63,15952.35,DEMO / SYNTHETIC DATA
DEMO_G_0045,18.5418048,73.854134,379065,2050515,DEMO_WARD_03,DEMO Ward 03,36.188,0.3786,0.173,30.39,57.82,0.1593,6.01,321.01,551.85,10697.58,DEMO / SYNTHETIC DATA
DEMO_G_0046,18.5418065,73.8544182,379095,2050515,DEMO_WARD_03,DEMO Ward 03,30.303,0.2935,0.0855,26.48,43.65,0.2531,5.667,205.33,563.29,10284.87,DEMO / SYNTHETIC DATA
DEMO_G_0047,18.5418083,73.8547025,379125,2050515,DEMO_WARD_03,DEMO Ward 03,33.5,0.2817,0.2508,21.58,45.96,0.2021,3.942,348.77,550.96,12264.12,DEMO / SYNTHETIC DATA
DEMO_G_0048,18.54181,73.8549867,379155,2050515,DEMO_WARD_03,DEMO Ward 03,39.267,0.1572,0.1441,11.98,49.8,0.1759,6.756,300.33,552.09,15568.43,DEMO / SYNTHETIC DATA
DEMO_G_0049,18.5418117,73.8552709,379185,2050515,DEMO_WARD_03,DEMO Ward 03,35.238,0.2633,0.1398,20.38,55.75,0.1499,6.526,331.23,554.16,9895.58,DEMO / SYNTHETIC DATA
DEMO_G_0050,18.5418134,73.8555551,379215,2050515,DEMO_WARD_03,DEMO Ward 03,34.629,0.0816,0.2717,20.55,51.27,0.2044,5.044,426.72,548.94,14691.82,DEMO / SYNTHETIC DATA
DEMO_G_0051,18.5418152,73.8558393,379245,2050515,DEMO_WARD_03,DEMO Ward 03,40.028,0.0405,0.5155,9.08,78.64,0.1541,7.765,533.35,549.37,15661.65,DEMO / SYNTHETIC DATA
DEMO_G_0052,18.5418169,73.8561235,379275,2050515,DEMO_WARD_03,DEMO Ward 03,37.187,0.0635,0.2163,9.2,54.45,0.1986,6.191,297.59,552.97,12682.71,DEMO / SYNTHETIC DATA
DEMO_G_0053,18.5418186,73.8564077,379305,2050515,DEMO_WARD_03,DEMO Ward 03,39.626,0.1329,0.403,27.49,84.73,0.1813,7.312,382.84,554.15,14817.79,DEMO / SYNTHETIC DATA
DEMO_G_0054,18.5418203,73.8566919,379335,2050515,DEMO_WARD_03,DEMO Ward 03,40.677,0.0725,0.4179,17.97,69.96,0.2264,7.328,469.06,550.74,17855.44,DEMO / SYNTHETIC DATA
DEMO_G_0055,18.541822,73.8569761,379365,2050515,DEMO_WARD_03,DEMO Ward 03,39.092,0.0119,0.2807,17.23,78.61,0.1711,7.247,405.86,551.58,10251.66,DEMO / SYNTHETIC DATA
DEMO_G_0056,18.5418238,73.8572603,379395,2050515,DEMO_WARD_03,DEMO Ward 03,37.021,0.171,0.2435,26.71,62.9,0.1674,8.2,475.7,553.73,16691.86,DEMO / SYNTHETIC DATA
DEMO_G_0057,18.5418255,73.8575446,379425,2050515,DEMO_WARD_03,DEMO Ward 03,39.836,-0.0812,0.4057,1.08,78.74,0.1831,7.865,407.13,555.86,18789.93,DEMO / SYNTHETIC DATA
DEMO_G_0058,18.5418272,73.8578288,379455,2050515,DEMO_WARD_03,DEMO Ward 03,38.467,0.0979,0.357,13.69,71.99,0.2296,6.613,436.86,554.52,17452.18,DEMO / SYNTHETIC DATA
DEMO_G_0059,18.5418289,73.858113,379485,2050515,DEMO_WARD_03,DEMO Ward 03,37.767,0.114,0.4444,25.87,72.32,0.1937,8.011,499.14,556.05,15636.98,DEMO / SYNTHETIC DATA
DEMO_G_0060,18.5418306,73.8583972,379515,2050515,DEMO_WARD_03,DEMO Ward 03,39.557,0.1781,0.2862,8.49,82.63,0.1723,7.711,523.37,557.75,16678.55,DEMO / SYNTHETIC DATA
DEMO_G_0061,18.5419996,73.841627,377745,2050545,DEMO_WARD_01,DEMO Ward 01,31.666,0.2493,0.1375,17.73,60.39,0.2622,4.351,497.46,551.93,4818.48,DEMO / SYNTHETIC DATA
DEMO_G_0062,18.5420014,73.8419112,377775,2050545,DEMO_WARD_01,DEMO Ward 01,35.041,0.2372,0.2134,28.6,76.97,0.2126,4.876,445.39,552.23,12563.51,DEMO / SYNTHETIC DATA
DEMO_G_0063,18.5420031,73.8421954,377805,2050545,DEMO_WARD_01,DEMO Ward 01,34.553,0.2252,0.1413,36.46,61.71,0.2462,6.647,395.63,550.2,16195.07,DEMO / SYNTHETIC DATA
DEMO_G_0064,18.5420049,73.8424796,377835,2050545,DEMO_WARD_01,DEMO Ward 01,34.625,0.2337,0.3775,21.46,60.43,0.1414,5.788,411.5,556.98,9723.02,DEMO / SYNTHETIC DATA
DEMO_G_0065,18.5420066,73.8427638,377865,2050545,DEMO_WARD_01,DEMO Ward 01,38.018,0.1356,0.4083,24.91,65.24,0.2368,6.612,542.25,557.4,16654.65,DEMO / SYNTHETIC DATA
DEMO_G_0066,18.5420083,73.8430481,377895,2050545,DEMO_WARD_01,DEMO Ward 01,36.183,0.2255,0.1495,20.21,71.39,0.1809,5.112,363.17,558.04,12152.16,DEMO / SYNTHETIC DATA
DEMO_G_0067,18.5420101,73.8433323,377925,2050545,DEMO_WARD_01,DEMO Ward 01,36.498,0.2131,0.3004,7.84,86.26,0.2185,7.863,329.91,553.86,14182.72,DEMO / SYNTHETIC DATA
DEMO_G_0068,18.5420118,73.8436165,377955,2050545,DEMO_WARD_01,DEMO Ward 01,36.977,0.0538,0.219,19.07,58.06,0.1692,7.294,527.34,547.27,15872.43,DEMO / SYNTHETIC DATA
DEMO_G_0069,18.5420136,73.8439007,377985,2050545,DEMO_WARD_01,DEMO Ward 01,36.633,0.1091,0.2998,27.32,65.15,0.2086,5.93,330.17,556.79,13376.72,DEMO / SYNTHETIC DATA
DEMO_G_0070,18.5420153,73.8441849,378015,2050545,DEMO_WARD_01,DEMO Ward 01,39.104,0.1105,0.3833,16.42,75.29,0.1182,8.502,714.16,554.95,15789.85,DEMO / SYNTHETIC DATA
DEMO_G_0071,18.542017,73.8444691,378045,2050545,DEMO_WARD_01,DEMO Ward 01,34.702,0.1972,0.2534,12.91,63.62,0.2456,7.423,485.92,552.55,13508.7,DEMO / SYNTHETIC DATA
DEMO_G_0072,18.5420188,73.8447533,378075,2050545,DEMO_WARD_01,DEMO Ward 01,35.639,0.0168,0.3138,15.16,70.66,0.1349,7.461,424.7,559.73,16529.28,DEMO / SYNTHETIC DATA
DEMO_G_0073,18.5420205,73.8450375,378105,2050545,DEMO_WARD_01,DEMO Ward 01,37.702,0.0871,0.4108,24.92,65.49,0.1394,7.916,243.03,555.51,17080.94,DEMO / SYNTHETIC DATA
DEMO_G_0074,18.5420222,73.8453217,378135,2050545,DEMO_WARD_01,DEMO Ward 01,36.135,0.0436,0.4056,0.0,49.7,0.2244,6.467,392.69,554.93,16202.01,DEMO / SYNTHETIC DATA
DEMO_G_0075,18.542024,73.8456059,378165,2050545,DEMO_WARD_01,DEMO Ward 01,35.701,0.2087,0.3088,24.27,56.39,0.2035,7.544,316.29,560.64,14981.24,DEMO / SYNTHETIC DATA
DEMO_G_0076,18.5420257,73.8458901,378195,2050545,DEMO_WARD_01,DEMO Ward 01,34.852,0.1231,0.2392,21.37,56.7,0.1636,4.18,373.83,549.65,9883.25,DEMO / SYNTHETIC DATA
DEMO_G_0077,18.5420275,73.8461744,378225,2050545,DEMO_WARD_01,DEMO Ward 01,34.993,0.069,0.2843,20.86,70.74,0.2083,6.174,458.8,553.44,14728.17,DEMO / SYNTHETIC DATA
DEMO_G_0078,18.5420292,73.8464586,378255,2050545,DEMO_WARD_01,DEMO Ward 01,38.028,-0.0027,0.3514,0.0,77.82,0.0934,7.525,489.63,554.66,18567.76,DEMO / SYNTHETIC DATA
DEMO_G_0079,18.5420309,73.8467428,378285,2050545,DEMO_WARD_01,DEMO Ward 01,36.963,0.0849,0.2137,24.64,67.57,0.1922,10.049,419.71,559.89,20148.61,DEMO / SYNTHETIC DATA
DEMO_G_0080,18.5420327,73.847027,378315,2050545,DEMO_WARD_01,DEMO Ward 01,37.765,-0.1,0.316,0.0,85.87,0.2111,8.329,459.72,548.69,15860.36,DEMO / SYNTHETIC DATA
DEMO_G_0081,18.5420344,73.8473112,378345,2050545,DEMO_WARD_02,DEMO Ward 02,35.915,0.1179,0.2271,27.79,73.29,0.1785,7.775,574.81,553.21,14426.16,DEMO / SYNTHETIC DATA
DEMO_G_0082,18.5420361,73.8475954,378375,2050545,DEMO_WARD_02,DEMO Ward 02,38.247,0.1391,0.2462,27.09,73.95,0.1841,7.208,386.89,548.0,15866.37,DEMO / SYNTHETIC DATA
DEMO_G_0083,18.5420379,73.8478796,378405,2050545,DEMO_WARD_02,DEMO Ward 02,37.434,0.2834,0.2745,27.12,55.48,0.2249,6.238,385.89,557.44,14087.29,DEMO / SYNTHETIC DATA
DEMO_G_0084,18.5420396,73.8481638,378435,2050545,DEMO_WARD_02,DEMO Ward 02,38.618,0.0286,0.26,0.0,80.79,0.1702,6.59,421.86,552.28,15394.1,DEMO / SYNTHETIC DATA
DEMO_G_0085,18.5420413,73.848448,378465,2050545,DEMO_WARD_02,DEMO Ward 02,36.666,0.1141,0.1427,15.71,57.53,0.151,5.896,331.91,557.74,14364.74,DEMO / SYNTHETIC DATA
DEMO_G_0086,18.5420431,73.8487322,378495,2050545,DEMO_WARD_02,DEMO Ward 02,35.962,0.2149,0.4123,22.55,73.77,0.241,8.386,454.12,553.43,17960.55,DEMO / SYNTHETIC DATA
DEMO_G_0087,18.5420448,73.8490165,378525,2050545,DEMO_WARD_02,DEMO Ward 02,35.575,0.2852,0.2215,33.75,68.22,0.1859,6.515,352.7,555.91,13771.16,DEMO / SYNTHETIC DATA
DEMO_G_0088,18.5420465,73.8493007,378555,2050545,DEMO_WARD_02,DEMO Ward 02,36.22,0.1133,0.1896,25.54,79.34,0.1851,4.498,396.02,561.52,9788.5,DEMO / SYNTHETIC DATA
DEMO_G_0089,18.5420483,73.8495849,378585,2050545,DEMO_WARD_02,DEMO Ward 02,35.848,0.1755,0.2562,17.86,78.98,0.2129,5.629,284.18,548.24,11688.87,DEMO / SYNTHETIC DATA
DEMO_G_0090,18.54205,73.8498691,378615,2050545,DEMO_WARD_02,DEMO Ward 02,35.458,0.0349,0.1018,9.68,58.98,0.2216,5.101,292.93,547.45,15417.31,DEMO / SYNTHETIC DATA
DEMO_G_0091,18.5420517,73.8501533,378645,2050545,DEMO_WARD_02,DEMO Ward 02,32.132,0.3863,0.3501,30.73,32.3,0.1886,3.928,328.66,552.32,15758.05,DEMO / SYNTHETIC DATA
DEMO_G_0092,18.5420535,73.8504375,378675,2050545,DEMO_WARD_02,DEMO Ward 02,32.662,0.2723,-0.0078,30.52,40.03,0.1244,6.211,156.43,556.29,6785.2,DEMO / SYNTHETIC DATA
DEMO_G_0093,18.5420552,73.8507217,378705,2050545,DEMO_WARD_02,DEMO Ward 02,36.162,0.1887,0.2234,25.3,68.71,0.1255,7.247,360.93,558.52,16277.06,DEMO / SYNTHETIC DATA
DEMO_G_0094,18.5420569,73.8510059,378735,2050545,DEMO_WARD_02,DEMO Ward 02,32.495,0.3435,-0.0992,18.12,43.96,0.2077,4.909,171.13,548.59,9340.95,DEMO / SYNTHETIC DATA
DEMO_G_0095,18.5420586,73.8512901,378765,2050545,DEMO_WARD_02,DEMO Ward 02,34.363,0.4203,0.1122,35.56,45.94,0.179,4.129,168.5,558.55,8599.74,DEMO / SYNTHETIC DATA
DEMO_G_0096,18.5420604,73.8515743,378795,2050545,DEMO_WARD_02,DEMO Ward 02,34.154,0.127,0.1685,18.15,63.46,0.2338,5.84,358.27,553.41,14028.27,DEMO / SYNTHETIC DATA
DEMO_G_0097,18.5420621,73.8518585,378825,2050545,DEMO_WARD_02,DEMO Ward 02,32.909,0.3918,0.0036,37.26,43.24,0.2444,4.668,178.19,554.73,6888.08,DEMO / SYNTHETIC DATA
DEMO_G_0098,18.5420638,73.8521428,378855,2050545,DEMO_WARD_02,DEMO Ward 02,35.804,0.4281,0.1452,53.7,51.71,0.1723,3.985,189.36,550.75,6879.35,DEMO / SYNTHETIC DATA
DEMO_G_0099,18.5420656,73.852427,378885,2050545,DEMO_WARD_02,DEMO Ward 02,33.541,0.3004,0.2186,15.56,56.01,0.246,3.506,311.99,559.79,13354.74,DEMO / SYNTHETIC DATA
DEMO_G_0100,18.5420673,73.8527112,378915,2050545,DEMO_WARD_02,DEMO Ward 02,32.083,0.3253,0.1731,20.43,41.1,0.1807,3.64,320.29,557.73,10005.82,DEMO / SYNTHETIC DATA
DEMO_G_0101,18.542069,73.8529954,378945,2050545,DEMO_WARD_03,DEMO Ward 03,34.244,0.2436,0.276,36.47,44.78,0.2164,4.527,216.6,550.46,11768.68,DEMO / SYNTHETIC DATA
DEMO_G_0102,18.5420707,73.8532796,378975,2050545,DEMO_WARD_03,DEMO Ward 03,31.748,0.353,0.1334,36.25,51.74,0.2592,5.437,333.16,551.72,11627.81,DEMO / SYNTHETIC DATA
DEMO_G_0103,18.5420725,73.8535638,379005,2050545,DEMO_WARD_03,DEMO Ward 03,28.638,0.3248,-0.0246,35.15,45.3,0.2514,3.049,282.85,552.86,12179.31,DEMO / SYNTHETIC DATA
DEMO_G_0104,18.5420742,73.853848,379035,2050545,DEMO_WARD_03,DEMO Ward 03,33.495,0.4342,0.1078,47.62,43.58,0.1945,2.464,151.8,553.04,9938.21,DEMO / SYNTHETIC DATA
DEMO_G_0105,18.5420759,73.8541322,379065,2050545,DEMO_WARD_03,DEMO Ward 03,33.658,0.3673,0.1059,39.33,31.9,0.1642,4.387,362.07,551.52,12562.22,DEMO / SYNTHETIC DATA
DEMO_G_0106,18.5420776,73.8544164,379095,2050545,DEMO_WARD_03,DEMO Ward 03,34.55,0.2147,0.2618,11.65,49.27,0.2159,7.227,362.22,554.46,14736.2,DEMO / SYNTHETIC DATA
DEMO_G_0107,18.5420794,73.8547007,379125,2050545,DEMO_WARD_03,DEMO Ward 03,35.47,0.2283,0.2133,39.64,67.96,0.1981,4.676,448.61,553.53,15779.87,DEMO / SYNTHETIC DATA
DEMO_G_0108,18.5420811,73.8549849,379155,2050545,DEMO_WARD_03,DEMO Ward 03,34.111,0.296,0.0411,34.39,47.88,0.1872,6.092,391.45,554.32,16892.83,DEMO / SYNTHETIC DATA
DEMO_G_0109,18.5420828,73.8552691,379185,2050545,DEMO_WARD_03,DEMO Ward 03,36.669,0.1972,0.1876,19.9,55.87,0.2037,4.526,349.81,558.0,16080.91,DEMO / SYNTHETIC DATA
DEMO_G_0110,18.5420845,73.8555533,379215,2050545,DEMO_WARD_03,DEMO Ward 03,37.873,0.0201,0.3893,15.43,62.54,0.1729,9.81,339.24,556.47,16167.25,DEMO / SYNTHETIC DATA
DEMO_G_0111,18.5420862,73.8558375,379245,2050545,DEMO_WARD_03,DEMO Ward 03,38.741,0.142,0.2033,21.16,79.76,0.1252,7.798,445.14,549.92,16997.75,DEMO / SYNTHETIC DATA
DEMO_G_0112,18.542088,73.8561217,379275,2050545,DEMO_WARD_03,DEMO Ward 03,41.921,-0.0028,0.4369,13.18,84.48,0.1984,8.174,650.58,554.15,17570.46,DEMO / SYNTHETIC DATA
DEMO_G_0113,18.5420897,73.8564059,379305,2050545,DEMO_WARD_03,DEMO Ward 03,39.747,0.1513,0.5117,16.75,81.32,0.2052,6.982,498.91,553.59,17982.82,DEMO / SYNTHETIC DATA
DEMO_G_0114,18.5420914,73.8566901,379335,2050545,DEMO_WARD_03,DEMO Ward 03,34.992,0.1673,0.1671,21.51,58.3,0.2102,7.244,392.62,553.04,16211.41,DEMO / SYNTHETIC DATA
DEMO_G_0115,18.5420931,73.8569743,379365,2050545,DEMO_WARD_03,DEMO Ward 03,33.566,0.2319,0.2985,20.49,83.96,0.188,8.322,504.56,554.31,12722.62,DEMO / SYNTHETIC DATA
DEMO_G_0116,18.5420948,73.8572585,379395,2050545,DEMO_WARD_03,DEMO Ward 03,38.188,0.0648,0.4087,0.0,81.46,0.2372,9.275,418.9,557.52,20828.13,DEMO / SYNTHETIC DATA
DEMO_G_0117,18.5420966,73.8575428,379425,2050545,DEMO_WARD_03,DEMO Ward 03,37.479,0.2273,0.3808,24.34,68.37,0.2139,7.646,349.72,549.29,11436.22,DEMO / SYNTHETIC DATA
DEMO_G_0118,18.5420983,73.857827,379455,2050545,DEMO_WARD_03,DEMO Ward 03,39.082,0.258,0.2612,22.22,60.32,0.1738,6.795,423.96,560.36,13746.3,DEMO / SYNTHETIC DATA
DEMO_G_0119,18.5421,73.8581112,379485,2050545,DEMO_WARD_03,DEMO Ward 03,42.251,0.0715,0.4249,1.94,86.73,0.1573,8.046,630.26,547.19,14201.64,DEMO / SYNTHETIC DATA
DEMO_G_0120,18.5421017,73.8583954,379515,2050545,DEMO_WARD_03,DEMO Ward 03,40.497,-0.0177,0.3662,1.29,72.24,0.1277,9.308,491.72,555.91,22147.55,DEMO / SYNTHETIC DATA
DEMO_G_0121,18.5422707,73.8416252,377745,2050575,DEMO_WARD_01,DEMO Ward 01,33.187,0.2947,0.0186,45.86,48.39,0.1674,4.37,148.73,551.21,9622.35,DEMO / SYNTHETIC DATA
DEMO_G_0122,18.5422725,73.8419094,377775,2050575,DEMO_WARD_01,DEMO Ward 01,36.881,0.117,0.2886,25.17,82.57,0.1903,6.363,485.42,559.2,17471.38,DEMO / SYNTHETIC DATA
DEMO_G_0123,18.5422742,73.8421936,377805,2050575,DEMO_WARD_01,DEMO Ward 01,34.674,0.1929,0.0248,10.92,54.62,0.245,4.794,502.83,559.77,14122.78,DEMO / SYNTHETIC DATA
DEMO_G_0124,18.5422759,73.8424778,377835,2050575,DEMO_WARD_01,DEMO Ward 01,35.828,0.243,0.2644,30.6,59.88,0.2476,5.791,462.17,558.56,13057.23,DEMO / SYNTHETIC DATA
DEMO_G_0125,18.5422777,73.842762,377865,2050575,DEMO_WARD_01,DEMO Ward 01,36.11,0.1636,0.3631,25.06,69.07,0.2038,6.486,458.34,551.68,11665.78,DEMO / SYNTHETIC DATA
DEMO_G_0126,18.5422794,73.8430462,377895,2050575,DEMO_WARD_01,DEMO Ward 01,36.023,0.2402,0.2408,23.7,56.66,0.2409,7.558,260.78,550.15,15528.05,DEMO / SYNTHETIC DATA
DEMO_G_0127,18.5422812,73.8433304,377925,2050575,DEMO_WARD_01,DEMO Ward 01,37.598,0.3077,0.339,35.93,72.26,0.2205,5.634,290.64,556.05,15435.18,DEMO / SYNTHETIC DATA
DEMO_G_0128,18.5422829,73.8436146,377955,2050575,DEMO_WARD_01,DEMO Ward 01,37.726,0.0189,0.3181,9.52,94.13,0.1595,6.315,530.25,561.04,15103.48,DEMO / SYNTHETIC DATA
DEMO_G_0129,18.5422846,73.8438989,377985,2050575,DEMO_WARD_01,DEMO Ward 01,38.284,0.1236,0.344,3.06,62.98,0.1321,6.005,349.44,553.71,16860.82,DEMO / SYNTHETIC DATA
DEMO_G_0130,18.5422864,73.8441831,378015,2050575,DEMO_WARD_01,DEMO Ward 01,38.126,0.0895,0.4284,5.64,85.44,0.229,8.112,438.83,552.51,18821.01,DEMO / SYNTHETIC DATA
DEMO_G_0131,18.5422881,73.8444673,378045,2050575,DEMO_WARD_01,DEMO Ward 01,38.112,0.0183,0.4888,16.27,81.69,0.2312,8.254,525.31,556.9,18800.01,DEMO / SYNTHETIC DATA
DEMO_G_0132,18.5422899,73.8447515,378075,2050575,DEMO_WARD_01,DEMO Ward 01,36.247,0.2283,0.2975,37.72,78.41,0.1731,6.559,517.44,552.47,17804.46,DEMO / SYNTHETIC DATA
DEMO_G_0133,18.5422916,73.8450357,378105,2050575,DEMO_WARD_01,DEMO Ward 01,38.827,0.1029,0.4092,15.15,75.39,0.2032,8.493,434.86,555.81,17637.34,DEMO / SYNTHETIC DATA
DEMO_G_0134,18.5422933,73.8453199,378135,2050575,DEMO_WARD_01,DEMO Ward 01,34.542,0.2606,0.1569,26.27,59.28,0.1484,5.553,283.77,559.21,10794.93,DEMO / SYNTHETIC DATA
DEMO_G_0135,18.5422951,73.8456041,378165,2050575,DEMO_WARD_01,DEMO Ward 01,34.119,0.3011,0.1729,28.04,45.98,0.1321,3.231,346.43,554.3,14107.81,DEMO / SYNTHETIC DATA
DEMO_G_0136,18.5422968,73.8458883,378195,2050575,DEMO_WARD_01,DEMO Ward 01,38.108,0.1783,0.3032,17.97,72.89,0.1988,6.728,412.96,554.28,17232.57,DEMO / SYNTHETIC DATA
DEMO_G_0137,18.5422985,73.8461725,378225,2050575,DEMO_WARD_01,DEMO Ward 01,36.938,-0.0738,0.3909,3.3,84.7,0.1795,9.33,695.08,558.36,20100.43,DEMO / SYNTHETIC DATA
DEMO_G_0138,18.5423003,73.8464567,378255,2050575,DEMO_WARD_01,DEMO Ward 01,35.5,0.2373,0.3367,16.49,63.79,0.1602,6.259,338.57,556.52,14441.38,DEMO / SYNTHETIC DATA
DEMO_G_0139,18.542302,73.846741,378285,2050575,DEMO_WARD_01,DEMO Ward 01,36.496,0.0225,0.4477,5.21,79.08,0.1842,7.58,575.97,556.98,15567.83,DEMO / SYNTHETIC DATA
DEMO_G_0140,18.5423038,73.8470252,378315,2050575,DEMO_WARD_01,DEMO Ward 01,38.339,0.1295,0.3767,0.0,88.48,0.1966,6.917,442.24,557.63,17250.87,DEMO / SYNTHETIC DATA
DEMO_G_0141,18.5423055,73.8473094,378345,2050575,DEMO_WARD_02,DEMO Ward 02,35.117,0.1836,0.2157,21.27,52.4,0.1935,6.84,322.44,560.64,9406.5,DEMO / SYNTHETIC DATA
DEMO_G_0142,18.5423072,73.8475936,378375,2050575,DEMO_WARD_02,DEMO Ward 02,36.051,0.199,0.2881,10.0,62.87,0.1458,4.925,475.76,554.15,11318.35,DEMO / SYNTHETIC DATA
DEMO_G_0143,18.542309,73.8478778,378405,2050575,DEMO_WARD_02,DEMO Ward 02,35.849,0.1402,0.2081,21.69,69.27,0.1933,6.217,283.29,550.79,15537.49,DEMO / SYNTHETIC DATA
DEMO_G_0144,18.5423107,73.848162,378435,2050575,DEMO_WARD_02,DEMO Ward 02,37.253,0.0849,0.3354,20.05,78.53,0.2305,5.435,397.64,562.3,16387.18,DEMO / SYNTHETIC DATA
DEMO_G_0145,18.5423124,73.8484462,378465,2050575,DEMO_WARD_02,DEMO Ward 02,33.402,0.1824,0.2547,20.97,56.12,0.2208,5.246,332.16,556.52,12968.93,DEMO / SYNTHETIC DATA
DEMO_G_0146,18.5423142,73.8487304,378495,2050575,DEMO_WARD_02,DEMO Ward 02,35.193,0.0959,0.2897,31.51,86.37,0.1766,7.175,490.92,554.39,15036.43,DEMO / SYNTHETIC DATA
DEMO_G_0147,18.5423159,73.8490146,378525,2050575,DEMO_WARD_02,DEMO Ward 02,33.312,0.2841,0.2902,23.75,63.34,0.2271,4.472,317.59,552.22,15373.66,DEMO / SYNTHETIC DATA
DEMO_G_0148,18.5423176,73.8492988,378555,2050575,DEMO_WARD_02,DEMO Ward 02,36.367,0.0909,0.1334,35.31,60.3,0.1759,4.705,497.94,560.84,12807.74,DEMO / SYNTHETIC DATA
DEMO_G_0149,18.5423194,73.8495831,378585,2050575,DEMO_WARD_02,DEMO Ward 02,33.865,0.1349,0.4041,26.51,67.79,0.2165,5.479,404.05,557.84,12948.24,DEMO / SYNTHETIC DATA
DEMO_G_0150,18.5423211,73.8498673,378615,2050575,DEMO_WARD_02,DEMO Ward 02,31.232,0.4671,0.2935,32.17,31.46,0.2535,3.563,229.42,563.07,10628.22,DEMO / SYNTHETIC DATA
DEMO_G_0151,18.5423228,73.8501515,378645,2050575,DEMO_WARD_02,DEMO Ward 02,32.114,0.2571,0.0981,24.47,55.23,0.1926,3.785,408.07,554.48,11437.81,DEMO / SYNTHETIC DATA
DEMO_G_0152,18.5423245,73.8504357,378675,2050575,DEMO_WARD_02,DEMO Ward 02,31.489,0.3366,0.1099,30.74,61.14,0.157,3.881,189.8,554.0,9625.3,DEMO / SYNTHETIC DATA
DEMO_G_0153,18.5423263,73.8507199,378705,2050575,DEMO_WARD_02,DEMO Ward 02,38.079,0.0886,0.3813,6.43,84.31,0.2093,3.821,445.25,554.42,10225.14,DEMO / SYNTHETIC DATA
DEMO_G_0154,18.542328,73.8510041,378735,2050575,DEMO_WARD_02,DEMO Ward 02,32.08,0.2972,0.2248,44.73,46.53,0.2226,6.889,440.14,548.78,14962.1,DEMO / SYNTHETIC DATA
DEMO_G_0155,18.5423297,73.8512883,378765,2050575,DEMO_WARD_02,DEMO Ward 02,31.517,0.3675,0.1325,41.04,53.24,0.2052,5.841,308.56,551.26,13104.68,DEMO / SYNTHETIC DATA
DEMO_G_0156,18.5423315,73.8515725,378795,2050575,DEMO_WARD_02,DEMO Ward 02,32.15,0.2493,0.1339,18.59,39.5,0.1487,5.156,326.48,556.4,9739.19,DEMO / SYNTHETIC DATA
DEMO_G_0157,18.5423332,73.8518567,378825,2050575,DEMO_WARD_02,DEMO Ward 02,34.821,0.2865,0.1223,20.31,58.22,0.1668,5.901,350.0,551.8,10061.24,DEMO / SYNTHETIC DATA
DEMO_G_0158,18.5423349,73.8521409,378855,2050575,DEMO_WARD_02,DEMO Ward 02,35.861,0.2336,0.1586,22.89,64.37,0.1777,5.712,368.51,551.02,13242.05,DEMO / SYNTHETIC DATA
DEMO_G_0159,18.5423366,73.8524252,378885,2050575,DEMO_WARD_02,DEMO Ward 02,31.71,0.3093,0.0518,34.97,51.96,0.2292,3.418,332.2,562.39,7135.74,DEMO / SYNTHETIC DATA
DEMO_G_0160,18.5423384,73.8527094,378915,2050575,DEMO_WARD_02,DEMO Ward 02,35.002,0.2428,0.2116,39.2,53.58,0.1823,6.158,294.53,557.85,12173.57,DEMO / SYNTHETIC DATA
DEMO_G_0161,18.5423401,73.8529936,378945,2050575,DEMO_WARD_03,DEMO Ward 03,33.617,0.4249,0.0588,28.52,56.82,0.1969,5.512,392.24,560.74,9652.36,DEMO / SYNTHETIC DATA
DEMO_G_0162,18.5423418,73.8532778,378975,2050575,DEMO_WARD_03,DEMO Ward 03,36.606,0.171,0.3234,2.25,69.53,0.1584,5.54,280.61,552.97,15419.17,DEMO / SYNTHETIC DATA
DEMO_G_0163,18.5423435,73.853562,379005,2050575,DEMO_WARD_03,DEMO Ward 03,34.569,0.2825,0.1375,9.77,42.02,0.2139,6.175,453.55,552.21,10603.35,DEMO / SYNTHETIC DATA
DEMO_G_0164,18.5423453,73.8538462,379035,2050575,DEMO_WARD_03,DEMO Ward 03,29.975,0.4627,-0.0105,34.19,46.52,0.2244,3.479,323.99,554.97,9755.14,DEMO / SYNTHETIC DATA
DEMO_G_0165,18.542347,73.8541304,379065,2050575,DEMO_WARD_03,DEMO Ward 03,32.795,0.1054,0.2282,26.44,59.98,0.259,3.645,506.92,554.24,16607.44,DEMO / SYNTHETIC DATA
DEMO_G_0166,18.5423487,73.8544146,379095,2050575,DEMO_WARD_03,DEMO Ward 03,30.431,0.4926,0.0727,42.87,46.2,0.177,5.073,174.57,553.51,5196.08,DEMO / SYNTHETIC DATA
DEMO_G_0167,18.5423504,73.8546988,379125,2050575,DEMO_WARD_03,DEMO Ward 03,33.735,0.2714,0.2686,32.19,50.37,0.2323,5.875,326.33,557.17,9622.91,DEMO / SYNTHETIC DATA
DEMO_G_0168,18.5423522,73.8549831,379155,2050575,DEMO_WARD_03,DEMO Ward 03,35.79,0.3244,0.1848,33.1,36.79,0.2039,6.642,239.09,555.33,10391.68,DEMO / SYNTHETIC DATA
DEMO_G_0169,18.5423539,73.8552673,379185,2050575,DEMO_WARD_03,DEMO Ward 03,34.099,0.0303,0.2934,25.71,69.74,0.1879,4.565,304.85,557.2,13479.42,DEMO / SYNTHETIC DATA
DEMO_G_0170,18.5423556,73.8555515,379215,2050575,DEMO_WARD_03,DEMO Ward 03,35.364,0.2804,0.2002,23.66,65.7,0.1543,7.691,248.28,554.07,9207.61,DEMO / SYNTHETIC DATA
DEMO_G_0171,18.5423573,73.8558357,379245,2050575,DEMO_WARD_03,DEMO Ward 03,35.821,0.3123,0.2213,54.9,72.29,0.1976,6.347,330.23,555.38,14043.61,DEMO / SYNTHETIC DATA
DEMO_G_0172,18.5423591,73.8561199,379275,2050575,DEMO_WARD_03,DEMO Ward 03,38.479,0.089,0.3224,20.77,70.71,0.2107,6.36,493.27,552.97,18595.75,DEMO / SYNTHETIC DATA
DEMO_G_0173,18.5423608,73.8564041,379305,2050575,DEMO_WARD_03,DEMO Ward 03,36.388,0.2759,0.2526,17.98,47.4,0.2147,6.252,319.79,547.64,12546.7,DEMO / SYNTHETIC DATA
DEMO_G_0174,18.5423625,73.8566883,379335,2050575,DEMO_WARD_03,DEMO Ward 03,40.576,0.0475,0.148,9.64,71.6,0.0848,5.912,344.42,562.97,14423.87,DEMO / SYNTHETIC DATA
DEMO_G_0175,18.5423642,73.8569725,379365,2050575,DEMO_WARD_03,DEMO Ward 03,34.328,0.0929,0.1726,16.56,96.64,0.1983,9.823,429.85,558.04,12100.6,DEMO / SYNTHETIC DATA
DEMO_G_0176,18.5423659,73.8572567,379395,2050575,DEMO_WARD_03,DEMO Ward 03,39.741,0.1326,0.2323,14.31,84.1,0.1505,10.737,565.72,551.68,15424.91,DEMO / SYNTHETIC DATA
DEMO_G_0177,18.5423677,73.857541,379425,2050575,DEMO_WARD_03,DEMO Ward 03,35.448,0.0822,0.2666,13.25,75.52,0.1921,5.529,592.53,555.21,14664.08,DEMO / SYNTHETIC DATA
DEMO_G_0178,18.5423694,73.8578252,379455,2050575,DEMO_WARD_03,DEMO Ward 03,38.231,0.0829,0.3472,13.99,100.0,0.224,7.687,455.07,556.98,19518.76,DEMO / SYNTHETIC DATA
DEMO_G_0179,18.5423711,73.8581094,379485,2050575,DEMO_WARD_03,DEMO Ward 03,36.827,0.1542,0.2863,19.2,72.52,0.205,8.286,449.62,557.97,17839.35,DEMO / SYNTHETIC DATA
DEMO_G_0180,18.5423728,73.8583936,379515,2050575,DEMO_WARD_03,DEMO Ward 03,37.016,0.1734,0.3265,20.95,79.01,0.2195,8.236,480.1,554.12,15124.58,DEMO / SYNTHETIC DATA
DEMO_G_0181,18.5425418,73.8416234,377745,2050605,DEMO_WARD_01,DEMO Ward 01,32.299,0.357,-0.0178,36.96,65.05,0.224,4.161,446.45,556.61,11258.38,DEMO / SYNTHETIC DATA
DEMO_G_0182,18.5425435,73.8419076,377775,2050605,DEMO_WARD_01,DEMO Ward 01,33.169,0.2767,0.0815,23.96,51.19,0.1786,4.482,436.17,545.38,13068.18,DEMO / SYNTHETIC DATA
DEMO_G_0183,18.5425453,73.8421918,377805,2050605,DEMO_WARD_01,DEMO Ward 01,32.36,0.1162,0.0929,16.03,61.86,0.2221,6.345,348.58,559.14,8248.07,DEMO / SYNTHETIC DATA
DEMO_G_0184,18.542547,73.842476,377835,2050605,DEMO_WARD_01,DEMO Ward 01,35.379,0.097,0.3202,3.68,71.08,0.294,6.141,607.06,551.86,12354.54,DEMO / SYNTHETIC DATA
DEMO_G_0185,18.5425488,73.8427602,377865,2050605,DEMO_WARD_01,DEMO Ward 01,37.154,0.1171,0.4286,19.01,75.76,0.2208,7.171,432.34,555.72,11742.12,DEMO / SYNTHETIC DATA
DEMO_G_0186,18.5425505,73.8430444,377895,2050605,DEMO_WARD_01,DEMO Ward 01,38.693,-0.0,0.3473,2.51,86.83,0.1845,7.923,468.9,555.79,19345.34,DEMO / SYNTHETIC DATA
DEMO_G_0187,18.5425523,73.8433286,377925,2050605,DEMO_WARD_01,DEMO Ward 01,38.401,0.0242,0.4986,2.7,73.79,0.1561,6.502,581.56,559.36,17225.05,DEMO / SYNTHETIC DATA
DEMO_G_0188,18.542554,73.8436128,377955,2050605,DEMO_WARD_01,DEMO Ward 01,39.245,0.2546,0.2187,26.19,61.51,0.1715,7.082,482.19,556.62,16587.99,DEMO / SYNTHETIC DATA
DEMO_G_0189,18.5425557,73.843897,377985,2050605,DEMO_WARD_01,DEMO Ward 01,36.452,0.0785,0.2172,19.84,65.41,0.225,5.699,325.21,556.43,15981.73,DEMO / SYNTHETIC DATA
DEMO_G_0190,18.5425575,73.8441812,378015,2050605,DEMO_WARD_01,DEMO Ward 01,36.586,0.2605,0.2397,33.31,58.95,0.21,6.533,382.83,554.06,10797.28,DEMO / SYNTHETIC DATA
DEMO_G_0191,18.5425592,73.8444655,378045,2050605,DEMO_WARD_01,DEMO Ward 01,38.204,-0.0021,0.3521,16.21,63.9,0.1797,7.704,447.29,556.6,16423.65,DEMO / SYNTHETIC DATA
DEMO_G_0192,18.5425609,73.8447497,378075,2050605,DEMO_WARD_01,DEMO Ward 01,38.501,0.0274,0.3224,15.84,81.17,0.1549,7.828,514.38,552.84,21655.07,DEMO / SYNTHETIC DATA
DEMO_G_0193,18.5425627,73.8450339,378105,2050605,DEMO_WARD_01,DEMO Ward 01,39.843,0.177,0.3299,14.61,77.02,0.219,7.693,597.07,552.61,13234.26,DEMO / SYNTHETIC DATA
DEMO_G_0194,18.5425644,73.8453181,378135,2050605,DEMO_WARD_01,DEMO Ward 01,39.841,0.2483,0.1752,2.8,85.52,0.1676,6.02,359.66,555.57,11902.25,DEMO / SYNTHETIC DATA
DEMO_G_0195,18.5425662,73.8456023,378165,2050605,DEMO_WARD_01,DEMO Ward 01,38.845,0.1428,0.3535,15.57,80.46,0.1537,9.435,486.17,555.85,17637.78,DEMO / SYNTHETIC DATA
DEMO_G_0196,18.5425679,73.8458865,378195,2050605,DEMO_WARD_01,DEMO Ward 01,35.796,0.2959,0.1667,23.2,48.97,0.1771,5.848,321.49,552.55,11970.42,DEMO / SYNTHETIC DATA
DEMO_G_0197,18.5425696,73.8461707,378225,2050605,DEMO_WARD_01,DEMO Ward 01,40.671,0.0733,0.4512,24.73,79.38,0.108,7.071,482.3,548.23,17820.17,DEMO / SYNTHETIC DATA
DEMO_G_0198,18.5425714,73.8464549,378255,2050605,DEMO_WARD_01,DEMO Ward 01,37.191,0.0486,0.1419,0.7,47.48,0.2155,5.903,364.85,550.6,11734.04,DEMO / SYNTHETIC DATA
DEMO_G_0199,18.5425731,73.8467391,378285,2050605,DEMO_WARD_01,DEMO Ward 01,38.524,0.1537,0.2763,14.95,76.75,0.1916,7.08,499.71,559.69,11430.42,DEMO / SYNTHETIC DATA
DEMO_G_0200,18.5425748,73.8470233,378315,2050605,DEMO_WARD_01,DEMO Ward 01,36.327,0.1497,0.2782,10.03,56.97,0.1867,7.417,376.4,555.21,14722.44,DEMO / SYNTHETIC DATA
DEMO_G_0201,18.5425766,73.8473076,378345,2050605,DEMO_WARD_02,DEMO Ward 02,37.004,0.0434,0.1886,12.5,61.78,0.1927,6.846,399.93,567.41,16553.91,DEMO / SYNTHETIC DATA
DEMO_G_0202,18.5425783,73.8475918,378375,2050605,DEMO_WARD_02,DEMO Ward 02,36.226,0.1378,0.2605,8.97,60.15,0.2379,6.758,451.41,563.75,15859.44,DEMO / SYNTHETIC DATA
DEMO_G_0203,18.54258,73.847876,378405,2050605,DEMO_WARD_02,DEMO Ward 02,36.614,0.1417,0.1958,12.93,86.15,0.2183,8.279,492.35,559.58,16546.83,DEMO / SYNTHETIC DATA
DEMO_G_0204,18.5425818,73.8481602,378435,2050605,DEMO_WARD_02,DEMO Ward 02,36.584,0.0341,0.3253,7.06,68.84,0.1201,7.893,583.64,562.32,12599.99,DEMO / SYNTHETIC DATA
DEMO_G_0205,18.5425835,73.8484444,378465,2050605,DEMO_WARD_02,DEMO Ward 02,36.091,0.3328,0.1309,33.68,61.89,0.1266,5.71,197.01,550.52,13103.98,DEMO / SYNTHETIC DATA
DEMO_G_0206,18.5425852,73.8487286,378495,2050605,DEMO_WARD_02,DEMO Ward 02,34.744,0.2447,0.0723,36.59,46.97,0.1773,4.56,396.97,555.64,7014.39,DEMO / SYNTHETIC DATA
DEMO_G_0207,18.542587,73.8490128,378525,2050605,DEMO_WARD_02,DEMO Ward 02,36.672,0.1653,0.3092,17.36,68.37,0.1706,6.772,446.89,560.9,16809.07,DEMO / SYNTHETIC DATA
DEMO_G_0208,18.5425887,73.849297,378555,2050605,DEMO_WARD_02,DEMO Ward 02,36.098,0.0767,0.2311,18.59,46.56,0.1582,6.171,308.85,554.2,12908.64,DEMO / SYNTHETIC DATA
DEMO_G_0209,18.5425904,73.8495812,378585,2050605,DEMO_WARD_02,DEMO Ward 02,34.966,0.2878,0.2829,28.68,83.97,0.194,6.288,270.91,560.16,14797.33,DEMO / SYNTHETIC DATA
DEMO_G_0210,18.5425922,73.8498655,378615,2050605,DEMO_WARD_02,DEMO Ward 02,34.297,0.1445,0.2228,23.99,56.66,0.2581,4.756,235.61,555.27,14519.28,DEMO / SYNTHETIC DATA
DEMO_G_0211,18.5425939,73.8501497,378645,2050605,DEMO_WARD_02,DEMO Ward 02,39.377,0.0668,0.1915,14.79,66.25,0.1432,6.63,462.37,560.91,14541.67,DEMO / SYNTHETIC DATA
DEMO_G_0212,18.5425956,73.8504339,378675,2050605,DEMO_WARD_02,DEMO Ward 02,33.032,0.3767,0.1051,20.42,53.48,0.1857,4.699,230.24,552.47,7486.81,DEMO / SYNTHETIC DATA
DEMO_G_0213,18.5425974,73.8507181,378705,2050605,DEMO_WARD_02,DEMO Ward 02,32.439,0.3279,0.2213,21.3,48.81,0.1801,5.467,221.65,553.45,14057.11,DEMO / SYNTHETIC DATA
DEMO_G_0214,18.5425991,73.8510023,378735,2050605,DEMO_WARD_02,DEMO Ward 02,41.115,-0.0197,0.4205,0.0,72.05,0.1476,8.059,711.95,556.33,17381.04,DEMO / SYNTHETIC DATA
DEMO_G_0215,18.5426008,73.8512865,378765,2050605,DEMO_WARD_02,DEMO Ward 02,36.016,0.1713,0.0096,15.16,50.08,0.1168,4.094,244.29,559.24,8099.91,DEMO / SYNTHETIC DATA
DEMO_G_0216,18.5426025,73.8515707,378795,2050605,DEMO_WARD_02,DEMO Ward 02,35.299,0.3684,0.2172,37.2,55.83,0.2506,6.988,389.1,551.16,13812.87,DEMO / SYNTHETIC DATA
DEMO_G_0217,18.5426043,73.8518549,378825,2050605,DEMO_WARD_02,DEMO Ward 02,29.718,0.3701,-0.0167,35.08,30.94,0.2062,2.538,259.18,556.87,6379.54,DEMO / SYNTHETIC DATA
DEMO_G_0218,18.542606,73.8521391,378855,2050605,DEMO_WARD_02,DEMO Ward 02,31.311,0.223,0.2017,24.47,30.12,0.172,4.232,169.14,563.39,8522.1,DEMO / SYNTHETIC DATA
DEMO_G_0219,18.5426077,73.8524233,378885,2050605,DEMO_WARD_02,DEMO Ward 02,37.64,0.0552,0.3682,2.52,76.07,0.2048,7.196,514.62,554.39,17315.62,DEMO / SYNTHETIC DATA
DEMO_G_0220,18.5426095,73.8527076,378915,2050605,DEMO_WARD_02,DEMO Ward 02,29.933,0.3102,-0.0252,31.11,48.02,0.2647,4.392,0.0,553.76,6343.29,DEMO / SYNTHETIC DATA
DEMO_G_0221,18.5426112,73.8529918,378945,2050605,DEMO_WARD_03,DEMO Ward 03,32.144,0.2321,0.1071,26.1,36.87,0.1846,4.705,545.57,559.87,13780.51,DEMO / SYNTHETIC DATA
DEMO_G_0222,18.5426129,73.853276,378975,2050605,DEMO_WARD_03,DEMO Ward 03,33.604,0.2565,0.035,17.48,51.58,0.1791,4.67,262.33,554.03,10371.24,DEMO / SYNTHETIC DATA
DEMO_G_0223,18.5426146,73.8535602,379005,2050605,DEMO_WARD_03,DEMO Ward 03,36.479,0.2452,0.1497,21.54,56.16,0.1645,5.662,437.64,553.37,8121.74,DEMO / SYNTHETIC DATA
DEMO_G_0224,18.5426164,73.8538444,379035,2050605,DEMO_WARD_03,DEMO Ward 03,36.062,0.2109,0.1407,31.52,54.21,0.1412,7.631,463.08,555.02,13735.47,DEMO / SYNTHETIC DATA
DEMO_G_0225,18.5426181,73.8541286,379065,2050605,DEMO_WARD_03,DEMO Ward 03,31.846,0.2296,-0.0311,27.08,50.46,0.1955,4.83,142.47,554.16,7136.26,DEMO / SYNTHETIC DATA
DEMO_G_0226,18.5426198,73.8544128,379095,2050605,DEMO_WARD_03,DEMO Ward 03,34.048,0.2151,0.1681,31.33,54.21,0.1999,6.117,373.6,558.97,11761.43,DEMO / SYNTHETIC DATA
DEMO_G_0227,18.5426215,73.854697,379125,2050605,DEMO_WARD_03,DEMO Ward 03,34.431,0.1244,0.2613,13.04,59.2,0.1746,5.957,509.51,554.83,15775.3,DEMO / SYNTHETIC DATA
DEMO_G_0228,18.5426233,73.8549812,379155,2050605,DEMO_WARD_03,DEMO Ward 03,37.026,0.2219,0.4428,38.09,76.8,0.2305,7.704,596.34,550.65,14131.7,DEMO / SYNTHETIC DATA
DEMO_G_0229,18.542625,73.8552655,379185,2050605,DEMO_WARD_03,DEMO Ward 03,40.08,0.0419,0.3429,6.08,96.27,0.1525,7.381,427.6,553.83,14382.53,DEMO / SYNTHETIC DATA
DEMO_G_0230,18.5426267,73.8555497,379215,2050605,DEMO_WARD_03,DEMO Ward 03,34.564,0.2144,0.2703,14.49,81.21,0.2391,3.598,386.18,552.34,15906.85,DEMO / SYNTHETIC DATA
DEMO_G_0231,18.5426284,73.8558339,379245,2050605,DEMO_WARD_03,DEMO Ward 03,38.847,0.0053,0.4894,20.16,82.18,0.1995,7.733,456.86,559.98,13807.0,DEMO / SYNTHETIC DATA
DEMO_G_0232,18.5426301,73.8561181,379275,2050605,DEMO_WARD_03,DEMO Ward 03,36.077,0.368,0.3358,22.24,50.29,0.1471,5.469,532.3,553.68,15226.2,DEMO / SYNTHETIC DATA
DEMO_G_0233,18.5426319,73.8564023,379305,2050605,DEMO_WARD_03,DEMO Ward 03,39.758,0.2107,0.4815,19.53,85.5,0.1525,7.781,563.31,553.0,17214.46,DEMO / SYNTHETIC DATA
DEMO_G_0234,18.5426336,73.8566865,379335,2050605,DEMO_WARD_03,DEMO Ward 03,37.316,0.2065,0.3806,29.69,70.8,0.1911,9.263,500.84,547.75,11912.82,DEMO / SYNTHETIC DATA
DEMO_G_0235,18.5426353,73.8569707,379365,2050605,DEMO_WARD_03,DEMO Ward 03,35.696,0.0069,0.4287,16.35,80.17,0.2568,6.357,551.61,553.36,17928.4,DEMO / SYNTHETIC DATA
DEMO_G_0236,18.542637,73.8572549,379395,2050605,DEMO_WARD_03,DEMO Ward 03,37.87,0.0265,0.3259,15.2,76.43,0.1017,6.867,451.83,555.94,14269.23,DEMO / SYNTHETIC DATA
DEMO_G_0237,18.5426387,73.8575391,379425,2050605,DEMO_WARD_03,DEMO Ward 03,37.002,0.131,0.3778,16.13,80.14,0.211,6.888,563.64,562.11,19834.13,DEMO / SYNTHETIC DATA
DEMO_G_0238,18.5426405,73.8578234,379455,2050605,DEMO_WARD_03,DEMO Ward 03,39.535,0.0971,0.4668,2.35,65.85,0.1826,8.949,543.02,562.85,19259.44,DEMO / SYNTHETIC DATA
DEMO_G_0239,18.5426422,73.8581076,379485,2050605,DEMO_WARD_03,DEMO Ward 03,37.659,0.0169,0.4045,6.81,72.98,0.1756,8.762,485.4,554.41,19249.78,DEMO / SYNTHETIC DATA
DEMO_G_0240,18.5426439,73.8583918,379515,2050605,DEMO_WARD_03,DEMO Ward 03,40.305,-0.1,0.4722,7.22,82.23,0.2094,8.553,596.7,555.03,15047.56,DEMO / SYNTHETIC DATA
DEMO_G_0241,18.5428129,73.8416215,377745,2050635,DEMO_WARD_01,DEMO Ward 01,34.996,0.1569,0.0545,13.0,48.93,0.1935,4.858,384.98,559.73,8736.35,DEMO / SYNTHETIC DATA
DEMO_G_0242,18.5428146,73.8419057,377775,2050635,DEMO_WARD_01,DEMO Ward 01,35.185,0.2294,0.2831,17.41,61.55,0.1519,5.915,541.86,550.87,16917.58,DEMO / SYNTHETIC DATA
DEMO_G_0243,18.5428164,73.8421899,377805,2050635,DEMO_WARD_01,DEMO Ward 01,38.089,0.2872,0.224,15.7,39.38,0.1938,3.397,405.42,559.79,9149.64,DEMO / SYNTHETIC DATA
DEMO_G_0244,18.5428181,73.8424742,377835,2050635,DEMO_WARD_01,DEMO Ward 01,34.743,0.24,0.2439,8.93,52.81,0.2021,6.407,451.05,558.01,11358.36,DEMO / SYNTHETIC DATA
DEMO_G_0245,18.5428199,73.8427584,377865,2050635,DEMO_WARD_01,DEMO Ward 01,34.772,0.0733,0.2424,8.48,60.48,0.2508,7.601,528.9,558.91,13042.52,DEMO / SYNTHETIC DATA
DEMO_G_0246,18.5428216,73.8430426,377895,2050635,DEMO_WARD_01,DEMO Ward 01,36.838,0.0439,0.3301,14.68,94.22,0.1865,8.549,506.35,561.36,16514.44,DEMO / SYNTHETIC DATA
DEMO_G_0247,18.5428233,73.8433268,377925,2050635,DEMO_WARD_01,DEMO Ward 01,32.348,0.2078,0.3025,31.52,63.26,0.2004,6.229,440.37,551.49,13608.6,DEMO / SYNTHETIC DATA
DEMO_G_0248,18.5428251,73.843611,377955,2050635,DEMO_WARD_01,DEMO Ward 01,35.215,0.2252,0.3412,16.13,62.36,0.2731,6.515,283.49,559.58,13186.54,DEMO / SYNTHETIC DATA
DEMO_G_0249,18.5428268,73.8438952,377985,2050635,DEMO_WARD_01,DEMO Ward 01,36.974,0.1789,0.257,37.95,64.53,0.1875,6.754,436.65,551.34,14791.59,DEMO / SYNTHETIC DATA
DEMO_G_0250,18.5428286,73.8441794,378015,2050635,DEMO_WARD_01,DEMO Ward 01,39.024,0.0549,0.3705,7.36,63.86,0.1658,8.208,367.14,557.31,13727.66,DEMO / SYNTHETIC DATA
DEMO_G_0251,18.5428303,73.8444636,378045,2050635,DEMO_WARD_01,DEMO Ward 01,38.811,0.0437,0.5854,7.11,90.41,0.2643,6.567,585.54,557.62,21153.46,DEMO / SYNTHETIC DATA
DEMO_G_0252,18.542832,73.8447478,378075,2050635,DEMO_WARD_01,DEMO Ward 01,39.258,0.1152,0.3452,6.62,81.9,0.1502,7.617,480.29,566.12,17528.44,DEMO / SYNTHETIC DATA
DEMO_G_0253,18.5428338,73.8450321,378105,2050635,DEMO_WARD_01,DEMO Ward 01,34.949,0.2713,0.2307,38.04,74.63,0.2097,6.949,391.64,560.02,10274.33,DEMO / SYNTHETIC DATA
DEMO_G_0254,18.5428355,73.8453163,378135,2050635,DEMO_WARD_01,DEMO Ward 01,39.614,0.0855,0.4782,15.72,88.31,0.2075,6.6,459.88,550.6,19260.37,DEMO / SYNTHETIC DATA
DEMO_G_0255,18.5428372,73.8456005,378165,2050635,DEMO_WARD_01,DEMO Ward 01,37.863,0.2623,0.3886,31.56,73.06,0.0846,6.201,357.45,557.93,10105.76,DEMO / SYNTHETIC DATA
DEMO_G_0256,18.542839,73.8458847,378195,2050635,DEMO_WARD_01,DEMO Ward 01,36.771,0.1412,0.3527,20.27,67.57,0.2338,8.185,378.27,562.9,14070.18,DEMO / SYNTHETIC DATA
DEMO_G_0257,18.5428407,73.8461689,378225,2050635,DEMO_WARD_01,DEMO Ward 01,38.153,0.0242,0.285,1.83,85.65,0.2531,7.713,564.19,552.78,20267.79,DEMO / SYNTHETIC DATA
DEMO_G_0258,18.5428425,73.8464531,378255,2050635,DEMO_WARD_01,DEMO Ward 01,34.37,0.1548,0.4182,14.23,80.9,0.2408,8.325,546.64,549.69,16957.65,DEMO / SYNTHETIC DATA
DEMO_G_0259,18.5428442,73.8467373,378285,2050635,DEMO_WARD_01,DEMO Ward 01,34.964,0.2688,0.3583,39.18,76.13,0.2092,6.841,517.9,558.58,14837.55,DEMO / SYNTHETIC DATA
DEMO_G_0260,18.5428459,73.8470215,378315,2050635,DEMO_WARD_01,DEMO Ward 01,34.379,0.2297,0.2215,40.63,71.7,0.1971,5.119,316.01,558.58,9301.26,DEMO / SYNTHETIC DATA
DEMO_G_0261,18.5428477,73.8473057,378345,2050635,DEMO_WARD_02,DEMO Ward 02,37.438,0.1506,0.2203,22.22,60.12,0.236,7.614,458.13,556.29,14923.68,DEMO / SYNTHETIC DATA
DEMO_G_0262,18.5428494,73.8475899,378375,2050635,DEMO_WARD_02,DEMO Ward 02,38.911,0.1192,0.2798,24.2,70.23,0.2642,8.061,341.19,556.98,14416.19,DEMO / SYNTHETIC DATA
DEMO_G_0263,18.5428511,73.8478742,378405,2050635,DEMO_WARD_02,DEMO Ward 02,39.307,0.0219,0.4087,10.36,71.95,0.1585,7.056,574.39,562.81,16768.72,DEMO / SYNTHETIC DATA
DEMO_G_0264,18.5428529,73.8481584,378435,2050635,DEMO_WARD_02,DEMO Ward 02,36.37,0.1204,0.2661,11.2,70.27,0.2675,6.825,385.8,555.31,12189.29,DEMO / SYNTHETIC DATA
DEMO_G_0265,18.5428546,73.8484426,378465,2050635,DEMO_WARD_02,DEMO Ward 02,34.998,0.0988,0.2129,14.47,37.03,0.1957,5.58,436.46,554.46,14996.75,DEMO / SYNTHETIC DATA
DEMO_G_0266,18.5428563,73.8487268,378495,2050635,DEMO_WARD_02,DEMO Ward 02,35.422,0.1658,0.3117,10.56,69.42,0.2817,7.79,340.54,554.65,10863.72,DEMO / SYNTHETIC DATA
DEMO_G_0267,18.5428581,73.849011,378525,2050635,DEMO_WARD_02,DEMO Ward 02,34.85,0.2085,0.241,17.87,55.43,0.1567,4.869,500.98,556.24,14796.77,DEMO / SYNTHETIC DATA
DEMO_G_0268,18.5428598,73.8492952,378555,2050635,DEMO_WARD_02,DEMO Ward 02,33.021,0.3744,0.1915,12.88,37.96,0.2082,4.456,227.74,553.0,11322.46,DEMO / SYNTHETIC DATA
DEMO_G_0269,18.5428615,73.8495794,378585,2050635,DEMO_WARD_02,DEMO Ward 02,31.96,0.2073,0.1411,38.31,36.54,0.1481,6.232,399.67,559.61,12412.18,DEMO / SYNTHETIC DATA
DEMO_G_0270,18.5428633,73.8498636,378615,2050635,DEMO_WARD_02,DEMO Ward 02,34.278,0.2963,0.1821,32.61,61.72,0.1829,3.501,493.52,559.79,10823.77,DEMO / SYNTHETIC DATA
DEMO_G_0271,18.542865,73.8501478,378645,2050635,DEMO_WARD_02,DEMO Ward 02,36.537,0.1476,0.2567,18.91,72.91,0.2212,7.617,190.61,553.65,11181.06,DEMO / SYNTHETIC DATA
DEMO_G_0272,18.5428667,73.8504321,378675,2050635,DEMO_WARD_02,DEMO Ward 02,31.427,0.2764,0.085,41.47,41.67,0.2547,5.154,238.68,552.76,9973.3,DEMO / SYNTHETIC DATA
DEMO_G_0273,18.5428685,73.8507163,378705,2050635,DEMO_WARD_02,DEMO Ward 02,37.956,0.1332,0.3529,23.51,61.96,0.2247,7.897,477.32,553.93,13655.15,DEMO / SYNTHETIC DATA
DEMO_G_0274,18.5428702,73.8510005,378735,2050635,DEMO_WARD_02,DEMO Ward 02,33.578,0.2017,0.1017,27.11,51.51,0.1967,5.747,353.8,558.06,9560.71,DEMO / SYNTHETIC DATA
DEMO_G_0275,18.5428719,73.8512847,378765,2050635,DEMO_WARD_02,DEMO Ward 02,34.472,0.3448,0.1594,36.81,46.1,0.1983,5.224,391.29,560.07,10373.31,DEMO / SYNTHETIC DATA
DEMO_G_0276,18.5428736,73.8515689,378795,2050635,DEMO_WARD_02,DEMO Ward 02,32.707,0.2026,0.0997,26.92,28.74,0.2261,3.239,227.63,554.84,6297.55,DEMO / SYNTHETIC DATA
DEMO_G_0277,18.5428754,73.8518531,378825,2050635,DEMO_WARD_02,DEMO Ward 02,33.438,0.3081,0.0309,11.94,38.12,0.1885,3.233,241.38,551.64,9925.6,DEMO / SYNTHETIC DATA
DEMO_G_0278,18.5428771,73.8521373,378855,2050635,DEMO_WARD_02,DEMO Ward 02,32.294,0.3303,0.0954,32.16,33.7,0.189,3.333,65.39,554.15,11873.62,DEMO / SYNTHETIC DATA
DEMO_G_0279,18.5428788,73.8524215,378885,2050635,DEMO_WARD_02,DEMO Ward 02,32.042,0.3198,0.115,19.45,55.43,0.2024,4.795,414.99,555.81,9963.19,DEMO / SYNTHETIC DATA
DEMO_G_0280,18.5428805,73.8527057,378915,2050635,DEMO_WARD_02,DEMO Ward 02,34.35,0.2939,0.2062,18.07,46.88,0.1457,6.282,447.96,554.18,13895.82,DEMO / SYNTHETIC DATA
DEMO_G_0281,18.5428823,73.85299,378945,2050635,DEMO_WARD_03,DEMO Ward 03,33.83,0.2758,0.122,23.52,58.67,0.1923,6.896,500.82,559.63,8401.11,DEMO / SYNTHETIC DATA
DEMO_G_0282,18.542884,73.8532742,378975,2050635,DEMO_WARD_03,DEMO Ward 03,35.962,0.4052,0.0783,29.81,65.18,0.1852,5.608,542.89,560.03,11692.03,DEMO / SYNTHETIC DATA
DEMO_G_0283,18.5428857,73.8535584,379005,2050635,DEMO_WARD_03,DEMO Ward 03,31.135,0.3922,0.1495,35.81,52.96,0.1934,6.236,475.25,554.0,12468.01,DEMO / SYNTHETIC DATA
DEMO_G_0284,18.5428874,73.8538426,379035,2050635,DEMO_WARD_03,DEMO Ward 03,29.465,0.4483,-0.1219,54.04,22.83,0.2523,4.159,180.72,557.47,3228.58,DEMO / SYNTHETIC DATA
DEMO_G_0285,18.5428892,73.8541268,379065,2050635,DEMO_WARD_03,DEMO Ward 03,35.452,0.3291,0.0432,32.15,47.87,0.1985,4.748,408.09,566.04,7631.1,DEMO / SYNTHETIC DATA
DEMO_G_0286,18.5428909,73.854411,379095,2050635,DEMO_WARD_03,DEMO Ward 03,37.091,0.2734,0.2065,22.08,43.26,0.1478,6.788,613.79,555.44,9896.13,DEMO / SYNTHETIC DATA
DEMO_G_0287,18.5428926,73.8546952,379125,2050635,DEMO_WARD_03,DEMO Ward 03,34.916,0.2753,0.2548,34.37,50.16,0.2083,4.962,493.05,548.86,9376.61,DEMO / SYNTHETIC DATA
DEMO_G_0288,18.5428943,73.8549794,379155,2050635,DEMO_WARD_03,DEMO Ward 03,37.178,0.1876,0.3563,15.42,70.16,0.2074,8.677,392.72,555.48,19973.15,DEMO / SYNTHETIC DATA
DEMO_G_0289,18.5428961,73.8552637,379185,2050635,DEMO_WARD_03,DEMO Ward 03,33.7,0.2852,0.272,30.9,46.68,0.1834,5.348,369.02,556.73,12460.48,DEMO / SYNTHETIC DATA
DEMO_G_0290,18.5428978,73.8555479,379215,2050635,DEMO_WARD_03,DEMO Ward 03,36.893,0.1516,0.2464,5.0,48.72,0.1489,5.223,330.53,558.7,8194.37,DEMO / SYNTHETIC DATA
DEMO_G_0291,18.5428995,73.8558321,379245,2050635,DEMO_WARD_03,DEMO Ward 03,29.325,0.2742,0.1597,32.93,28.2,0.2581,4.992,283.87,553.39,10911.17,DEMO / SYNTHETIC DATA
DEMO_G_0292,18.5429012,73.8561163,379275,2050635,DEMO_WARD_03,DEMO Ward 03,38.708,-0.0019,0.4178,7.58,58.99,0.1996,7.497,440.72,558.16,16617.56,DEMO / SYNTHETIC DATA
DEMO_G_0293,18.542903,73.8564005,379305,2050635,DEMO_WARD_03,DEMO Ward 03,38.961,0.2273,0.2482,22.8,61.96,0.1605,6.23,381.62,554.96,10552.67,DEMO / SYNTHETIC DATA
DEMO_G_0294,18.5429047,73.8566847,379335,2050635,DEMO_WARD_03,DEMO Ward 03,38.48,0.0629,0.4658,10.91,92.01,0.2133,9.071,712.16,553.5,20792.82,DEMO / SYNTHETIC DATA
DEMO_G_0295,18.5429064,73.8569689,379365,2050635,DEMO_WARD_03,DEMO Ward 03,38.806,0.254,0.3924,28.07,72.37,0.1911,7.635,379.76,554.44,12869.69,DEMO / SYNTHETIC DATA
DEMO_G_0296,18.5429081,73.8572531,379395,2050635,DEMO_WARD_03,DEMO Ward 03,32.532,0.2575,0.1174,27.39,68.38,0.2017,6.377,257.95,559.15,13105.01,DEMO / SYNTHETIC DATA
DEMO_G_0297,18.5429098,73.8575373,379425,2050635,DEMO_WARD_03,DEMO Ward 03,36.873,0.2137,0.1954,42.6,83.54,0.2135,8.275,539.79,553.65,13820.16,DEMO / SYNTHETIC DATA
DEMO_G_0298,18.5429116,73.8578216,379455,2050635,DEMO_WARD_03,DEMO Ward 03,36.149,0.1567,0.2576,21.92,70.94,0.1852,8.515,389.63,547.77,16055.48,DEMO / SYNTHETIC DATA
DEMO_G_0299,18.5429133,73.8581058,379485,2050635,DEMO_WARD_03,DEMO Ward 03,39.525,0.0117,0.3374,18.14,84.79,0.194,9.727,511.83,552.24,19010.7,DEMO / SYNTHETIC DATA
DEMO_G_0300,18.542915,73.85839,379515,2050635,DEMO_WARD_03,DEMO Ward 03,34.23,0.209,0.1992,22.55,59.41,0.2117,5.061,261.19,554.43,17878.18,DEMO / SYNTHETIC DATA
DEMO_G_0301,18.543084,73.8416197,377745,2050665,DEMO_WARD_01,DEMO Ward 01,33.707,0.1213,0.1424,27.71,65.21,0.2186,4.761,306.42,556.56,14422.98,DEMO / SYNTHETIC DATA
DEMO_G_0302,18.5430857,73.8419039,377775,2050665,DEMO_WARD_01,DEMO Ward 01,35.43,0.3046,0.2739,14.73,57.02,0.2123,5.204,425.03,554.34,11626.07,DEMO / SYNTHETIC DATA
DEMO_G_0303,18.5430875,73.8421881,377805,2050665,DEMO_WARD_01,DEMO Ward 01,32.501,0.2593,0.2645,23.33,55.8,0.1753,6.181,484.52,562.62,13033.23,DEMO / SYNTHETIC DATA
DEMO_G_0304,18.5430892,73.8424723,377835,2050665,DEMO_WARD_01,DEMO Ward 01,36.842,0.1924,0.3549,13.87,48.01,0.2407,4.562,466.75,549.3,9983.44,DEMO / SYNTHETIC DATA
DEMO_G_0305,18.5430909,73.8427565,377865,2050665,DEMO_WARD_01,DEMO Ward 01,38.031,0.2341,0.1646,16.04,82.68,0.1847,5.92,185.02,561.19,11460.23,DEMO / SYNTHETIC DATA
DEMO_G_0306,18.5430927,73.8430408,377895,2050665,DEMO_WARD_01,DEMO Ward 01,37.68,0.1579,0.1408,12.07,63.3,0.1864,6.326,556.73,556.95,13412.24,DEMO / SYNTHETIC DATA
DEMO_G_0307,18.5430944,73.843325,377925,2050665,DEMO_WARD_01,DEMO Ward 01,37.382,0.098,0.3032,29.49,80.33,0.2678,6.678,559.84,561.21,15434.11,DEMO / SYNTHETIC DATA
DEMO_G_0308,18.5430962,73.8436092,377955,2050665,DEMO_WARD_01,DEMO Ward 01,35.469,0.2484,0.175,8.95,76.58,0.2328,2.454,408.15,557.14,13039.78,DEMO / SYNTHETIC DATA
DEMO_G_0309,18.5430979,73.8438934,377985,2050665,DEMO_WARD_01,DEMO Ward 01,34.679,0.2818,0.2311,25.95,58.64,0.1941,6.454,585.99,564.36,13926.75,DEMO / SYNTHETIC DATA
DEMO_G_0310,18.5430996,73.8441776,378015,2050665,DEMO_WARD_01,DEMO Ward 01,33.036,0.3427,0.218,36.17,69.65,0.2272,5.478,231.96,557.29,9057.86,DEMO / SYNTHETIC DATA
DEMO_G_0311,18.5431014,73.8444618,378045,2050665,DEMO_WARD_01,DEMO Ward 01,39.073,0.1989,0.2736,17.21,82.99,0.1434,6.655,266.44,551.3,12319.83,DEMO / SYNTHETIC DATA
DEMO_G_0312,18.5431031,73.844746,378075,2050665,DEMO_WARD_01,DEMO Ward 01,39.398,0.1262,0.2205,14.0,78.18,0.1982,7.752,441.26,556.98,17295.66,DEMO / SYNTHETIC DATA
DEMO_G_0313,18.5431049,73.8450302,378105,2050665,DEMO_WARD_01,DEMO Ward 01,40.117,0.1236,0.1777,23.41,65.35,0.1017,7.447,300.53,555.41,15716.76,DEMO / SYNTHETIC DATA
DEMO_G_0314,18.5431066,73.8453144,378135,2050665,DEMO_WARD_01,DEMO Ward 01,37.828,0.1104,0.1041,16.79,55.18,0.1899,6.003,301.64,556.01,11844.89,DEMO / SYNTHETIC DATA
DEMO_G_0315,18.5431083,73.8455987,378165,2050665,DEMO_WARD_01,DEMO Ward 01,40.097,-0.0178,0.331,5.45,65.65,0.2129,7.369,653.19,552.51,15548.09,DEMO / SYNTHETIC DATA
DEMO_G_0316,18.5431101,73.8458829,378195,2050665,DEMO_WARD_01,DEMO Ward 01,38.263,0.0254,0.3711,21.13,78.4,0.1762,5.356,522.31,543.66,20048.61,DEMO / SYNTHETIC DATA
DEMO_G_0317,18.5431118,73.8461671,378225,2050665,DEMO_WARD_01,DEMO Ward 01,36.573,0.1114,0.3042,11.16,70.81,0.2194,6.06,609.04,554.6,18362.67,DEMO / SYNTHETIC DATA
DEMO_G_0318,18.5431135,73.8464513,378255,2050665,DEMO_WARD_01,DEMO Ward 01,36.135,0.2532,0.2584,17.69,65.06,0.1992,5.805,373.39,551.34,17091.96,DEMO / SYNTHETIC DATA
DEMO_G_0319,18.5431153,73.8467355,378285,2050665,DEMO_WARD_01,DEMO Ward 01,37.448,-0.0795,0.423,0.0,87.68,0.2112,6.225,461.37,555.97,17003.06,DEMO / SYNTHETIC DATA
DEMO_G_0320,18.543117,73.8470197,378315,2050665,DEMO_WARD_01,DEMO Ward 01,36.918,0.1881,0.3405,25.11,84.84,0.2191,7.479,453.77,553.84,10586.89,DEMO / SYNTHETIC DATA
DEMO_G_0321,18.5431188,73.8473039,378345,2050665,DEMO_WARD_02,DEMO Ward 02,34.323,0.2508,0.0998,20.04,69.81,0.2413,7.725,366.7,553.34,16160.67,DEMO / SYNTHETIC DATA
DEMO_G_0322,18.5431205,73.8475881,378375,2050665,DEMO_WARD_02,DEMO Ward 02,38.046,0.0495,0.2807,17.39,83.23,0.2191,7.509,512.38,549.29,15422.99,DEMO / SYNTHETIC DATA
DEMO_G_0323,18.5431222,73.8478723,378405,2050665,DEMO_WARD_02,DEMO Ward 02,34.462,0.3193,0.2177,22.02,77.71,0.2363,4.365,432.46,552.07,10823.97,DEMO / SYNTHETIC DATA
DEMO_G_0324,18.543124,73.8481566,378435,2050665,DEMO_WARD_02,DEMO Ward 02,35.092,0.2087,0.4001,21.86,61.6,0.2305,4.735,507.57,554.61,13450.97,DEMO / SYNTHETIC DATA
DEMO_G_0325,18.5431257,73.8484408,378465,2050665,DEMO_WARD_02,DEMO Ward 02,38.464,0.065,0.339,13.19,73.58,0.2296,6.614,429.3,569.03,14627.04,DEMO / SYNTHETIC DATA
DEMO_G_0326,18.5431274,73.848725,378495,2050665,DEMO_WARD_02,DEMO Ward 02,34.014,0.3791,0.1673,35.46,50.42,0.1612,5.318,454.09,554.45,10699.2,DEMO / SYNTHETIC DATA
DEMO_G_0327,18.5431292,73.8490092,378525,2050665,DEMO_WARD_02,DEMO Ward 02,35.147,0.1256,0.2593,22.79,76.1,0.2652,7.286,597.65,562.06,17603.89,DEMO / SYNTHETIC DATA
DEMO_G_0328,18.5431309,73.8492934,378555,2050665,DEMO_WARD_02,DEMO Ward 02,35.242,0.2718,0.2656,28.22,48.12,0.2218,4.833,268.22,554.48,9779.27,DEMO / SYNTHETIC DATA
DEMO_G_0329,18.5431326,73.8495776,378585,2050665,DEMO_WARD_02,DEMO Ward 02,35.311,0.1235,0.2103,15.4,52.69,0.1355,6.259,472.82,558.64,11766.08,DEMO / SYNTHETIC DATA
DEMO_G_0330,18.5431343,73.8498618,378615,2050665,DEMO_WARD_02,DEMO Ward 02,35.041,0.1653,0.2542,23.68,56.66,0.2307,7.286,421.81,551.84,15363.13,DEMO / SYNTHETIC DATA
DEMO_G_0331,18.5431361,73.850146,378645,2050665,DEMO_WARD_02,DEMO Ward 02,35.324,0.2816,0.2378,23.99,46.0,0.1671,3.426,246.01,555.75,12867.72,DEMO / SYNTHETIC DATA
DEMO_G_0332,18.5431378,73.8504302,378675,2050665,DEMO_WARD_02,DEMO Ward 02,37.823,0.2387,0.2488,0.0,63.66,0.1032,5.868,433.94,557.44,9797.2,DEMO / SYNTHETIC DATA
DEMO_G_0333,18.5431395,73.8507145,378705,2050665,DEMO_WARD_02,DEMO Ward 02,36.18,0.1795,0.2087,23.7,48.93,0.118,6.105,470.5,551.75,11587.83,DEMO / SYNTHETIC DATA
DEMO_G_0334,18.5431413,73.8509987,378735,2050665,DEMO_WARD_02,DEMO Ward 02,35.709,0.1612,0.1344,21.51,50.64,0.1526,5.733,461.37,551.09,16389.8,DEMO / SYNTHETIC DATA
DEMO_G_0335,18.543143,73.8512829,378765,2050665,DEMO_WARD_02,DEMO Ward 02,32.664,0.2085,-0.0323,12.9,42.06,0.2145,6.596,330.39,555.47,10697.76,DEMO / SYNTHETIC DATA
DEMO_G_0336,18.5431447,73.8515671,378795,2050665,DEMO_WARD_02,DEMO Ward 02,34.097,0.3471,0.1068,15.78,48.23,0.2125,4.978,182.37,556.39,11779.62,DEMO / SYNTHETIC DATA
DEMO_G_0337,18.5431465,73.8518513,378825,2050665,DEMO_WARD_02,DEMO Ward 02,30.956,0.3949,0.1708,37.71,43.55,0.1818,3.915,384.47,556.43,12494.38,DEMO / SYNTHETIC DATA
DEMO_G_0338,18.5431482,73.8521355,378855,2050665,DEMO_WARD_02,DEMO Ward 02,32.225,0.0846,0.17,23.34,63.25,0.1672,6.916,446.58,557.13,19375.94,DEMO / SYNTHETIC DATA
DEMO_G_0339,18.5431499,73.8524197,378885,2050665,DEMO_WARD_02,DEMO Ward 02,32.969,0.1778,0.2004,22.79,50.34,0.1839,5.099,420.14,553.37,11626.31,DEMO / SYNTHETIC DATA
DEMO_G_0340,18.5431516,73.8527039,378915,2050665,DEMO_WARD_02,DEMO Ward 02,34.812,0.2696,0.2152,21.86,53.95,0.2171,4.567,239.72,554.35,10924.45,DEMO / SYNTHETIC DATA
DEMO_G_0341,18.5431534,73.8529882,378945,2050665,DEMO_WARD_03,DEMO Ward 03,35.806,0.1756,0.289,31.5,38.26,0.196,5.145,216.98,551.97,8054.94,DEMO / SYNTHETIC DATA
DEMO_G_0342,18.5431551,73.8532724,378975,2050665,DEMO_WARD_03,DEMO Ward 03,34.361,0.3209,0.098,29.82,46.79,0.2717,6.036,552.43,552.62,8648.85,DEMO / SYNTHETIC DATA
DEMO_G_0343,18.5431568,73.8535566,379005,2050665,DEMO_WARD_03,DEMO Ward 03,33.138,0.1006,-0.0378,24.33,43.84,0.1998,4.028,525.94,555.41,9218.82,DEMO / SYNTHETIC DATA
DEMO_G_0344,18.5431585,73.8538408,379035,2050665,DEMO_WARD_03,DEMO Ward 03,34.081,0.2081,0.2513,16.47,47.46,0.1612,4.81,265.02,559.6,12503.23,DEMO / SYNTHETIC DATA
DEMO_G_0345,18.5431603,73.854125,379065,2050665,DEMO_WARD_03,DEMO Ward 03,32.643,0.271,0.1158,22.36,40.03,0.1494,3.681,394.68,556.57,11069.12,DEMO / SYNTHETIC DATA
DEMO_G_0346,18.543162,73.8544092,379095,2050665,DEMO_WARD_03,DEMO Ward 03,39.366,0.0091,0.2609,1.68,55.08,0.1645,5.499,438.3,562.03,12294.89,DEMO / SYNTHETIC DATA
DEMO_G_0347,18.5431637,73.8546934,379125,2050665,DEMO_WARD_03,DEMO Ward 03,33.41,0.2919,0.1991,21.42,73.35,0.2489,5.256,343.1,552.02,17237.49,DEMO / SYNTHETIC DATA
DEMO_G_0348,18.5431654,73.8549776,379155,2050665,DEMO_WARD_03,DEMO Ward 03,37.361,0.193,0.3686,14.22,65.48,0.2298,6.419,261.1,554.3,12392.67,DEMO / SYNTHETIC DATA
DEMO_G_0349,18.5431672,73.8552618,379185,2050665,DEMO_WARD_03,DEMO Ward 03,37.621,0.1707,0.4166,13.43,64.52,0.2394,7.66,510.33,552.64,10702.34,DEMO / SYNTHETIC DATA
DEMO_G_0350,18.5431689,73.8555461,379215,2050665,DEMO_WARD_03,DEMO Ward 03,36.1,0.3028,0.2131,23.74,65.36,0.1924,6.437,366.5,557.93,11515.64,DEMO / SYNTHETIC DATA
DEMO_G_0351,18.5431706,73.8558303,379245,2050665,DEMO_WARD_03,DEMO Ward 03,41.445,0.1423,0.4054,21.36,72.45,0.2118,4.404,351.82,554.47,9441.04,DEMO / SYNTHETIC DATA
DEMO_G_0352,18.5431723,73.8561145,379275,2050665,DEMO_WARD_03,DEMO Ward 03,37.339,0.1731,0.1657,10.22,60.27,0.2059,5.918,375.7,554.22,10434.69,DEMO / SYNTHETIC DATA
DEMO_G_0353,18.543174,73.8563987,379305,2050665,DEMO_WARD_03,DEMO Ward 03,37.42,0.0618,0.1831,15.12,67.4,0.1996,6.336,194.49,556.43,12302.65,DEMO / SYNTHETIC DATA
DEMO_G_0354,18.5431758,73.8566829,379335,2050665,DEMO_WARD_03,DEMO Ward 03,39.12,0.1864,0.4521,21.16,71.86,0.175,6.813,445.66,560.2,12587.86,DEMO / SYNTHETIC DATA
DEMO_G_0355,18.5431775,73.8569671,379365,2050665,DEMO_WARD_03,DEMO Ward 03,39.151,0.1754,0.3876,28.36,82.11,0.1822,7.565,446.76,552.15,14912.21,DEMO / SYNTHETIC DATA
DEMO_G_0356,18.5431792,73.8572513,379395,2050665,DEMO_WARD_03,DEMO Ward 03,41.719,-0.0104,0.3362,18.52,87.55,0.1867,8.262,651.02,553.45,21744.52,DEMO / SYNTHETIC DATA
DEMO_G_0357,18.5431809,73.8575355,379425,2050665,DEMO_WARD_03,DEMO Ward 03,40.909,0.1714,0.3621,39.32,76.03,0.1682,9.222,355.46,565.05,18046.38,DEMO / SYNTHETIC DATA
DEMO_G_0358,18.5431826,73.8578198,379455,2050665,DEMO_WARD_03,DEMO Ward 03,37.046,0.213,0.1246,36.26,77.46,0.2017,7.866,496.69,561.41,14350.23,DEMO / SYNTHETIC DATA
DEMO_G_0359,18.5431844,73.858104,379485,2050665,DEMO_WARD_03,DEMO Ward 03,33.77,0.3588,0.063,29.41,47.85,0.2368,5.073,181.44,551.38,11142.65,DEMO / SYNTHETIC DATA
DEMO_G_0360,18.5431861,73.8583882,379515,2050665,DEMO_WARD_03,DEMO Ward 03,38.734,0.0982,0.428,15.22,91.41,0.2582,6.883,601.86,558.51,19566.08,DEMO / SYNTHETIC DATA
DEMO_G_0361,18.5433551,73.8416179,377745,2050695,DEMO_WARD_01,DEMO Ward 01,31.911,0.2939,0.1383,29.74,54.48,0.2143,4.401,356.13,556.59,12812.64,DEMO / SYNTHETIC DATA
DEMO_G_0362,18.5433568,73.8419021,377775,2050695,DEMO_WARD_01,DEMO Ward 01,35.2,0.1619,0.0778,23.88,55.46,0.1911,5.239,381.52,561.06,11798.81,DEMO / SYNTHETIC DATA
DEMO_G_0363,18.5433585,73.8421863,377805,2050695,DEMO_WARD_01,DEMO Ward 01,35.134,0.3324,0.1738,22.71,40.23,0.2654,5.556,395.12,553.24,13824.31,DEMO / SYNTHETIC DATA
DEMO_G_0364,18.5433603,73.8424705,377835,2050695,DEMO_WARD_01,DEMO Ward 01,37.178,0.184,0.2433,16.75,70.2,0.1661,5.786,347.29,556.51,13759.99,DEMO / SYNTHETIC DATA
DEMO_G_0365,18.543362,73.8427547,377865,2050695,DEMO_WARD_01,DEMO Ward 01,32.397,0.246,0.1815,26.82,52.18,0.2544,5.518,411.45,555.48,13995.17,DEMO / SYNTHETIC DATA
DEMO_G_0366,18.5433638,73.8430389,377895,2050695,DEMO_WARD_01,DEMO Ward 01,37.093,0.0422,0.2333,14.36,59.34,0.1535,4.507,462.66,553.78,16699.78,DEMO / SYNTHETIC DATA
DEMO_G_0367,18.5433655,73.8433231,377925,2050695,DEMO_WARD_01,DEMO Ward 01,35.323,0.1613,0.356,25.66,70.27,0.2152,6.267,282.92,558.51,13138.55,DEMO / SYNTHETIC DATA
DEMO_G_0368,18.5433673,73.8436074,377955,2050695,DEMO_WARD_01,DEMO Ward 01,33.347,0.0937,0.2334,24.48,50.18,0.1931,7.15,443.3,553.9,9324.89,DEMO / SYNTHETIC DATA
DEMO_G_0369,18.543369,73.8438916,377985,2050695,DEMO_WARD_01,DEMO Ward 01,37.51,0.1105,0.1063,38.44,62.85,0.08,6.73,395.72,557.24,15217.27,DEMO / SYNTHETIC DATA
DEMO_G_0370,18.5433707,73.8441758,378015,2050695,DEMO_WARD_01,DEMO Ward 01,38.391,0.1376,0.4116,25.8,81.01,0.2185,8.779,386.33,559.02,16220.15,DEMO / SYNTHETIC DATA
DEMO_G_0371,18.5433725,73.84446,378045,2050695,DEMO_WARD_01,DEMO Ward 01,37.493,0.1946,0.2827,0.0,55.06,0.2036,5.833,333.61,554.79,14083.67,DEMO / SYNTHETIC DATA
DEMO_G_0372,18.5433742,73.8447442,378075,2050695,DEMO_WARD_01,DEMO Ward 01,35.839,0.0034,0.3077,7.16,72.32,0.2261,7.158,377.27,556.47,13607.66,DEMO / SYNTHETIC DATA
DEMO_G_0373,18.543376,73.8450284,378105,2050695,DEMO_WARD_01,DEMO Ward 01,36.262,0.0505,0.3083,16.98,66.12,0.1714,8.771,503.05,562.95,17144.47,DEMO / SYNTHETIC DATA
DEMO_G_0374,18.5433777,73.8453126,378135,2050695,DEMO_WARD_01,DEMO Ward 01,35.702,0.2211,0.2969,20.34,77.98,0.2076,7.823,663.72,555.37,18698.37,DEMO / SYNTHETIC DATA
DEMO_G_0375,18.5433794,73.8455968,378165,2050695,DEMO_WARD_01,DEMO Ward 01,38.029,-0.0211,0.3401,26.15,72.9,0.2099,6.055,587.96,559.5,21419.84,DEMO / SYNTHETIC DATA
DEMO_G_0376,18.5433812,73.845881,378195,2050695,DEMO_WARD_01,DEMO Ward 01,37.906,0.24,0.3868,23.04,73.76,0.1781,8.061,348.58,550.49,17706.16,DEMO / SYNTHETIC DATA
DEMO_G_0377,18.5433829,73.8461653,378225,2050695,DEMO_WARD_01,DEMO Ward 01,33.123,0.3493,0.3575,31.44,47.0,0.2686,6.08,333.68,561.1,11894.79,DEMO / SYNTHETIC DATA
DEMO_G_0378,18.5433846,73.8464495,378255,2050695,DEMO_WARD_01,DEMO Ward 01,37.466,0.1634,0.2784,13.9,80.07,0.2139,8.817,524.09,556.2,12804.12,DEMO / SYNTHETIC DATA
DEMO_G_0379,18.5433864,73.8467337,378285,2050695,DEMO_WARD_01,DEMO Ward 01,35.742,0.0243,0.2841,19.11,42.95,0.2134,4.539,388.18,546.76,12256.91,DEMO / SYNTHETIC DATA
DEMO_G_0380,18.5433881,73.8470179,378315,2050695,DEMO_WARD_01,DEMO Ward 01,38.994,0.1065,0.1852,8.59,65.03,0.2038,5.615,471.79,554.59,12676.06,DEMO / SYNTHETIC DATA
DEMO_G_0381,18.5433898,73.8473021,378345,2050695,DEMO_WARD_02,DEMO Ward 02,38.587,0.0457,0.4659,7.47,78.78,0.1717,8.796,579.14,557.61,14904.23,DEMO / SYNTHETIC DATA
DEMO_G_0382,18.5433916,73.8475863,378375,2050695,DEMO_WARD_02,DEMO Ward 02,40.586,0.0451,0.5071,10.06,77.38,0.1879,6.651,714.49,556.45,12672.0,DEMO / SYNTHETIC DATA
DEMO_G_0383,18.5433933,73.8478705,378405,2050695,DEMO_WARD_02,DEMO Ward 02,36.698,0.1527,0.3056,22.03,57.3,0.1338,6.542,507.18,551.87,12079.51,DEMO / SYNTHETIC DATA
DEMO_G_0384,18.543395,73.8481547,378435,2050695,DEMO_WARD_02,DEMO Ward 02,37.105,0.1897,0.2703,21.67,58.8,0.1249,5.236,401.72,558.82,14025.13,DEMO / SYNTHETIC DATA
DEMO_G_0385,18.5433968,73.8484389,378465,2050695,DEMO_WARD_02,DEMO Ward 02,38.785,0.2997,0.4923,23.32,75.48,0.2033,6.636,538.49,555.12,13141.55,DEMO / SYNTHETIC DATA
DEMO_G_0386,18.5433985,73.8487232,378495,2050695,DEMO_WARD_02,DEMO Ward 02,34.187,0.1525,0.2845,24.59,46.73,0.2334,7.594,467.51,554.2,10415.78,DEMO / SYNTHETIC DATA
DEMO_G_0387,18.5434002,73.8490074,378525,2050695,DEMO_WARD_02,DEMO Ward 02,33.077,0.3388,0.1307,23.07,54.36,0.1716,5.792,365.68,558.92,8231.58,DEMO / SYNTHETIC DATA
DEMO_G_0388,18.543402,73.8492916,378555,2050695,DEMO_WARD_02,DEMO Ward 02,34.155,0.2117,0.1665,35.1,45.5,0.2357,5.732,228.55,558.21,12830.83,DEMO / SYNTHETIC DATA
DEMO_G_0389,18.5434037,73.8495758,378585,2050695,DEMO_WARD_02,DEMO Ward 02,35.561,0.1461,0.0819,24.8,71.16,0.1521,5.694,393.79,560.8,15087.81,DEMO / SYNTHETIC DATA
DEMO_G_0390,18.5434054,73.84986,378615,2050695,DEMO_WARD_02,DEMO Ward 02,32.344,0.2446,0.2033,28.38,55.59,0.2557,5.453,407.6,561.07,16604.11,DEMO / SYNTHETIC DATA
DEMO_G_0391,18.5434072,73.8501442,378645,2050695,DEMO_WARD_02,DEMO Ward 02,33.064,0.3468,0.1366,35.65,48.89,0.1907,2.747,221.15,557.14,9576.11,DEMO / SYNTHETIC DATA
DEMO_G_0392,18.5434089,73.8504284,378675,2050695,DEMO_WARD_02,DEMO Ward 02,37.29,0.171,0.27,20.49,60.54,0.1942,5.668,442.37,566.14,6207.37,DEMO / SYNTHETIC DATA
DEMO_G_0393,18.5434106,73.8507126,378705,2050695,DEMO_WARD_02,DEMO Ward 02,32.139,0.3741,0.1283,21.1,47.68,0.1967,4.892,263.34,561.98,10574.46,DEMO / SYNTHETIC DATA
DEMO_G_0394,18.5434124,73.8509969,378735,2050695,DEMO_WARD_02,DEMO Ward 02,37.89,0.1114,0.3454,15.88,60.65,0.144,7.232,311.23,562.31,13773.96,DEMO / SYNTHETIC DATA
DEMO_G_0395,18.5434141,73.8512811,378765,2050695,DEMO_WARD_02,DEMO Ward 02,32.838,0.3123,0.2961,38.87,61.91,0.1839,6.127,450.51,553.56,13318.82,DEMO / SYNTHETIC DATA
DEMO_G_0396,18.5434158,73.8515653,378795,2050695,DEMO_WARD_02,DEMO Ward 02,35.199,0.0857,0.3842,18.62,62.89,0.177,4.416,418.02,555.68,16034.1,DEMO / SYNTHETIC DATA
DEMO_G_0397,18.5434175,73.8518495,378825,2050695,DEMO_WARD_02,DEMO Ward 02,34.616,0.3071,0.081,40.99,48.22,0.1634,2.259,296.55,562.7,11102.54,DEMO / SYNTHETIC DATA
DEMO_G_0398,18.5434193,73.8521337,378855,2050695,DEMO_WARD_02,DEMO Ward 02,32.218,0.4044,0.088,39.01,48.87,0.1765,6.001,244.95,557.83,10608.71,DEMO / SYNTHETIC DATA
DEMO_G_0399,18.543421,73.8524179,378885,2050695,DEMO_WARD_02,DEMO Ward 02,32.029,0.4831,0.1428,50.33,48.28,0.2492,4.633,321.38,554.31,10412.47,DEMO / SYNTHETIC DATA
DEMO_G_0400,18.5434227,73.8527021,378915,2050695,DEMO_WARD_02,DEMO Ward 02,38.2,0.1515,0.233,17.2,67.96,0.1369,7.253,367.52,561.1,9844.22,DEMO / SYNTHETIC DATA
DEMO_G_0401,18.5434245,73.8529863,378945,2050695,DEMO_WARD_03,DEMO Ward 03,32.321,0.2705,0.3304,30.25,28.48,0.1792,6.457,187.37,557.46,11712.53,DEMO / SYNTHETIC DATA
DEMO_G_0402,18.5434262,73.8532706,378975,2050695,DEMO_WARD_03,DEMO Ward 03,35.091,0.3417,0.2685,41.34,53.39,0.1896,3.041,229.92,556.06,13778.36,DEMO / SYNTHETIC DATA
DEMO_G_0403,18.5434279,73.8535548,379005,2050695,DEMO_WARD_03,DEMO Ward 03,37.958,0.0394,0.3444,11.86,78.32,0.2107,7.738,411.31,554.79,16046.49,DEMO / SYNTHETIC DATA
DEMO_G_0404,18.5434296,73.853839,379035,2050695,DEMO_WARD_03,DEMO Ward 03,34.617,0.1366,0.1351,13.13,63.56,0.1975,5.229,316.75,555.61,9568.85,DEMO / SYNTHETIC DATA
DEMO_G_0405,18.5434314,73.8541232,379065,2050695,DEMO_WARD_03,DEMO Ward 03,35.126,0.3587,0.2327,29.21,38.94,0.2117,5.8,251.49,554.51,13275.96,DEMO / SYNTHETIC DATA
DEMO_G_0406,18.5434331,73.8544074,379095,2050695,DEMO_WARD_03,DEMO Ward 03,33.048,0.1655,0.1286,33.8,65.02,0.1956,6.27,240.24,554.13,16120.61,DEMO / SYNTHETIC DATA
DEMO_G_0407,18.5434348,73.8546916,379125,2050695,DEMO_WARD_03,DEMO Ward 03,37.141,0.0064,0.2771,0.0,58.07,0.1452,6.742,453.75,557.78,15463.07,DEMO / SYNTHETIC DATA
DEMO_G_0408,18.5434365,73.8549758,379155,2050695,DEMO_WARD_03,DEMO Ward 03,33.662,0.3228,0.0949,15.17,52.94,0.2256,6.558,309.15,553.78,11922.14,DEMO / SYNTHETIC DATA
DEMO_G_0409,18.5434382,73.85526,379185,2050695,DEMO_WARD_03,DEMO Ward 03,35.957,0.1715,0.3035,8.7,73.86,0.1889,5.9,454.54,555.08,10100.17,DEMO / SYNTHETIC DATA
DEMO_G_0410,18.54344,73.8555443,379215,2050695,DEMO_WARD_03,DEMO Ward 03,32.679,0.4597,0.1543,47.05,39.46,0.2343,6.233,504.92,554.94,11323.88,DEMO / SYNTHETIC DATA
DEMO_G_0411,18.5434417,73.8558285,379245,2050695,DEMO_WARD_03,DEMO Ward 03,34.53,0.2179,0.235,6.36,62.25,0.1561,7.75,421.66,559.87,9835.64,DEMO / SYNTHETIC DATA
DEMO_G_0412,18.5434434,73.8561127,379275,2050695,DEMO_WARD_03,DEMO Ward 03,36.333,0.273,0.256,14.8,66.15,0.1763,6.605,603.34,555.62,17331.66,DEMO / SYNTHETIC DATA
DEMO_G_0413,18.5434451,73.8563969,379305,2050695,DEMO_WARD_03,DEMO Ward 03,36.322,0.1456,0.2812,34.35,61.23,0.1492,4.261,352.7,561.3,14608.87,DEMO / SYNTHETIC DATA
DEMO_G_0414,18.5434469,73.8566811,379335,2050695,DEMO_WARD_03,DEMO Ward 03,37.749,0.2413,0.4742,25.55,74.13,0.1734,6.439,553.05,561.5,13403.79,DEMO / SYNTHETIC DATA
DEMO_G_0415,18.5434486,73.8569653,379365,2050695,DEMO_WARD_03,DEMO Ward 03,35.789,0.2048,0.2409,12.16,60.25,0.2087,5.464,389.01,554.98,11503.39,DEMO / SYNTHETIC DATA
DEMO_G_0416,18.5434503,73.8572495,379395,2050695,DEMO_WARD_03,DEMO Ward 03,35.605,0.3091,0.2895,26.82,68.0,0.2008,5.319,361.43,553.27,9087.92,DEMO / SYNTHETIC DATA
DEMO_G_0417,18.543452,73.8575337,379425,2050695,DEMO_WARD_03,DEMO Ward 03,39.101,0.1564,0.3858,15.34,79.98,0.1617,7.497,460.87,554.78,11643.62,DEMO / SYNTHETIC DATA
DEMO_G_0418,18.5434537,73.857818,379455,2050695,DEMO_WARD_03,DEMO Ward 03,38.766,0.1652,0.3934,17.75,94.08,0.1477,8.887,500.74,554.07,18369.59,DEMO / SYNTHETIC DATA
DEMO_G_0419,18.5434555,73.8581022,379485,2050695,DEMO_WARD_03,DEMO Ward 03,36.414,0.023,0.1994,21.32,78.74,0.1879,7.069,650.59,551.89,17564.65,DEMO / SYNTHETIC DATA
DEMO_G_0420,18.5434572,73.8583864,379515,2050695,DEMO_WARD_03,DEMO Ward 03,37.543,0.1977,0.4072,19.62,78.51,0.1687,5.749,429.54,556.81,13047.16,DEMO / SYNTHETIC DATA
DEMO_G_0421,18.5436262,73.841616,377745,2050725,DEMO_WARD_01,DEMO Ward 01,29.917,0.4534,0.0439,42.07,52.54,0.1666,2.812,101.08,564.48,8612.36,DEMO / SYNTHETIC DATA
DEMO_G_0422,18.5436279,73.8419003,377775,2050725,DEMO_WARD_01,DEMO Ward 01,36.575,0.1905,0.2758,8.49,71.32,0.238,4.516,297.47,553.38,17556.43,DEMO / SYNTHETIC DATA
DEMO_G_0423,18.5436296,73.8421845,377805,2050725,DEMO_WARD_01,DEMO Ward 01,34.779,0.2204,0.2304,11.31,49.16,0.1431,5.46,592.91,560.6,12889.81,DEMO / SYNTHETIC DATA
DEMO_G_0424,18.5436314,73.8424687,377835,2050725,DEMO_WARD_01,DEMO Ward 01,34.386,0.3373,0.4095,29.96,51.77,0.2017,6.689,473.56,555.54,12038.03,DEMO / SYNTHETIC DATA
DEMO_G_0425,18.5436331,73.8427529,377865,2050725,DEMO_WARD_01,DEMO Ward 01,35.387,0.042,0.3244,13.97,67.55,0.216,5.621,635.53,562.84,16194.1,DEMO / SYNTHETIC DATA
DEMO_G_0426,18.5436349,73.8430371,377895,2050725,DEMO_WARD_01,DEMO Ward 01,37.498,0.2523,0.0598,31.88,71.71,0.1809,4.578,367.75,551.06,11357.32,DEMO / SYNTHETIC DATA
DEMO_G_0427,18.5436366,73.8433213,377925,2050725,DEMO_WARD_01,DEMO Ward 01,36.888,0.0613,0.2712,8.65,55.04,0.2032,5.062,296.71,558.1,12835.13,DEMO / SYNTHETIC DATA
DEMO_G_0428,18.5436383,73.8436055,377955,2050725,DEMO_WARD_01,DEMO Ward 01,32.862,0.2384,0.2643,34.38,60.43,0.2914,4.395,285.38,559.95,12474.72,DEMO / SYNTHETIC DATA
DEMO_G_0429,18.5436401,73.8438897,377985,2050725,DEMO_WARD_01,DEMO Ward 01,37.013,0.2294,0.2718,18.01,83.11,0.17,7.523,463.92,555.88,10370.25,DEMO / SYNTHETIC DATA
DEMO_G_0430,18.5436418,73.844174,378015,2050725,DEMO_WARD_01,DEMO Ward 01,35.918,0.1771,0.1839,12.14,62.28,0.1599,7.529,578.42,549.61,8145.05,DEMO / SYNTHETIC DATA
DEMO_G_0431,18.5436436,73.8444582,378045,2050725,DEMO_WARD_01,DEMO Ward 01,33.749,0.2649,0.2259,28.08,65.76,0.2789,5.368,315.22,556.67,13736.2,DEMO / SYNTHETIC DATA
DEMO_G_0432,18.5436453,73.8447424,378075,2050725,DEMO_WARD_01,DEMO Ward 01,33.69,0.2947,0.1211,15.81,50.45,0.2037,3.434,520.43,560.85,8695.9,DEMO / SYNTHETIC DATA
DEMO_G_0433,18.543647,73.8450266,378105,2050725,DEMO_WARD_01,DEMO Ward 01,36.164,0.256,0.1102,26.42,66.52,0.1995,5.85,368.97,553.81,17965.21,DEMO / SYNTHETIC DATA
DEMO_G_0434,18.5436488,73.8453108,378135,2050725,DEMO_WARD_01,DEMO Ward 01,40.71,0.0527,0.3638,14.12,74.92,0.1535,5.454,438.46,557.23,16526.55,DEMO / SYNTHETIC DATA
DEMO_G_0435,18.5436505,73.845595,378165,2050725,DEMO_WARD_01,DEMO Ward 01,38.437,0.1109,0.4367,13.03,75.58,0.083,7.418,406.66,564.23,18651.64,DEMO / SYNTHETIC DATA
DEMO_G_0436,18.5436523,73.8458792,378195,2050725,DEMO_WARD_01,DEMO Ward 01,36.933,0.1566,0.412,7.0,57.64,0.2475,8.08,262.69,562.46,14411.57,DEMO / SYNTHETIC DATA
DEMO_G_0437,18.543654,73.8461634,378225,2050725,DEMO_WARD_01,DEMO Ward 01,35.873,0.1813,0.2459,26.74,63.37,0.1137,3.932,319.46,561.43,14869.49,DEMO / SYNTHETIC DATA
DEMO_G_0438,18.5436557,73.8464476,378255,2050725,DEMO_WARD_01,DEMO Ward 01,36.59,0.1651,0.4341,15.83,71.25,0.2555,7.784,402.2,561.99,11556.53,DEMO / SYNTHETIC DATA
DEMO_G_0439,18.5436575,73.8467319,378285,2050725,DEMO_WARD_01,DEMO Ward 01,31.196,0.1968,0.1114,32.44,40.52,0.1626,6.116,410.89,558.0,9641.07,DEMO / SYNTHETIC DATA
DEMO_G_0440,18.5436592,73.8470161,378315,2050725,DEMO_WARD_01,DEMO Ward 01,37.438,0.1715,0.4892,14.91,61.94,0.219,6.828,498.5,553.91,13784.59,DEMO / SYNTHETIC DATA
DEMO_G_0441,18.5436609,73.8473003,378345,2050725,DEMO_WARD_02,DEMO Ward 02,36.46,-0.0175,0.3635,1.12,79.75,0.2396,6.936,345.66,560.63,11421.58,DEMO / SYNTHETIC DATA
DEMO_G_0442,18.5436627,73.8475845,378375,2050725,DEMO_WARD_02,DEMO Ward 02,35.861,0.2108,0.2704,12.71,72.12,0.149,6.251,413.6,561.95,12683.36,DEMO / SYNTHETIC DATA
DEMO_G_0443,18.5436644,73.8478687,378405,2050725,DEMO_WARD_02,DEMO Ward 02,34.724,0.2253,0.1065,25.15,39.69,0.1909,4.308,179.05,563.25,9172.71,DEMO / SYNTHETIC DATA
DEMO_G_0444,18.5436661,73.8481529,378435,2050725,DEMO_WARD_02,DEMO Ward 02,34.797,0.1822,0.3628,19.96,82.1,0.2237,6.714,496.01,559.85,13713.71,DEMO / SYNTHETIC DATA
DEMO_G_0445,18.5436679,73.8484371,378465,2050725,DEMO_WARD_02,DEMO Ward 02,38.421,0.0078,0.2596,1.86,82.64,0.1703,8.993,297.19,559.51,18302.49,DEMO / SYNTHETIC DATA
DEMO_G_0446,18.5436696,73.8487213,378495,2050725,DEMO_WARD_02,DEMO Ward 02,34.638,0.3202,0.3013,18.06,54.56,0.2234,5.743,379.45,557.2,13132.47,DEMO / SYNTHETIC DATA
DEMO_G_0447,18.5436713,73.8490056,378525,2050725,DEMO_WARD_02,DEMO Ward 02,34.047,0.2054,0.2164,35.23,50.03,0.2174,4.926,258.25,554.07,14644.41,DEMO / SYNTHETIC DATA
DEMO_G_0448,18.5436731,73.8492898,378555,2050725,DEMO_WARD_02,DEMO Ward 02,32.282,0.3765,0.2127,34.49,73.03,0.2231,3.313,317.82,555.98,15978.59,DEMO / SYNTHETIC DATA
DEMO_G_0449,18.5436748,73.849574,378585,2050725,DEMO_WARD_02,DEMO Ward 02,30.434,0.3555,0.2102,36.21,44.72,0.1786,3.579,355.78,561.05,3667.96,DEMO / SYNTHETIC DATA
DEMO_G_0450,18.5436765,73.8498582,378615,2050725,DEMO_WARD_02,DEMO Ward 02,39.002,0.0564,0.2073,0.0,77.09,0.1979,6.402,416.03,559.69,17231.54,DEMO / SYNTHETIC DATA
DEMO_G_0451,18.5436783,73.8501424,378645,2050725,DEMO_WARD_02,DEMO Ward 02,37.115,0.3449,-0.0631,16.32,57.38,0.1618,6.568,344.64,557.62,11871.21,DEMO / SYNTHETIC DATA
DEMO_G_0452,18.54368,73.8504266,378675,2050725,DEMO_WARD_02,DEMO Ward 02,33.995,0.0921,0.2194,9.11,71.97,0.2308,6.674,300.87,561.9,15300.63,DEMO / SYNTHETIC DATA
DEMO_G_0453,18.5436817,73.8507108,378705,2050725,DEMO_WARD_02,DEMO Ward 02,37.59,0.1521,0.358,18.39,82.23,0.1457,5.16,451.57,565.03,14091.18,DEMO / SYNTHETIC DATA
DEMO_G_0454,18.5436834,73.850995,378735,2050725,DEMO_WARD_02,DEMO Ward 02,35.593,0.3199,0.1425,16.29,55.63,0.2015,4.901,469.41,552.14,9923.84,DEMO / SYNTHETIC DATA
DEMO_G_0455,18.5436852,73.8512793,378765,2050725,DEMO_WARD_02,DEMO Ward 02,30.051,0.3151,0.0998,39.26,44.66,0.2169,7.48,236.92,557.26,12146.27,DEMO / SYNTHETIC DATA
DEMO_G_0456,18.5436869,73.8515635,378795,2050725,DEMO_WARD_02,DEMO Ward 02,38.116,0.0855,0.1496,2.45,63.89,0.1875,6.106,302.66,551.03,10685.07,DEMO / SYNTHETIC DATA
DEMO_G_0457,18.5436886,73.8518477,378825,2050725,DEMO_WARD_02,DEMO Ward 02,32.796,0.2875,0.2069,24.9,65.43,0.2483,4.725,166.43,555.87,7612.17,DEMO / SYNTHETIC DATA
DEMO_G_0458,18.5436904,73.8521319,378855,2050725,DEMO_WARD_02,DEMO Ward 02,34.993,0.0881,0.2929,4.31,69.14,0.202,6.996,544.79,560.43,12251.27,DEMO / SYNTHETIC DATA
DEMO_G_0459,18.5436921,73.8524161,378885,2050725,DEMO_WARD_02,DEMO Ward 02,35.431,0.1498,0.1852,14.7,60.71,0.183,6.107,308.03,559.04,14553.61,DEMO / SYNTHETIC DATA
DEMO_G_0460,18.5436938,73.8527003,378915,2050725,DEMO_WARD_02,DEMO Ward 02,32.875,0.2703,0.114,14.73,56.03,0.2347,5.055,391.68,559.68,8130.25,DEMO / SYNTHETIC DATA
DEMO_G_0461,18.5436955,73.8529845,378945,2050725,DEMO_WARD_03,DEMO Ward 03,36.931,0.0636,0.3061,16.66,68.93,0.1562,6.783,403.04,554.03,14198.38,DEMO / SYNTHETIC DATA
DEMO_G_0462,18.5436973,73.8532687,378975,2050725,DEMO_WARD_03,DEMO Ward 03,35.485,0.2125,0.2412,29.47,70.05,0.1723,7.198,412.26,558.85,11662.48,DEMO / SYNTHETIC DATA
DEMO_G_0463,18.543699,73.853553,379005,2050725,DEMO_WARD_03,DEMO Ward 03,39.151,0.0578,0.2405,25.62,59.32,0.1742,7.576,288.59,554.11,10934.67,DEMO / SYNTHETIC DATA
DEMO_G_0464,18.5437007,73.8538372,379035,2050725,DEMO_WARD_03,DEMO Ward 03,33.97,0.4348,0.2281,27.63,51.47,0.2491,4.09,271.82,551.64,7716.75,DEMO / SYNTHETIC DATA
DEMO_G_0465,18.5437024,73.8541214,379065,2050725,DEMO_WARD_03,DEMO Ward 03,33.878,0.3528,0.0547,27.0,46.15,0.2712,6.235,274.25,552.47,13702.13,DEMO / SYNTHETIC DATA
DEMO_G_0466,18.5437042,73.8544056,379095,2050725,DEMO_WARD_03,DEMO Ward 03,29.166,0.3714,0.0937,35.04,35.88,0.2439,3.027,124.85,557.61,9800.81,DEMO / SYNTHETIC DATA
DEMO_G_0467,18.5437059,73.8546898,379125,2050725,DEMO_WARD_03,DEMO Ward 03,35.568,0.2228,0.2483,28.8,45.54,0.2067,3.127,210.63,552.33,6856.73,DEMO / SYNTHETIC DATA
DEMO_G_0468,18.5437076,73.854974,379155,2050725,DEMO_WARD_03,DEMO Ward 03,35.468,0.1905,0.3076,19.38,62.48,0.1537,5.719,470.23,557.24,12634.04,DEMO / SYNTHETIC DATA
DEMO_G_0469,18.5437093,73.8552582,379185,2050725,DEMO_WARD_03,DEMO Ward 03,34.892,0.2307,0.1371,23.4,65.65,0.1478,6.898,394.9,559.49,10714.8,DEMO / SYNTHETIC DATA
DEMO_G_0470,18.5437111,73.8555424,379215,2050725,DEMO_WARD_03,DEMO Ward 03,32.045,0.314,0.1596,24.9,51.16,0.2034,5.013,377.68,554.96,7306.27,DEMO / SYNTHETIC DATA
DEMO_G_0471,18.5437128,73.8558267,379245,2050725,DEMO_WARD_03,DEMO Ward 03,36.499,0.1644,0.3529,34.4,91.81,0.209,7.877,550.84,561.72,12280.56,DEMO / SYNTHETIC DATA
DEMO_G_0472,18.5437145,73.8561109,379275,2050725,DEMO_WARD_03,DEMO Ward 03,36.831,0.0626,0.2069,19.12,58.73,0.1338,5.131,488.67,551.67,13164.24,DEMO / SYNTHETIC DATA
DEMO_G_0473,18.5437162,73.8563951,379305,2050725,DEMO_WARD_03,DEMO Ward 03,35.386,0.1924,0.1577,31.52,69.54,0.1898,7.77,317.76,553.8,13308.98,DEMO / SYNTHETIC DATA
DEMO_G_0474,18.5437179,73.8566793,379335,2050725,DEMO_WARD_03,DEMO Ward 03,37.889,0.1042,0.1425,18.88,74.05,0.2173,8.238,362.91,561.36,13750.58,DEMO / SYNTHETIC DATA
DEMO_G_0475,18.5437197,73.8569635,379365,2050725,DEMO_WARD_03,DEMO Ward 03,36.564,-0.1,0.3698,0.0,74.76,0.2142,9.102,574.81,560.01,15526.53,DEMO / SYNTHETIC DATA
DEMO_G_0476,18.5437214,73.8572477,379395,2050725,DEMO_WARD_03,DEMO Ward 03,40.971,0.1838,0.4916,17.05,93.09,0.1712,7.787,529.2,555.49,17537.05,DEMO / SYNTHETIC DATA
DEMO_G_0477,18.5437231,73.8575319,379425,2050725,DEMO_WARD_03,DEMO Ward 03,40.753,0.0971,0.4055,18.78,91.73,0.0961,7.621,582.87,557.42,18563.03,DEMO / SYNTHETIC DATA
DEMO_G_0478,18.5437248,73.8578162,379455,2050725,DEMO_WARD_03,DEMO Ward 03,35.75,0.1009,0.3032,24.12,62.52,0.1834,7.273,495.0,558.71,16254.7,DEMO / SYNTHETIC DATA
DEMO_G_0479,18.5437265,73.8581004,379485,2050725,DEMO_WARD_03,DEMO Ward 03,37.584,0.0943,0.3891,26.2,76.04,0.1859,5.209,469.77,558.25,16716.89,DEMO / SYNTHETIC DATA
DEMO_G_0480,18.5437283,73.8583846,379515,2050725,DEMO_WARD_03,DEMO Ward 03,39.09,-0.1,0.5146,3.21,80.92,0.2039,6.91,562.25,554.93,19382.82,DEMO / SYNTHETIC DATA
DEMO_G_0481,18.5438972,73.8416142,377745,2050755,DEMO_WARD_01,DEMO Ward 01,33.761,0.3246,0.0681,41.67,53.29,0.1338,5.389,210.01,558.01,13590.52,DEMO / SYNTHETIC DATA
DEMO_G_0482,18.543899,73.8418984,377775,2050755,DEMO_WARD_01,DEMO Ward 01,33.573,0.3056,0.258,23.11,72.62,0.261,6.313,417.95,560.95,15857.13,DEMO / SYNTHETIC DATA
DEMO_G_0483,18.5439007,73.8421826,377805,2050755,DEMO_WARD_01,DEMO Ward 01,35.605,0.3504,0.2043,22.66,79.82,0.131,6.474,366.87,557.2,11475.16,DEMO / SYNTHETIC DATA
DEMO_G_0484,18.5439025,73.8424669,377835,2050755,DEMO_WARD_01,DEMO Ward 01,36.006,0.3369,0.3394,28.98,68.44,0.1947,7.306,490.36,553.72,14221.73,DEMO / SYNTHETIC DATA
DEMO_G_0485,18.5439042,73.8427511,377865,2050755,DEMO_WARD_01,DEMO Ward 01,34.847,0.2627,0.1413,27.22,51.75,0.2348,4.88,389.27,551.23,13945.04,DEMO / SYNTHETIC DATA
DEMO_G_0486,18.543906,73.8430353,377895,2050755,DEMO_WARD_01,DEMO Ward 01,35.588,0.0846,0.2555,21.38,63.36,0.2125,5.766,195.66,553.77,11531.74,DEMO / SYNTHETIC DATA
DEMO_G_0487,18.5439077,73.8433195,377925,2050755,DEMO_WARD_01,DEMO Ward 01,37.946,0.1891,0.3515,19.67,66.55,0.2549,5.639,80.09,554.32,9908.86,DEMO / SYNTHETIC DATA
DEMO_G_0488,18.5439094,73.8436037,377955,2050755,DEMO_WARD_01,DEMO Ward 01,32.828,0.2564,0.1092,30.63,64.69,0.2561,6.782,338.82,553.78,7059.67,DEMO / SYNTHETIC DATA
DEMO_G_0489,18.5439112,73.8438879,377985,2050755,DEMO_WARD_01,DEMO Ward 01,34.407,0.2599,0.2511,11.56,61.98,0.2017,5.768,415.62,553.03,14318.42,DEMO / SYNTHETIC DATA
DEMO_G_0490,18.5439129,73.8441721,378015,2050755,DEMO_WARD_01,DEMO Ward 01,36.937,0.1634,0.1597,16.66,59.93,0.1324,5.299,341.54,557.84,14317.85,DEMO / SYNTHETIC DATA
DEMO_G_0491,18.5439147,73.8444563,378045,2050755,DEMO_WARD_01,DEMO Ward 01,39.256,0.2252,0.388,21.61,84.08,0.2152,7.147,429.53,555.41,16311.68,DEMO / SYNTHETIC DATA
DEMO_G_0492,18.5439164,73.8447406,378075,2050755,DEMO_WARD_01,DEMO Ward 01,40.737,0.0892,0.4293,20.8,66.61,0.2089,6.105,560.24,553.83,15710.89,DEMO / SYNTHETIC DATA
DEMO_G_0493,18.5439181,73.8450248,378105,2050755,DEMO_WARD_01,DEMO Ward 01,37.998,0.0499,0.1725,26.36,51.99,0.2239,8.546,546.04,562.9,16924.52,DEMO / SYNTHETIC DATA
DEMO_G_0494,18.5439199,73.845309,378135,2050755,DEMO_WARD_01,DEMO Ward 01,38.086,0.078,0.2395,2.84,64.2,0.1877,7.024,531.93,559.39,16470.87,DEMO / SYNTHETIC DATA
DEMO_G_0495,18.5439216,73.8455932,378165,2050755,DEMO_WARD_01,DEMO Ward 01,37.616,0.2989,0.3278,32.55,78.19,0.197,5.761,196.38,554.56,9560.47,DEMO / SYNTHETIC DATA
DEMO_G_0496,18.5439233,73.8458774,378195,2050755,DEMO_WARD_01,DEMO Ward 01,35.027,0.2768,0.3053,25.27,72.33,0.1622,6.523,372.42,555.14,13873.97,DEMO / SYNTHETIC DATA
DEMO_G_0497,18.5439251,73.8461616,378225,2050755,DEMO_WARD_01,DEMO Ward 01,34.927,0.1834,0.2864,19.34,52.81,0.2173,6.448,476.37,565.17,14049.29,DEMO / SYNTHETIC DATA
DEMO_G_0498,18.5439268,73.8464458,378255,2050755,DEMO_WARD_01,DEMO Ward 01,35.487,0.3213,0.2963,33.08,56.68,0.2065,4.815,268.67,556.2,12714.08,DEMO / SYNTHETIC DATA
DEMO_G_0499,18.5439285,73.84673,378285,2050755,DEMO_WARD_01,DEMO Ward 01,37.614,0.1562,0.3007,30.14,77.74,0.1457,6.909,426.37,553.09,13977.92,DEMO / SYNTHETIC DATA
DEMO_G_0500,18.5439303,73.8470143,378315,2050755,DEMO_WARD_01,DEMO Ward 01,41.186,0.0138,0.4816,0.69,86.73,0.1973,8.985,729.09,557.43,17241.82,DEMO / SYNTHETIC DATA
DEMO_G_0501,18.543932,73.8472985,378345,2050755,DEMO_WARD_02,DEMO Ward 02,34.357,0.1822,0.0683,30.56,60.53,0.1452,4.893,374.34,560.22,12190.39,DEMO / SYNTHETIC DATA
DEMO_G_0502,18.5439338,73.8475827,378375,2050755,DEMO_WARD_02,DEMO Ward 02,37.258,0.026,0.2365,16.63,61.28,0.1795,4.965,455.67,554.19,14056.78,DEMO / SYNTHETIC DATA
DEMO_G_0503,18.5439355,73.8478669,378405,2050755,DEMO_WARD_02,DEMO Ward 02,37.798,0.1038,0.3876,10.12,86.11,0.1596,4.761,646.66,554.75,13688.64,DEMO / SYNTHETIC DATA
DEMO_G_0504,18.5439372,73.8481511,378435,2050755,DEMO_WARD_02,DEMO Ward 02,35.088,0.1715,0.2802,16.18,63.66,0.2467,8.221,661.14,559.68,17845.63,DEMO / SYNTHETIC DATA
DEMO_G_0505,18.543939,73.8484353,378465,2050755,DEMO_WARD_02,DEMO Ward 02,35.216,0.1637,0.2508,23.65,63.12,0.2016,5.116,422.63,559.14,13693.22,DEMO / SYNTHETIC DATA
DEMO_G_0506,18.5439407,73.8487195,378495,2050755,DEMO_WARD_02,DEMO Ward 02,34.808,0.1993,0.3607,0.0,76.19,0.1808,6.51,298.71,564.8,16412.35,DEMO / SYNTHETIC DATA
DEMO_G_0507,18.5439424,73.8490037,378525,2050755,DEMO_WARD_02,DEMO Ward 02,32.46,0.2321,0.0734,20.23,60.45,0.2106,4.855,307.68,561.41,12051.55,DEMO / SYNTHETIC DATA
DEMO_G_0508,18.5439442,73.849288,378555,2050755,DEMO_WARD_02,DEMO Ward 02,35.706,0.1922,0.1245,19.11,49.06,0.2258,5.921,438.09,559.32,12594.83,DEMO / SYNTHETIC DATA
DEMO_G_0509,18.5439459,73.8495722,378585,2050755,DEMO_WARD_02,DEMO Ward 02,33.582,0.2422,0.2912,22.76,38.06,0.1771,4.947,199.72,562.88,12258.4,DEMO / SYNTHETIC DATA
DEMO_G_0510,18.5439476,73.8498564,378615,2050755,DEMO_WARD_02,DEMO Ward 02,34.062,0.3844,0.0265,32.78,63.42,0.1706,5.963,332.66,551.08,12625.23,DEMO / SYNTHETIC DATA
DEMO_G_0511,18.5439493,73.8501406,378645,2050755,DEMO_WARD_02,DEMO Ward 02,36.404,0.2162,0.247,20.11,23.0,0.1283,5.4,469.41,558.21,10577.83,DEMO / SYNTHETIC DATA
DEMO_G_0512,18.5439511,73.8504248,378675,2050755,DEMO_WARD_02,DEMO Ward 02,30.411,0.3755,0.0291,43.23,43.61,0.2301,4.251,159.24,556.81,11560.88,DEMO / SYNTHETIC DATA
DEMO_G_0513,18.5439528,73.850709,378705,2050755,DEMO_WARD_02,DEMO Ward 02,35.9,0.1456,0.1678,16.94,45.79,0.2011,4.729,311.07,557.21,9913.81,DEMO / SYNTHETIC DATA
DEMO_G_0514,18.5439545,73.8509932,378735,2050755,DEMO_WARD_02,DEMO Ward 02,30.193,0.3203,-0.0754,30.59,28.58,0.2258,4.04,155.15,556.8,8594.98,DEMO / SYNTHETIC DATA
DEMO_G_0515,18.5439563,73.8512774,378765,2050755,DEMO_WARD_02,DEMO Ward 02,34.464,0.2542,0.1426,19.5,45.84,0.2482,6.391,351.2,555.14,13515.39,DEMO / SYNTHETIC DATA
DEMO_G_0516,18.543958,73.8515617,378795,2050755,DEMO_WARD_02,DEMO Ward 02,34.765,0.1964,0.2365,31.43,63.27,0.217,4.219,432.28,552.47,15672.06,DEMO / SYNTHETIC DATA
DEMO_G_0517,18.5439597,73.8518459,378825,2050755,DEMO_WARD_02,DEMO Ward 02,33.777,0.3414,0.0612,29.53,52.74,0.2256,3.585,466.58,557.61,9810.3,DEMO / SYNTHETIC DATA
DEMO_G_0518,18.5439614,73.8521301,378855,2050755,DEMO_WARD_02,DEMO Ward 02,28.903,0.4858,0.1715,42.0,42.8,0.1148,5.843,84.03,557.57,11562.42,DEMO / SYNTHETIC DATA
DEMO_G_0519,18.5439632,73.8524143,378885,2050755,DEMO_WARD_02,DEMO Ward 02,30.785,0.4022,0.076,22.63,19.2,0.1702,3.249,204.33,564.3,7920.57,DEMO / SYNTHETIC DATA
DEMO_G_0520,18.5439649,73.8526985,378915,2050755,DEMO_WARD_02,DEMO Ward 02,32.92,0.2725,0.1082,16.78,48.74,0.1711,2.69,198.48,563.17,8907.82,DEMO / SYNTHETIC DATA
DEMO_G_0521,18.5439666,73.8529827,378945,2050755,DEMO_WARD_03,DEMO Ward 03,35.755,0.3272,0.2452,33.44,50.35,0.185,4.291,393.12,564.2,9717.22,DEMO / SYNTHETIC DATA
DEMO_G_0522,18.5439684,73.8532669,378975,2050755,DEMO_WARD_03,DEMO Ward 03,32.034,0.3606,-0.0873,30.55,34.38,0.1842,3.564,324.99,561.73,11993.52,DEMO / SYNTHETIC DATA
DEMO_G_0523,18.5439701,73.8535511,379005,2050755,DEMO_WARD_03,DEMO Ward 03,36.57,0.1405,0.1509,15.81,50.78,0.2018,4.637,360.44,562.73,6203.66,DEMO / SYNTHETIC DATA
DEMO_G_0524,18.5439718,73.8538354,379035,2050755,DEMO_WARD_03,DEMO Ward 03,34.158,0.282,0.1783,45.46,50.43,0.211,6.398,310.16,557.78,12971.34,DEMO / SYNTHETIC DATA
DEMO_G_0525,18.5439735,73.8541196,379065,2050755,DEMO_WARD_03,DEMO Ward 03,35.149,0.2385,0.3216,14.79,78.73,0.2226,5.843,322.18,561.33,11389.55,DEMO / SYNTHETIC DATA
DEMO_G_0526,18.5439753,73.8544038,379095,2050755,DEMO_WARD_03,DEMO Ward 03,36.923,0.0621,0.2652,15.98,73.32,0.1906,7.169,488.36,561.05,14552.85,DEMO / SYNTHETIC DATA
DEMO_G_0527,18.543977,73.854688,379125,2050755,DEMO_WARD_03,DEMO Ward 03,37.37,0.2809,0.2397,22.77,59.21,0.2235,3.889,243.37,552.83,15508.1,DEMO / SYNTHETIC DATA
DEMO_G_0528,18.5439787,73.8549722,379155,2050755,DEMO_WARD_03,DEMO Ward 03,35.128,0.3059,0.1539,29.07,64.81,0.1591,3.653,404.28,558.78,9147.13,DEMO / SYNTHETIC DATA
DEMO_G_0529,18.5439804,73.8552564,379185,2050755,DEMO_WARD_03,DEMO Ward 03,30.347,0.3886,0.171,37.47,56.49,0.232,4.54,244.95,550.69,10867.25,DEMO / SYNTHETIC DATA
DEMO_G_0530,18.5439821,73.8555406,379215,2050755,DEMO_WARD_03,DEMO Ward 03,35.319,0.1784,0.2295,22.35,58.32,0.2119,8.917,296.99,558.37,12930.15,DEMO / SYNTHETIC DATA
DEMO_G_0531,18.5439839,73.8558249,379245,2050755,DEMO_WARD_03,DEMO Ward 03,35.019,0.281,0.2572,35.6,53.33,0.1867,5.816,311.77,548.25,9152.19,DEMO / SYNTHETIC DATA
DEMO_G_0532,18.5439856,73.8561091,379275,2050755,DEMO_WARD_03,DEMO Ward 03,37.302,0.0828,0.266,24.67,71.66,0.1829,6.752,391.51,558.25,13214.44,DEMO / SYNTHETIC DATA
DEMO_G_0533,18.5439873,73.8563933,379305,2050755,DEMO_WARD_03,DEMO Ward 03,33.584,0.2254,0.271,21.6,71.81,0.2563,6.368,372.46,560.28,14599.06,DEMO / SYNTHETIC DATA
DEMO_G_0534,18.543989,73.8566775,379335,2050755,DEMO_WARD_03,DEMO Ward 03,35.904,0.0983,0.1598,22.18,61.84,0.2491,9.728,520.37,561.15,12274.81,DEMO / SYNTHETIC DATA
DEMO_G_0535,18.5439908,73.8569617,379365,2050755,DEMO_WARD_03,DEMO Ward 03,37.189,0.1228,0.4037,9.22,79.17,0.2212,8.824,552.45,558.52,20799.92,DEMO / SYNTHETIC DATA
DEMO_G_0536,18.5439925,73.8572459,379395,2050755,DEMO_WARD_03,DEMO Ward 03,37.923,0.1911,0.3543,15.69,65.41,0.1346,5.635,500.97,555.93,17546.84,DEMO / SYNTHETIC DATA
DEMO_G_0537,18.5439942,73.8575301,379425,2050755,DEMO_WARD_03,DEMO Ward 03,36.79,0.1736,0.3263,13.69,71.01,0.1743,7.349,496.15,558.83,19064.3,DEMO / SYNTHETIC DATA
DEMO_G_0538,18.5439959,73.8578144,379455,2050755,DEMO_WARD_03,DEMO Ward 03,38.053,0.2046,0.4544,17.21,77.04,0.1927,8.169,605.92,556.59,21485.29,DEMO / SYNTHETIC DATA
DEMO_G_0539,18.5439976,73.8580986,379485,2050755,DEMO_WARD_03,DEMO Ward 03,36.552,0.0533,0.176,9.3,81.19,0.1869,6.426,467.01,559.86,15173.25,DEMO / SYNTHETIC DATA
DEMO_G_0540,18.5439993,73.8583828,379515,2050755,DEMO_WARD_03,DEMO Ward 03,40.001,0.049,0.5073,23.34,83.12,0.1342,8.036,467.77,561.58,19909.22,DEMO / SYNTHETIC DATA
DEMO_G_0541,18.5441683,73.8416124,377745,2050785,DEMO_WARD_01,DEMO Ward 01,33.738,0.2256,0.3146,29.75,58.6,0.2092,5.009,317.5,552.1,13052.72,DEMO / SYNTHETIC DATA
DEMO_G_0542,18.5441701,73.8418966,377775,2050785,DEMO_WARD_01,DEMO Ward 01,33.056,0.345,0.1553,26.05,54.25,0.2106,5.907,246.34,556.98,13245.32,DEMO / SYNTHETIC DATA
DEMO_G_0543,18.5441718,73.8421808,377805,2050785,DEMO_WARD_01,DEMO Ward 01,34.129,0.223,0.2848,29.03,47.42,0.2122,5.344,478.07,560.21,9725.19,DEMO / SYNTHETIC DATA
DEMO_G_0544,18.5441736,73.842465,377835,2050785,DEMO_WARD_01,DEMO Ward 01,38.403,0.2785,0.2836,19.33,72.01,0.1755,6.672,364.51,557.84,16466.72,DEMO / SYNTHETIC DATA
DEMO_G_0545,18.5441753,73.8427492,377865,2050785,DEMO_WARD_01,DEMO Ward 01,33.669,0.3515,0.2393,20.11,54.21,0.2252,5.801,228.76,560.75,11472.16,DEMO / SYNTHETIC DATA
DEMO_G_0546,18.544177,73.8430335,377895,2050785,DEMO_WARD_01,DEMO Ward 01,33.579,0.1936,0.1743,34.93,57.83,0.2032,5.624,276.26,556.07,11569.9,DEMO / SYNTHETIC DATA
DEMO_G_0547,18.5441788,73.8433177,377925,2050785,DEMO_WARD_01,DEMO Ward 01,38.51,0.0626,0.2461,19.73,86.78,0.1811,6.242,481.34,558.64,14214.19,DEMO / SYNTHETIC DATA
DEMO_G_0548,18.5441805,73.8436019,377955,2050785,DEMO_WARD_01,DEMO Ward 01,36.844,0.0578,0.2223,16.81,65.21,0.2306,3.707,477.18,564.57,11513.69,DEMO / SYNTHETIC DATA
DEMO_G_0549,18.5441823,73.8438861,377985,2050785,DEMO_WARD_01,DEMO Ward 01,39.188,0.0727,0.3276,4.94,55.43,0.1548,8.78,652.66,554.37,17766.09,DEMO / SYNTHETIC DATA
DEMO_G_0550,18.544184,73.8441703,378015,2050785,DEMO_WARD_01,DEMO Ward 01,35.967,0.2267,0.3181,22.69,77.82,0.2475,6.571,317.32,555.63,14342.07,DEMO / SYNTHETIC DATA
DEMO_G_0551,18.5441857,73.8444545,378045,2050785,DEMO_WARD_01,DEMO Ward 01,38.084,0.2264,0.2662,8.74,61.41,0.2502,6.327,335.14,554.06,12749.99,DEMO / SYNTHETIC DATA
DEMO_G_0552,18.5441875,73.8447387,378075,2050785,DEMO_WARD_01,DEMO Ward 01,35.37,0.0284,0.2531,17.47,64.86,0.167,6.709,257.2,554.34,13353.12,DEMO / SYNTHETIC DATA
DEMO_G_0553,18.5441892,73.8450229,378105,2050785,DEMO_WARD_01,DEMO Ward 01,37.807,0.2086,0.3405,30.26,72.32,0.1901,5.651,468.39,556.89,19105.88,DEMO / SYNTHETIC DATA
DEMO_G_0554,18.544191,73.8453072,378135,2050785,DEMO_WARD_01,DEMO Ward 01,37.709,0.0416,0.2668,2.1,61.63,0.185,7.026,573.3,552.72,11701.0,DEMO / SYNTHETIC DATA
DEMO_G_0555,18.5441927,73.8455914,378165,2050785,DEMO_WARD_01,DEMO Ward 01,40.175,0.1422,0.3726,19.48,56.1,0.1685,6.942,336.57,555.2,10703.1,DEMO / SYNTHETIC DATA
DEMO_G_0556,18.5441944,73.8458756,378195,2050785,DEMO_WARD_01,DEMO Ward 01,33.393,0.1891,0.0451,9.27,45.1,0.2171,5.298,632.26,565.84,12943.47,DEMO / SYNTHETIC DATA
DEMO_G_0557,18.5441962,73.8461598,378225,2050785,DEMO_WARD_01,DEMO Ward 01,35.541,0.2104,0.2813,21.29,71.12,0.1577,4.542,347.01,559.98,10601.89,DEMO / SYNTHETIC DATA
DEMO_G_0558,18.5441979,73.846444,378255,2050785,DEMO_WARD_01,DEMO Ward 01,36.653,0.2729,0.2641,12.99,71.77,0.173,5.598,399.15,557.04,14215.24,DEMO / SYNTHETIC DATA
DEMO_G_0559,18.5441996,73.8467282,378285,2050785,DEMO_WARD_01,DEMO Ward 01,35.115,0.3217,0.1271,17.37,75.39,0.1938,5.659,419.87,556.44,10757.53,DEMO / SYNTHETIC DATA
DEMO_G_0560,18.5442014,73.8470124,378315,2050785,DEMO_WARD_01,DEMO Ward 01,37.509,0.1388,0.2055,10.49,57.97,0.1664,6.775,505.11,560.36,13661.35,DEMO / SYNTHETIC DATA
DEMO_G_0561,18.5442031,73.8472966,378345,2050785,DEMO_WARD_02,DEMO Ward 02,37.943,0.0827,0.3179,15.32,72.45,0.2199,7.426,543.42,558.01,18245.25,DEMO / SYNTHETIC DATA
DEMO_G_0562,18.5442048,73.8475809,378375,2050785,DEMO_WARD_02,DEMO Ward 02,35.127,0.21,0.2617,18.74,56.95,0.1975,6.783,402.29,558.97,18692.51,DEMO / SYNTHETIC DATA
DEMO_G_0563,18.5442066,73.8478651,378405,2050785,DEMO_WARD_02,DEMO Ward 02,36.676,0.2652,0.1935,37.03,56.1,0.173,4.738,195.31,560.12,13192.98,DEMO / SYNTHETIC DATA
DEMO_G_0564,18.5442083,73.8481493,378435,2050785,DEMO_WARD_02,DEMO Ward 02,35.954,0.2093,0.0327,33.71,60.37,0.2455,5.896,479.21,554.42,15254.75,DEMO / SYNTHETIC DATA
DEMO_G_0565,18.54421,73.8484335,378465,2050785,DEMO_WARD_02,DEMO Ward 02,33.843,0.1184,0.2772,6.59,59.8,0.1997,6.569,325.92,561.07,14355.9,DEMO / SYNTHETIC DATA
DEMO_G_0566,18.5442118,73.8487177,378495,2050785,DEMO_WARD_02,DEMO Ward 02,35.464,-0.0404,0.2888,5.37,65.65,0.2124,6.139,385.0,557.46,16225.9,DEMO / SYNTHETIC DATA
DEMO_G_0567,18.5442135,73.8490019,378525,2050785,DEMO_WARD_02,DEMO Ward 02,38.687,0.0499,0.2902,15.1,81.41,0.1858,8.384,419.33,558.01,17064.17,DEMO / SYNTHETIC DATA
DEMO_G_0568,18.5442152,73.8492861,378555,2050785,DEMO_WARD_02,DEMO Ward 02,33.608,0.227,0.3069,24.62,51.41,0.238,5.655,320.68,559.64,10483.4,DEMO / SYNTHETIC DATA
DEMO_G_0569,18.544217,73.8495703,378585,2050785,DEMO_WARD_02,DEMO Ward 02,36.937,0.2773,0.1344,40.17,52.91,0.0993,3.11,275.38,553.14,8262.73,DEMO / SYNTHETIC DATA
DEMO_G_0570,18.5442187,73.8498546,378615,2050785,DEMO_WARD_02,DEMO Ward 02,31.612,0.3588,0.1205,26.33,46.6,0.158,3.194,342.15,553.89,12877.58,DEMO / SYNTHETIC DATA
DEMO_G_0571,18.5442204,73.8501388,378645,2050785,DEMO_WARD_02,DEMO Ward 02,33.911,0.2991,0.1548,19.44,65.16,0.2255,5.618,389.5,556.87,7568.8,DEMO / SYNTHETIC DATA
DEMO_G_0572,18.5442222,73.850423,378675,2050785,DEMO_WARD_02,DEMO Ward 02,30.295,0.4476,0.1148,42.37,46.15,0.2199,6.935,246.36,554.64,9758.22,DEMO / SYNTHETIC DATA
DEMO_G_0573,18.5442239,73.8507072,378705,2050785,DEMO_WARD_02,DEMO Ward 02,33.62,0.2702,0.2108,19.37,77.02,0.2236,6.415,283.67,561.76,14215.93,DEMO / SYNTHETIC DATA
DEMO_G_0574,18.5442256,73.8509914,378735,2050785,DEMO_WARD_02,DEMO Ward 02,34.729,0.3821,0.1956,39.63,47.37,0.1415,5.952,546.63,555.99,7425.77,DEMO / SYNTHETIC DATA
DEMO_G_0575,18.5442274,73.8512756,378765,2050785,DEMO_WARD_02,DEMO Ward 02,34.026,0.2733,0.0636,27.56,54.77,0.2287,3.508,454.76,556.67,14789.39,DEMO / SYNTHETIC DATA
DEMO_G_0576,18.5442291,73.8515598,378795,2050785,DEMO_WARD_02,DEMO Ward 02,32.105,0.4104,0.0621,40.15,48.81,0.2305,4.478,412.3,558.09,13014.55,DEMO / SYNTHETIC DATA
DEMO_G_0577,18.5442308,73.8518441,378825,2050785,DEMO_WARD_02,DEMO Ward 02,33.816,0.4713,0.0814,33.47,19.0,0.2028,5.723,160.16,552.17,7300.22,DEMO / SYNTHETIC DATA
DEMO_G_0578,18.5442325,73.8521283,378855,2050785,DEMO_WARD_02,DEMO Ward 02,34.232,0.2058,0.2622,25.32,47.31,0.1896,4.838,232.62,564.48,15948.8,DEMO / SYNTHETIC DATA
DEMO_G_0579,18.5442343,73.8524125,378885,2050785,DEMO_WARD_02,DEMO Ward 02,31.632,0.1777,0.2305,8.79,58.33,0.307,3.866,294.48,549.29,9254.14,DEMO / SYNTHETIC DATA
DEMO_G_0580,18.544236,73.8526967,378915,2050785,DEMO_WARD_02,DEMO Ward 02,34.725,0.0824,0.3057,10.11,74.0,0.1822,7.52,448.1,559.86,18080.54,DEMO / SYNTHETIC DATA
DEMO_G_0581,18.5442377,73.8529809,378945,2050785,DEMO_WARD_03,DEMO Ward 03,35.361,0.2241,0.235,17.5,59.31,0.1962,6.401,419.74,554.93,12750.13,DEMO / SYNTHETIC DATA
DEMO_G_0582,18.5442394,73.8532651,378975,2050785,DEMO_WARD_03,DEMO Ward 03,28.536,0.2641,0.2437,30.6,51.28,0.2877,4.899,237.93,558.25,11567.03,DEMO / SYNTHETIC DATA
DEMO_G_0583,18.5442412,73.8535493,379005,2050785,DEMO_WARD_03,DEMO Ward 03,34.294,0.4753,0.1223,40.64,45.76,0.1128,5.202,409.45,566.19,9441.58,DEMO / SYNTHETIC DATA
DEMO_G_0584,18.5442429,73.8538336,379035,2050785,DEMO_WARD_03,DEMO Ward 03,36.797,0.1534,0.1679,36.55,72.03,0.1573,5.967,284.62,554.11,18384.45,DEMO / SYNTHETIC DATA
DEMO_G_0585,18.5442446,73.8541178,379065,2050785,DEMO_WARD_03,DEMO Ward 03,35.15,0.2324,0.2299,27.27,64.33,0.0978,5.521,145.57,553.53,8098.89,DEMO / SYNTHETIC DATA
DEMO_G_0586,18.5442463,73.854402,379095,2050785,DEMO_WARD_03,DEMO Ward 03,33.346,0.2559,0.3128,13.55,43.62,0.2445,5.79,313.78,560.83,9285.32,DEMO / SYNTHETIC DATA
DEMO_G_0587,18.5442481,73.8546862,379125,2050785,DEMO_WARD_03,DEMO Ward 03,39.078,0.4383,0.4053,38.11,49.18,0.1742,5.88,305.27,563.71,12279.86,DEMO / SYNTHETIC DATA
DEMO_G_0588,18.5442498,73.8549704,379155,2050785,DEMO_WARD_03,DEMO Ward 03,37.798,0.1269,0.3125,21.67,65.54,0.2185,6.026,305.16,560.81,11872.94,DEMO / SYNTHETIC DATA
DEMO_G_0589,18.5442515,73.8552546,379185,2050785,DEMO_WARD_03,DEMO Ward 03,34.905,0.2967,0.3475,29.57,72.9,0.1966,6.743,482.65,554.82,15564.03,DEMO / SYNTHETIC DATA
DEMO_G_0590,18.5442532,73.8555388,379215,2050785,DEMO_WARD_03,DEMO Ward 03,37.034,0.0394,0.2807,4.93,61.95,0.1965,6.436,227.53,557.83,12246.83,DEMO / SYNTHETIC DATA
DEMO_G_0591,18.544255,73.8558231,379245,2050785,DEMO_WARD_03,DEMO Ward 03,32.406,0.3605,0.0811,42.03,47.16,0.2222,4.468,256.36,553.76,5621.51,DEMO / SYNTHETIC DATA
DEMO_G_0592,18.5442567,73.8561073,379275,2050785,DEMO_WARD_03,DEMO Ward 03,34.412,0.1813,0.2968,10.55,64.99,0.2866,5.114,391.65,557.81,10473.98,DEMO / SYNTHETIC DATA
DEMO_G_0593,18.5442584,73.8563915,379305,2050785,DEMO_WARD_03,DEMO Ward 03,38.741,0.0748,0.3415,8.1,69.82,0.1601,8.68,524.47,559.69,13167.94,DEMO / SYNTHETIC DATA
DEMO_G_0594,18.5442601,73.8566757,379335,2050785,DEMO_WARD_03,DEMO Ward 03,34.725,0.2775,0.2481,22.14,59.81,0.2661,4.917,479.05,559.32,10711.75,DEMO / SYNTHETIC DATA
DEMO_G_0595,18.5442618,73.8569599,379365,2050785,DEMO_WARD_03,DEMO Ward 03,37.31,0.0752,0.2935,24.56,76.53,0.1727,7.505,560.58,561.61,14165.4,DEMO / SYNTHETIC DATA
DEMO_G_0596,18.5442636,73.8572441,379395,2050785,DEMO_WARD_03,DEMO Ward 03,36.678,0.1252,0.3666,22.22,60.35,0.2063,6.235,409.92,554.51,10144.85,DEMO / SYNTHETIC DATA
DEMO_G_0597,18.5442653,73.8575283,379425,2050785,DEMO_WARD_03,DEMO Ward 03,35.074,0.3588,0.3689,29.53,73.02,0.2206,6.73,395.73,557.94,17974.09,DEMO / SYNTHETIC DATA
DEMO_G_0598,18.544267,73.8578125,379455,2050785,DEMO_WARD_03,DEMO Ward 03,37.255,0.22,0.4202,15.4,65.47,0.2459,8.805,616.78,554.1,13585.86,DEMO / SYNTHETIC DATA
DEMO_G_0599,18.5442687,73.8580968,379485,2050785,DEMO_WARD_03,DEMO Ward 03,40.1,-0.067,0.3451,7.94,78.29,0.1793,8.438,524.98,556.28,17232.43,DEMO / SYNTHETIC DATA
DEMO_G_0600,18.5442704,73.858381,379515,2050785,DEMO_WARD_03,DEMO Ward 03,38.293,0.0813,0.2741,16.96,66.64,0.1761,7.822,585.33,559.81,13609.62,DEMO / SYNTHETIC DATA
DEMO_G_0601,18.5444394,73.8416106,377745,2050815,DEMO_WARD_01,DEMO Ward 01,35.424,0.2749,0.2011,11.92,65.42,0.1685,5.458,441.8,548.45,12420.52,DEMO / SYNTHETIC DATA
DEMO_G_0602,18.5444412,73.8418948,377775,2050815,DEMO_WARD_01,DEMO Ward 01,30.526,0.3403,0.0298,55.06,20.55,0.2359,3.452,183.74,551.5,8162.96,DEMO / SYNTHETIC DATA
DEMO_G_0603,18.5444429,73.842179,377805,2050815,DEMO_WARD_01,DEMO Ward 01,33.826,0.3086,0.2404,35.29,43.51,0.2057,6.817,222.52,551.79,11741.81,DEMO / SYNTHETIC DATA
DEMO_G_0604,18.5444446,73.8424632,377835,2050815,DEMO_WARD_01,DEMO Ward 01,34.14,0.1623,0.0328,15.92,44.56,0.2025,5.658,219.66,558.27,12130.33,DEMO / SYNTHETIC DATA
DEMO_G_0605,18.5444464,73.8427474,377865,2050815,DEMO_WARD_01,DEMO Ward 01,37.309,0.2566,0.2419,44.09,69.96,0.1433,6.812,508.94,546.81,14598.65,DEMO / SYNTHETIC DATA
DEMO_G_0606,18.5444481,73.8430316,377895,2050815,DEMO_WARD_01,DEMO Ward 01,36.879,0.1358,0.4102,16.79,71.16,0.194,5.095,552.49,556.38,15990.84,DEMO / SYNTHETIC DATA
DEMO_G_0607,18.5444499,73.8433158,377925,2050815,DEMO_WARD_01,DEMO Ward 01,33.872,0.3246,-0.0084,24.42,79.03,0.1344,7.275,156.0,561.99,11435.14,DEMO / SYNTHETIC DATA
DEMO_G_0608,18.5444516,73.8436001,377955,2050815,DEMO_WARD_01,DEMO Ward 01,37.972,0.2197,0.3745,28.49,76.09,0.1825,7.82,450.12,553.95,12678.23,DEMO / SYNTHETIC DATA
DEMO_G_0609,18.5444533,73.8438843,377985,2050815,DEMO_WARD_01,DEMO Ward 01,40.978,0.0183,0.3925,27.71,78.38,0.2592,9.157,417.21,554.42,12819.61,DEMO / SYNTHETIC DATA
DEMO_G_0610,18.5444551,73.8441685,378015,2050815,DEMO_WARD_01,DEMO Ward 01,39.296,0.122,0.3114,14.55,53.96,0.2166,5.644,299.54,556.4,12421.74,DEMO / SYNTHETIC DATA
DEMO_G_0611,18.5444568,73.8444527,378045,2050815,DEMO_WARD_01,DEMO Ward 01,35.753,0.2115,0.2144,24.58,48.18,0.1712,5.159,412.28,556.12,9017.14,DEMO / SYNTHETIC DATA
DEMO_G_0612,18.5444586,73.8447369,378075,2050815,DEMO_WARD_01,DEMO Ward 01,36.405,0.1728,0.3107,25.4,61.33,0.1151,7.504,367.34,557.62,17211.22,DEMO / SYNTHETIC DATA
DEMO_G_0613,18.5444603,73.8450211,378105,2050815,DEMO_WARD_01,DEMO Ward 01,35.913,0.1207,0.2579,14.04,77.62,0.1715,7.064,517.43,561.67,14996.72,DEMO / SYNTHETIC DATA
DEMO_G_0614,18.544462,73.8453053,378135,2050815,DEMO_WARD_01,DEMO Ward 01,30.236,0.4198,0.0465,34.41,39.01,0.2093,3.226,323.81,556.73,7946.33,DEMO / SYNTHETIC DATA
DEMO_G_0615,18.5444638,73.8455895,378165,2050815,DEMO_WARD_01,DEMO Ward 01,35.972,0.2613,0.2752,28.15,62.67,0.2735,6.861,493.16,559.78,14944.08,DEMO / SYNTHETIC DATA
DEMO_G_0616,18.5444655,73.8458738,378195,2050815,DEMO_WARD_01,DEMO Ward 01,35.71,0.0862,0.1858,10.16,56.85,0.2013,6.964,410.78,559.11,14884.11,DEMO / SYNTHETIC DATA
DEMO_G_0617,18.5444673,73.846158,378225,2050815,DEMO_WARD_01,DEMO Ward 01,38.844,0.106,0.2543,15.2,68.11,0.1404,6.37,481.86,553.65,11316.82,DEMO / SYNTHETIC DATA
DEMO_G_0618,18.544469,73.8464422,378255,2050815,DEMO_WARD_01,DEMO Ward 01,39.734,-0.0645,0.2708,0.81,83.62,0.148,6.616,460.21,562.32,16338.72,DEMO / SYNTHETIC DATA
DEMO_G_0619,18.5444707,73.8467264,378285,2050815,DEMO_WARD_01,DEMO Ward 01,37.375,0.1178,0.485,17.89,72.25,0.1807,5.943,444.1,559.38,17341.09,DEMO / SYNTHETIC DATA
DEMO_G_0620,18.5444725,73.8470106,378315,2050815,DEMO_WARD_01,DEMO Ward 01,31.736,0.2268,0.2654,24.72,57.56,0.1893,8.155,599.52,558.43,11274.93,DEMO / SYNTHETIC DATA
DEMO_G_0621,18.5444742,73.8472948,378345,2050815,DEMO_WARD_02,DEMO Ward 02,32.558,0.2039,0.2018,31.83,60.24,0.2348,5.152,242.9,554.6,12509.47,DEMO / SYNTHETIC DATA
DEMO_G_0622,18.5444759,73.847579,378375,2050815,DEMO_WARD_02,DEMO Ward 02,31.496,0.3343,0.0859,21.64,41.7,0.16,3.021,383.98,554.36,12664.32,DEMO / SYNTHETIC DATA
DEMO_G_0623,18.5444777,73.8478633,378405,2050815,DEMO_WARD_02,DEMO Ward 02,34.346,0.2001,0.3693,24.83,71.2,0.2329,7.385,335.73,561.51,13124.6,DEMO / SYNTHETIC DATA
DEMO_G_0624,18.5444794,73.8481475,378435,2050815,DEMO_WARD_02,DEMO Ward 02,38.167,0.099,0.2587,27.1,81.36,0.146,10.333,481.61,568.69,11553.29,DEMO / SYNTHETIC DATA
DEMO_G_0625,18.5444811,73.8484317,378465,2050815,DEMO_WARD_02,DEMO Ward 02,32.191,0.2722,0.2041,47.18,42.17,0.2129,6.987,198.51,552.43,10734.73,DEMO / SYNTHETIC DATA
DEMO_G_0626,18.5444829,73.8487159,378495,2050815,DEMO_WARD_02,DEMO Ward 02,37.125,0.1318,0.2536,4.38,78.27,0.1451,6.989,301.56,557.04,13942.28,DEMO / SYNTHETIC DATA
DEMO_G_0627,18.5444846,73.8490001,378525,2050815,DEMO_WARD_02,DEMO Ward 02,36.595,0.2795,0.2353,14.56,60.57,0.1292,8.648,460.4,565.42,14082.67,DEMO / SYNTHETIC DATA
DEMO_G_0628,18.5444863,73.8492843,378555,2050815,DEMO_WARD_02,DEMO Ward 02,31.61,0.4146,0.106,31.05,50.3,0.2775,6.081,371.02,564.5,7332.75,DEMO / SYNTHETIC DATA
DEMO_G_0629,18.5444881,73.8495685,378585,2050815,DEMO_WARD_02,DEMO Ward 02,36.201,0.1556,0.0519,26.89,60.5,0.2086,3.259,321.73,554.4,11582.11,DEMO / SYNTHETIC DATA
DEMO_G_0630,18.5444898,73.8498527,378615,2050815,DEMO_WARD_02,DEMO Ward 02,34.766,0.362,0.224,27.8,53.09,0.1624,3.788,113.91,555.84,9881.35,DEMO / SYNTHETIC DATA
DEMO_G_0631,18.5444915,73.850137,378645,2050815,DEMO_WARD_02,DEMO Ward 02,31.473,0.4756,-0.0065,38.37,40.58,0.1709,4.785,271.15,553.55,11452.17,DEMO / SYNTHETIC DATA
DEMO_G_0632,18.5444933,73.8504212,378675,2050815,DEMO_WARD_02,DEMO Ward 02,31.139,0.2554,0.2368,39.84,44.3,0.2257,3.048,370.38,553.51,11612.15,DEMO / SYNTHETIC DATA
DEMO_G_0633,18.544495,73.8507054,378705,2050815,DEMO_WARD_02,DEMO Ward 02,34.139,0.1292,0.2641,8.98,57.32,0.2176,6.905,313.07,562.91,8738.28,DEMO / SYNTHETIC DATA
DEMO_G_0634,18.5444967,73.8509896,378735,2050815,DEMO_WARD_02,DEMO Ward 02,37.795,0.198,0.2722,17.69,56.03,0.1951,4.976,330.12,552.56,11044.73,DEMO / SYNTHETIC DATA
DEMO_G_0635,18.5444984,73.8512738,378765,2050815,DEMO_WARD_02,DEMO Ward 02,30.297,0.4363,0.1448,24.51,50.16,0.2126,2.687,114.58,558.62,3555.67,DEMO / SYNTHETIC DATA
DEMO_G_0636,18.5445002,73.851558,378795,2050815,DEMO_WARD_02,DEMO Ward 02,34.128,0.3658,0.0079,24.7,27.42,0.1591,4.616,307.36,558.05,9916.86,DEMO / SYNTHETIC DATA
DEMO_G_0637,18.5445019,73.8518422,378825,2050815,DEMO_WARD_02,DEMO Ward 02,31.747,0.3715,0.1879,12.46,46.66,0.1837,5.485,502.31,558.01,9963.6,DEMO / SYNTHETIC DATA
DEMO_G_0638,18.5445036,73.8521265,378855,2050815,DEMO_WARD_02,DEMO Ward 02,31.487,0.4451,0.1774,39.78,28.0,0.19,2.527,279.11,558.83,3683.58,DEMO / SYNTHETIC DATA
DEMO_G_0639,18.5445054,73.8524107,378885,2050815,DEMO_WARD_02,DEMO Ward 02,33.061,0.1668,0.1199,19.48,40.51,0.2425,4.701,373.84,558.01,8993.43,DEMO / SYNTHETIC DATA
DEMO_G_0640,18.5445071,73.8526949,378915,2050815,DEMO_WARD_02,DEMO Ward 02,34.062,0.2309,0.0178,25.34,60.08,0.1589,4.12,231.32,557.14,13125.3,DEMO / SYNTHETIC DATA
DEMO_G_0641,18.5445088,73.8529791,378945,2050815,DEMO_WARD_03,DEMO Ward 03,34.505,0.3186,0.2104,30.93,43.49,0.2248,5.72,151.93,548.05,5956.72,DEMO / SYNTHETIC DATA
DEMO_G_0642,18.5445105,73.8532633,378975,2050815,DEMO_WARD_03,DEMO Ward 03,33.497,0.4102,0.2057,34.51,53.03,0.1292,6.367,240.12,567.63,12789.05,DEMO / SYNTHETIC DATA
DEMO_G_0643,18.5445123,73.8535475,379005,2050815,DEMO_WARD_03,DEMO Ward 03,32.754,0.3246,0.007,25.52,42.8,0.1611,6.174,138.18,557.31,7815.75,DEMO / SYNTHETIC DATA
DEMO_G_0644,18.544514,73.8538317,379035,2050815,DEMO_WARD_03,DEMO Ward 03,36.84,-0.014,0.2106,12.06,58.75,0.2282,5.61,466.21,558.89,18002.79,DEMO / SYNTHETIC DATA
DEMO_G_0645,18.5445157,73.854116,379065,2050815,DEMO_WARD_03,DEMO Ward 03,32.265,0.3442,-0.017,10.16,35.6,0.1961,4.589,325.85,562.88,8147.52,DEMO / SYNTHETIC DATA
DEMO_G_0646,18.5445174,73.8544002,379095,2050815,DEMO_WARD_03,DEMO Ward 03,35.35,0.2108,0.2525,20.33,55.55,0.1275,4.608,174.3,563.39,8667.23,DEMO / SYNTHETIC DATA
DEMO_G_0647,18.5445192,73.8546844,379125,2050815,DEMO_WARD_03,DEMO Ward 03,29.909,0.3631,0.2559,32.0,48.14,0.1444,5.011,29.66,559.16,7560.29,DEMO / SYNTHETIC DATA
DEMO_G_0648,18.5445209,73.8549686,379155,2050815,DEMO_WARD_03,DEMO Ward 03,34.62,0.268,0.1156,26.1,41.62,0.2282,4.886,129.96,558.37,10551.91,DEMO / SYNTHETIC DATA
DEMO_G_0649,18.5445226,73.8552528,379185,2050815,DEMO_WARD_03,DEMO Ward 03,33.537,0.13,0.1119,16.93,60.18,0.1454,4.914,220.94,559.38,11140.97,DEMO / SYNTHETIC DATA
DEMO_G_0650,18.5445243,73.855537,379215,2050815,DEMO_WARD_03,DEMO Ward 03,35.925,0.2276,0.337,16.32,56.94,0.2359,6.377,502.17,565.26,16766.19,DEMO / SYNTHETIC DATA
DEMO_G_0651,18.544526,73.8558212,379245,2050815,DEMO_WARD_03,DEMO Ward 03,36.625,0.1361,0.1731,20.11,63.12,0.1367,6.696,388.47,558.36,9636.09,DEMO / SYNTHETIC DATA
DEMO_G_0652,18.5445278,73.8561055,379275,2050815,DEMO_WARD_03,DEMO Ward 03,34.064,0.3083,0.1621,28.13,60.58,0.2548,5.645,445.67,566.55,7581.96,DEMO / SYNTHETIC DATA
DEMO_G_0653,18.5445295,73.8563897,379305,2050815,DEMO_WARD_03,DEMO Ward 03,35.136,0.1588,0.04,29.39,64.54,0.2177,4.575,380.39,557.29,14361.21,DEMO / SYNTHETIC DATA
DEMO_G_0654,18.5445312,73.8566739,379335,2050815,DEMO_WARD_03,DEMO Ward 03,37.237,0.1806,0.4079,19.8,45.88,0.2022,5.748,524.38,553.67,12238.66,DEMO / SYNTHETIC DATA
DEMO_G_0655,18.5445329,73.8569581,379365,2050815,DEMO_WARD_03,DEMO Ward 03,36.672,0.0231,0.3494,14.36,88.89,0.1964,8.29,589.88,560.35,15307.69,DEMO / SYNTHETIC DATA
DEMO_G_0656,18.5445347,73.8572423,379395,2050815,DEMO_WARD_03,DEMO Ward 03,34.63,0.3348,0.3442,17.35,73.51,0.2745,6.675,364.21,554.26,20845.25,DEMO / SYNTHETIC DATA
DEMO_G_0657,18.5445364,73.8575265,379425,2050815,DEMO_WARD_03,DEMO Ward 03,37.47,0.0517,0.3167,11.65,73.25,0.1339,6.46,495.13,560.36,14774.9,DEMO / SYNTHETIC DATA
DEMO_G_0658,18.5445381,73.8578107,379455,2050815,DEMO_WARD_03,DEMO Ward 03,34.425,0.2282,0.2952,24.66,63.84,0.2333,5.663,352.13,566.25,15683.96,DEMO / SYNTHETIC DATA
DEMO_G_0659,18.5445398,73.858095,379485,2050815,DEMO_WARD_03,DEMO Ward 03,33.564,0.2474,0.2898,34.2,61.62,0.2427,4.853,370.98,556.83,10795.54,DEMO / SYNTHETIC DATA
DEMO_G_0660,18.5445415,73.8583792,379515,2050815,DEMO_WARD_03,DEMO Ward 03,38.989,0.1243,0.4792,8.46,72.71,0.2024,7.943,460.8,565.24,19364.84,DEMO / SYNTHETIC DATA
DEMO_G_0661,18.5447105,73.8416087,377745,2050845,DEMO_WARD_01,DEMO Ward 01,32.477,0.2541,0.044,26.91,53.46,0.2345,5.648,404.48,562.74,14003.76,DEMO / SYNTHETIC DATA
DEMO_G_0662,18.5447122,73.8418929,377775,2050845,DEMO_WARD_01,DEMO Ward 01,35.939,0.1231,0.2503,35.05,54.62,0.2148,7.332,451.12,556.05,13317.38,DEMO / SYNTHETIC DATA
DEMO_G_0663,18.544714,73.8421772,377805,2050845,DEMO_WARD_01,DEMO Ward 01,31.764,0.3013,0.2017,31.19,53.99,0.2514,4.961,287.51,565.8,14705.41,DEMO / SYNTHETIC DATA
DEMO_G_0664,18.5447157,73.8424614,377835,2050845,DEMO_WARD_01,DEMO Ward 01,36.125,0.2919,0.2666,18.7,56.46,0.1801,5.063,341.49,555.2,10257.38,DEMO / SYNTHETIC DATA
DEMO_G_0665,18.5447175,73.8427456,377865,2050845,DEMO_WARD_01,DEMO Ward 01,36.681,0.2932,0.2864,25.0,65.13,0.2223,6.652,319.32,551.97,15434.97,DEMO / SYNTHETIC DATA
DEMO_G_0666,18.5447192,73.8430298,377895,2050845,DEMO_WARD_01,DEMO Ward 01,36.641,0.0913,0.3077,4.83,48.92,0.1438,4.233,294.21,558.89,10075.53,DEMO / SYNTHETIC DATA
DEMO_G_0667,18.544721,73.843314,377925,2050845,DEMO_WARD_01,DEMO Ward 01,37.211,0.1502,0.2643,19.21,56.86,0.1211,2.913,357.68,559.01,12685.52,DEMO / SYNTHETIC DATA
DEMO_G_0668,18.5447227,73.8435982,377955,2050845,DEMO_WARD_01,DEMO Ward 01,33.572,0.2771,0.1487,18.73,39.84,0.2694,5.338,507.55,561.06,15095.27,DEMO / SYNTHETIC DATA
DEMO_G_0669,18.5447244,73.8438824,377985,2050845,DEMO_WARD_01,DEMO Ward 01,33.971,0.2889,0.2734,32.2,55.7,0.2163,3.655,259.15,561.01,14363.16,DEMO / SYNTHETIC DATA
DEMO_G_0670,18.5447262,73.8441667,378015,2050845,DEMO_WARD_01,DEMO Ward 01,35.739,0.1926,0.2418,19.21,67.13,0.1798,5.351,282.62,564.66,16319.94,DEMO / SYNTHETIC DATA
DEMO_G_0671,18.5447279,73.8444509,378045,2050845,DEMO_WARD_01,DEMO Ward 01,32.766,0.231,0.0165,24.67,50.17,0.2159,3.843,374.14,561.17,10687.8,DEMO / SYNTHETIC DATA
DEMO_G_0672,18.5447297,73.8447351,378075,2050845,DEMO_WARD_01,DEMO Ward 01,32.343,0.2686,0.1694,19.54,55.12,0.2386,4.876,218.11,568.33,12833.48,DEMO / SYNTHETIC DATA
DEMO_G_0673,18.5447314,73.8450193,378105,2050845,DEMO_WARD_01,DEMO Ward 01,33.503,0.3313,0.3684,24.09,62.61,0.2374,4.742,382.22,558.65,12187.54,DEMO / SYNTHETIC DATA
DEMO_G_0674,18.5447331,73.8453035,378135,2050845,DEMO_WARD_01,DEMO Ward 01,34.164,0.1897,0.0501,9.27,63.87,0.2091,7.014,604.14,557.83,16644.44,DEMO / SYNTHETIC DATA
DEMO_G_0675,18.5447349,73.8455877,378165,2050845,DEMO_WARD_01,DEMO Ward 01,36.739,0.1953,0.1221,18.32,57.24,0.1613,4.577,369.01,563.06,17729.58,DEMO / SYNTHETIC DATA
DEMO_G_0676,18.5447366,73.8458719,378195,2050845,DEMO_WARD_01,DEMO Ward 01,36.498,0.1132,0.2062,17.53,76.82,0.1519,8.905,424.02,556.51,14786.42,DEMO / SYNTHETIC DATA
DEMO_G_0677,18.5447383,73.8461562,378225,2050845,DEMO_WARD_01,DEMO Ward 01,37.169,0.1449,0.4994,10.1,72.17,0.2012,7.129,647.2,563.93,21392.4,DEMO / SYNTHETIC DATA
DEMO_G_0678,18.5447401,73.8464404,378255,2050845,DEMO_WARD_01,DEMO Ward 01,35.023,0.2579,0.1723,27.31,48.49,0.2033,5.204,283.19,551.38,13594.08,DEMO / SYNTHETIC DATA
DEMO_G_0679,18.5447418,73.8467246,378285,2050845,DEMO_WARD_01,DEMO Ward 01,39.026,0.1832,0.4297,26.94,83.55,0.1859,7.036,449.05,558.82,17109.14,DEMO / SYNTHETIC DATA
DEMO_G_0680,18.5447436,73.8470088,378315,2050845,DEMO_WARD_01,DEMO Ward 01,36.186,0.2791,0.1949,26.44,55.55,0.1701,6.154,282.46,561.72,15774.51,DEMO / SYNTHETIC DATA
DEMO_G_0681,18.5447453,73.847293,378345,2050845,DEMO_WARD_02,DEMO Ward 02,31.419,0.3485,0.2116,22.52,47.94,0.2354,5.738,412.29,560.68,10129.79,DEMO / SYNTHETIC DATA
DEMO_G_0682,18.544747,73.8475772,378375,2050845,DEMO_WARD_02,DEMO Ward 02,36.96,0.1431,0.2773,13.93,58.48,0.1422,8.032,434.83,557.03,18480.96,DEMO / SYNTHETIC DATA
DEMO_G_0683,18.5447488,73.8478614,378405,2050845,DEMO_WARD_02,DEMO Ward 02,35.445,0.3641,0.2711,28.53,55.42,0.2238,5.715,303.04,557.25,10198.45,DEMO / SYNTHETIC DATA
DEMO_G_0684,18.5447505,73.8481456,378435,2050845,DEMO_WARD_02,DEMO Ward 02,35.116,0.2596,0.305,19.69,69.37,0.1635,4.462,449.89,562.39,14863.25,DEMO / SYNTHETIC DATA
DEMO_G_0685,18.5447522,73.8484299,378465,2050845,DEMO_WARD_02,DEMO Ward 02,36.769,0.1521,0.4539,19.69,72.33,0.1837,8.195,325.65,558.99,15520.97,DEMO / SYNTHETIC DATA
DEMO_G_0686,18.544754,73.8487141,378495,2050845,DEMO_WARD_02,DEMO Ward 02,35.316,0.2068,0.2728,28.24,72.85,0.1792,6.992,389.23,558.49,18121.37,DEMO / SYNTHETIC DATA
DEMO_G_0687,18.5447557,73.8489983,378525,2050845,DEMO_WARD_02,DEMO Ward 02,32.969,0.224,0.0309,22.54,46.57,0.1596,2.732,283.17,562.05,11963.59,DEMO / SYNTHETIC DATA
DEMO_G_0688,18.5447574,73.8492825,378555,2050845,DEMO_WARD_02,DEMO Ward 02,27.282,0.6851,-0.1397,43.9,31.1,0.3115,1.641,299.7,553.51,5118.7,DEMO / SYNTHETIC DATA
DEMO_G_0689,18.5447592,73.8495667,378585,2050845,DEMO_WARD_02,DEMO Ward 02,37.07,0.1176,0.267,9.66,76.53,0.1167,6.734,626.42,560.86,14177.89,DEMO / SYNTHETIC DATA
DEMO_G_0690,18.5447609,73.8498509,378615,2050845,DEMO_WARD_02,DEMO Ward 02,32.604,0.4432,0.0911,26.16,45.84,0.1897,4.222,300.35,554.35,10169.95,DEMO / SYNTHETIC DATA
DEMO_G_0691,18.5447626,73.8501351,378645,2050845,DEMO_WARD_02,DEMO Ward 02,35.846,0.1833,0.2638,25.64,63.8,0.1917,5.298,561.71,556.85,12302.28,DEMO / SYNTHETIC DATA
DEMO_G_0692,18.5447643,73.8504194,378675,2050845,DEMO_WARD_02,DEMO Ward 02,36.751,0.2888,0.1383,32.32,59.19,0.2145,4.908,466.51,558.71,10054.68,DEMO / SYNTHETIC DATA
DEMO_G_0693,18.5447661,73.8507036,378705,2050845,DEMO_WARD_02,DEMO Ward 02,34.022,0.3871,0.3059,32.49,64.45,0.1603,4.527,411.35,558.01,16820.08,DEMO / SYNTHETIC DATA
DEMO_G_0694,18.5447678,73.8509878,378735,2050845,DEMO_WARD_02,DEMO Ward 02,32.566,0.3181,0.2145,15.29,55.86,0.2058,3.658,261.92,558.13,5084.75,DEMO / SYNTHETIC DATA
DEMO_G_0695,18.5447695,73.851272,378765,2050845,DEMO_WARD_02,DEMO Ward 02,35.106,0.1528,0.1522,6.05,52.31,0.1873,5.321,270.8,560.84,10603.77,DEMO / SYNTHETIC DATA
DEMO_G_0696,18.5447713,73.8515562,378795,2050845,DEMO_WARD_02,DEMO Ward 02,32.128,0.2611,0.0572,29.24,38.68,0.2114,5.816,332.54,558.66,5311.08,DEMO / SYNTHETIC DATA
DEMO_G_0697,18.544773,73.8518404,378825,2050845,DEMO_WARD_02,DEMO Ward 02,34.711,0.338,0.1078,49.88,59.29,0.1377,4.621,297.75,557.54,8925.88,DEMO / SYNTHETIC DATA
DEMO_G_0698,18.5447747,73.8521246,378855,2050845,DEMO_WARD_02,DEMO Ward 02,32.404,0.4076,0.0379,47.2,55.4,0.1424,3.817,130.64,557.24,9690.01,DEMO / SYNTHETIC DATA
DEMO_G_0699,18.5447764,73.8524089,378885,2050845,DEMO_WARD_02,DEMO Ward 02,35.23,0.0147,0.2167,19.68,61.02,0.1809,5.686,505.7,569.17,9987.26,DEMO / SYNTHETIC DATA
DEMO_G_0700,18.5447782,73.8526931,378915,2050845,DEMO_WARD_02,DEMO Ward 02,30.728,0.3332,-0.1164,34.17,29.92,0.2286,3.691,150.88,551.9,8730.09,DEMO / SYNTHETIC DATA
DEMO_G_0701,18.5447799,73.8529773,378945,2050845,DEMO_WARD_03,DEMO Ward 03,29.97,0.3293,0.1546,40.07,38.45,0.1901,4.381,208.91,556.35,8693.96,DEMO / SYNTHETIC DATA
DEMO_G_0702,18.5447816,73.8532615,378975,2050845,DEMO_WARD_03,DEMO Ward 03,30.382,0.2132,0.0807,21.17,44.1,0.1967,3.941,329.05,562.27,14302.19,DEMO / SYNTHETIC DATA
DEMO_G_0703,18.5447833,73.8535457,379005,2050845,DEMO_WARD_03,DEMO Ward 03,33.527,0.2932,0.0473,18.55,50.1,0.2335,4.525,441.32,552.87,11319.66,DEMO / SYNTHETIC DATA
DEMO_G_0704,18.5447851,73.8538299,379035,2050845,DEMO_WARD_03,DEMO Ward 03,31.129,0.2798,-0.0751,41.94,45.82,0.2829,4.328,267.95,558.18,7892.64,DEMO / SYNTHETIC DATA
DEMO_G_0705,18.5447868,73.8541142,379065,2050845,DEMO_WARD_03,DEMO Ward 03,36.308,0.0909,0.3269,15.86,92.35,0.2501,8.465,285.91,555.2,12861.14,DEMO / SYNTHETIC DATA
DEMO_G_0706,18.5447885,73.8543984,379095,2050845,DEMO_WARD_03,DEMO Ward 03,32.226,0.344,0.154,26.62,49.67,0.1494,3.363,272.72,559.06,8436.41,DEMO / SYNTHETIC DATA
DEMO_G_0707,18.5447902,73.8546826,379125,2050845,DEMO_WARD_03,DEMO Ward 03,35.701,0.2544,0.3442,33.39,64.25,0.2561,5.744,266.76,564.79,14230.95,DEMO / SYNTHETIC DATA
DEMO_G_0708,18.544792,73.8549668,379155,2050845,DEMO_WARD_03,DEMO Ward 03,37.474,0.0451,0.3108,3.99,74.47,0.1529,6.527,549.54,558.19,14775.08,DEMO / SYNTHETIC DATA
DEMO_G_0709,18.5447937,73.855251,379185,2050845,DEMO_WARD_03,DEMO Ward 03,39.762,0.0545,0.3707,15.81,69.65,0.2471,5.865,426.27,555.7,14468.2,DEMO / SYNTHETIC DATA
DEMO_G_0710,18.5447954,73.8555352,379215,2050845,DEMO_WARD_03,DEMO Ward 03,33.567,0.302,0.0133,33.88,67.71,0.2555,4.39,387.47,568.52,7868.38,DEMO / SYNTHETIC DATA
DEMO_G_0711,18.5447971,73.8558194,379245,2050845,DEMO_WARD_03,DEMO Ward 03,38.333,0.312,0.322,34.03,50.37,0.1499,6.276,387.16,550.18,15173.25,DEMO / SYNTHETIC DATA
DEMO_G_0712,18.5447989,73.8561037,379275,2050845,DEMO_WARD_03,DEMO Ward 03,35.221,0.3323,0.2248,48.92,43.82,0.111,5.722,311.44,562.57,13139.05,DEMO / SYNTHETIC DATA
DEMO_G_0713,18.5448006,73.8563879,379305,2050845,DEMO_WARD_03,DEMO Ward 03,38.354,0.1916,0.3229,12.31,76.01,0.1642,7.72,338.68,548.03,16792.26,DEMO / SYNTHETIC DATA
DEMO_G_0714,18.5448023,73.8566721,379335,2050845,DEMO_WARD_03,DEMO Ward 03,37.022,0.1667,0.2264,11.48,58.2,0.1545,7.903,380.57,555.95,15676.82,DEMO / SYNTHETIC DATA
DEMO_G_0715,18.544804,73.8569563,379365,2050845,DEMO_WARD_03,DEMO Ward 03,33.432,0.361,0.118,45.64,57.65,0.2015,3.67,312.16,557.72,8251.38,DEMO / SYNTHETIC DATA
DEMO_G_0716,18.5448057,73.8572405,379395,2050845,DEMO_WARD_03,DEMO Ward 03,36.125,0.2383,0.2522,11.95,84.78,0.2783,7.583,473.45,563.95,12481.34,DEMO / SYNTHETIC DATA
DEMO_G_0717,18.5448075,73.8575247,379425,2050845,DEMO_WARD_03,DEMO Ward 03,37.017,0.1738,0.3599,9.25,61.94,0.2079,6.374,340.49,558.65,11461.54,DEMO / SYNTHETIC DATA
DEMO_G_0718,18.5448092,73.8578089,379455,2050845,DEMO_WARD_03,DEMO Ward 03,39.03,0.0519,0.5343,11.9,87.82,0.1765,7.501,576.5,555.71,17775.96,DEMO / SYNTHETIC DATA
DEMO_G_0719,18.5448109,73.8580932,379485,2050845,DEMO_WARD_03,DEMO Ward 03,37.509,-0.0851,0.2816,0.0,64.86,0.114,6.913,486.93,560.63,12243.95,DEMO / SYNTHETIC DATA
DEMO_G_0720,18.5448126,73.8583774,379515,2050845,DEMO_WARD_03,DEMO Ward 03,33.384,0.2758,0.0336,21.87,39.91,0.2363,5.436,364.28,559.78,13334.81,DEMO / SYNTHETIC DATA
DEMO_G_0721,18.5449816,73.8416069,377745,2050875,DEMO_WARD_01,DEMO Ward 01,32.883,0.2711,0.0076,27.87,57.01,0.2345,3.258,202.01,563.25,5106.23,DEMO / SYNTHETIC DATA
DEMO_G_0722,18.5449833,73.8418911,377775,2050875,DEMO_WARD_01,DEMO Ward 01,34.512,0.2489,0.1408,23.62,58.52,0.1702,5.914,268.02,562.23,12550.43,DEMO / SYNTHETIC DATA
DEMO_G_0723,18.5449851,73.8421753,377805,2050875,DEMO_WARD_01,DEMO Ward 01,36.194,0.1856,0.1903,24.26,38.87,0.1692,4.727,193.34,556.54,9894.78,DEMO / SYNTHETIC DATA
DEMO_G_0724,18.5449868,73.8424595,377835,2050875,DEMO_WARD_01,DEMO Ward 01,34.114,0.2305,0.0523,32.57,51.46,0.1528,4.118,343.23,561.71,11384.1,DEMO / SYNTHETIC DATA
DEMO_G_0725,18.5449886,73.8427438,377865,2050875,DEMO_WARD_01,DEMO Ward 01,31.544,0.2813,-0.0519,26.57,42.95,0.2025,4.373,392.08,565.88,12816.95,DEMO / SYNTHETIC DATA
DEMO_G_0726,18.5449903,73.843028,377895,2050875,DEMO_WARD_01,DEMO Ward 01,34.408,0.1187,0.2157,9.99,59.36,0.249,5.42,233.02,560.33,6273.59,DEMO / SYNTHETIC DATA
DEMO_G_0727,18.544992,73.8433122,377925,2050875,DEMO_WARD_01,DEMO Ward 01,36.844,-0.0154,0.2274,5.87,77.76,0.2232,6.651,470.96,564.4,15110.88,DEMO / SYNTHETIC DATA
DEMO_G_0728,18.5449938,73.8435964,377955,2050875,DEMO_WARD_01,DEMO Ward 01,36.326,0.2825,0.2919,27.22,71.98,0.128,5.976,530.28,558.47,11949.53,DEMO / SYNTHETIC DATA
DEMO_G_0729,18.5449955,73.8438806,377985,2050875,DEMO_WARD_01,DEMO Ward 01,37.55,0.0799,0.3385,12.93,55.56,0.1222,7.54,541.96,559.39,13405.45,DEMO / SYNTHETIC DATA
DEMO_G_0730,18.5449973,73.8441648,378015,2050875,DEMO_WARD_01,DEMO Ward 01,40.966,0.179,0.4086,0.0,73.59,0.1645,6.468,395.07,559.48,12586.64,DEMO / SYNTHETIC DATA
DEMO_G_0731,18.544999,73.844449,378045,2050875,DEMO_WARD_01,DEMO Ward 01,31.919,0.3338,0.291,33.05,55.05,0.2086,4.781,469.44,559.44,14195.98,DEMO / SYNTHETIC DATA
DEMO_G_0732,18.5450007,73.8447333,378075,2050875,DEMO_WARD_01,DEMO Ward 01,39.716,0.1083,0.3547,29.39,91.46,0.1878,8.054,416.91,559.62,17784.3,DEMO / SYNTHETIC DATA
DEMO_G_0733,18.5450025,73.8450175,378105,2050875,DEMO_WARD_01,DEMO Ward 01,36.678,0.1669,0.2324,24.14,66.03,0.1333,5.973,460.7,555.03,13249.83,DEMO / SYNTHETIC DATA
DEMO_G_0734,18.5450042,73.8453017,378135,2050875,DEMO_WARD_01,DEMO Ward 01,33.203,0.2827,0.0961,27.71,36.31,0.2115,5.232,380.82,553.7,10580.83,DEMO / SYNTHETIC DATA
DEMO_G_0735,18.545006,73.8455859,378165,2050875,DEMO_WARD_01,DEMO Ward 01,36.64,0.1498,0.3292,13.63,71.1,0.2104,4.96,442.39,550.32,14916.75,DEMO / SYNTHETIC DATA
DEMO_G_0736,18.5450077,73.8458701,378195,2050875,DEMO_WARD_01,DEMO Ward 01,36.354,0.2396,0.2775,21.97,63.74,0.2216,7.497,605.3,552.9,17686.98,DEMO / SYNTHETIC DATA
DEMO_G_0737,18.5450094,73.8461543,378225,2050875,DEMO_WARD_01,DEMO Ward 01,38.774,0.1896,0.4298,5.71,62.28,0.1529,5.536,538.58,556.93,12562.78,DEMO / SYNTHETIC DATA
DEMO_G_0738,18.5450112,73.8464385,378255,2050875,DEMO_WARD_01,DEMO Ward 01,38.316,0.218,0.29,10.87,72.32,0.207,4.787,445.32,547.88,14251.61,DEMO / SYNTHETIC DATA
DEMO_G_0739,18.5450129,73.8467228,378285,2050875,DEMO_WARD_01,DEMO Ward 01,32.148,0.4087,0.1048,33.08,51.8,0.2249,5.679,344.18,554.83,13030.15,DEMO / SYNTHETIC DATA
DEMO_G_0740,18.5450146,73.847007,378315,2050875,DEMO_WARD_01,DEMO Ward 01,37.36,0.1386,0.4437,33.48,86.82,0.2154,5.838,638.45,562.74,18012.66,DEMO / SYNTHETIC DATA
DEMO_G_0741,18.5450164,73.8472912,378345,2050875,DEMO_WARD_02,DEMO Ward 02,34.535,0.296,0.3058,23.17,74.35,0.1833,4.661,380.02,558.46,11294.15,DEMO / SYNTHETIC DATA
DEMO_G_0742,18.5450181,73.8475754,378375,2050875,DEMO_WARD_02,DEMO Ward 02,35.332,0.2217,0.2384,19.56,59.19,0.152,6.339,282.1,562.88,12262.13,DEMO / SYNTHETIC DATA
DEMO_G_0743,18.5450198,73.8478596,378405,2050875,DEMO_WARD_02,DEMO Ward 02,31.644,0.3922,0.0815,48.18,46.68,0.2463,2.917,164.92,560.4,10630.93,DEMO / SYNTHETIC DATA
DEMO_G_0744,18.5450216,73.8481438,378435,2050875,DEMO_WARD_02,DEMO Ward 02,36.993,0.031,0.3201,18.03,82.07,0.2349,7.123,436.31,569.79,18157.03,DEMO / SYNTHETIC DATA
DEMO_G_0745,18.5450233,73.848428,378465,2050875,DEMO_WARD_02,DEMO Ward 02,35.888,0.2744,0.199,30.22,56.84,0.2175,5.302,266.33,564.05,12740.17,DEMO / SYNTHETIC DATA
DEMO_G_0746,18.545025,73.8487123,378495,2050875,DEMO_WARD_02,DEMO Ward 02,34.299,0.3654,0.2439,39.85,63.99,0.2573,4.214,444.8,560.73,10488.64,DEMO / SYNTHETIC DATA
DEMO_G_0747,18.5450268,73.8489965,378525,2050875,DEMO_WARD_02,DEMO Ward 02,36.856,0.2006,0.2505,15.66,77.75,0.1388,5.072,298.2,558.48,13579.13,DEMO / SYNTHETIC DATA
DEMO_G_0748,18.5450285,73.8492807,378555,2050875,DEMO_WARD_02,DEMO Ward 02,35.249,0.1981,0.1359,20.55,51.97,0.1801,5.452,427.21,559.89,9328.83,DEMO / SYNTHETIC DATA
DEMO_G_0749,18.5450302,73.8495649,378585,2050875,DEMO_WARD_02,DEMO Ward 02,30.726,0.4268,0.1721,36.94,35.75,0.2306,4.176,189.24,552.1,6766.07,DEMO / SYNTHETIC DATA
DEMO_G_0750,18.545032,73.8498491,378615,2050875,DEMO_WARD_02,DEMO Ward 02,34.521,0.321,0.2204,21.66,51.02,0.2477,5.148,289.54,556.54,4509.25,DEMO / SYNTHETIC DATA
DEMO_G_0751,18.5450337,73.8501333,378645,2050875,DEMO_WARD_02,DEMO Ward 02,35.992,0.2637,0.3217,21.72,47.96,0.2622,5.611,443.75,559.01,13564.7,DEMO / SYNTHETIC DATA
DEMO_G_0752,18.5450354,73.8504175,378675,2050875,DEMO_WARD_02,DEMO Ward 02,29.694,0.342,0.0281,30.31,37.62,0.207,3.874,173.86,556.17,6346.63,DEMO / SYNTHETIC DATA
DEMO_G_0753,18.5450372,73.8507018,378705,2050875,DEMO_WARD_02,DEMO Ward 02,35.177,0.3696,0.2125,25.69,59.32,0.2347,7.791,288.9,557.91,7437.38,DEMO / SYNTHETIC DATA
DEMO_G_0754,18.5450389,73.850986,378735,2050875,DEMO_WARD_02,DEMO Ward 02,33.25,0.2213,0.0046,12.36,35.79,0.2742,4.035,206.67,559.62,5783.64,DEMO / SYNTHETIC DATA
DEMO_G_0755,18.5450406,73.8512702,378765,2050875,DEMO_WARD_02,DEMO Ward 02,33.815,0.2399,0.0635,15.15,52.27,0.2074,3.95,463.87,552.75,7232.58,DEMO / SYNTHETIC DATA
DEMO_G_0756,18.5450423,73.8515544,378795,2050875,DEMO_WARD_02,DEMO Ward 02,32.495,0.3538,0.1776,14.67,37.76,0.1979,5.077,378.53,551.98,8583.41,DEMO / SYNTHETIC DATA
DEMO_G_0757,18.5450441,73.8518386,378825,2050875,DEMO_WARD_02,DEMO Ward 02,32.618,0.169,-0.0274,22.62,53.14,0.2106,4.725,275.8,554.19,13351.85,DEMO / SYNTHETIC DATA
DEMO_G_0758,18.5450458,73.8521228,378855,2050875,DEMO_WARD_02,DEMO Ward 02,29.737,0.3756,0.0181,37.27,51.62,0.1946,4.491,348.65,561.97,9890.14,DEMO / SYNTHETIC DATA
DEMO_G_0759,18.5450475,73.8524071,378885,2050875,DEMO_WARD_02,DEMO Ward 02,31.565,0.1501,0.0776,20.14,36.04,0.2106,3.869,147.58,552.52,10918.59,DEMO / SYNTHETIC DATA
DEMO_G_0760,18.5450493,73.8526913,378915,2050875,DEMO_WARD_02,DEMO Ward 02,33.137,0.3471,-0.0802,21.65,47.42,0.2189,4.159,263.31,568.05,7701.84,DEMO / SYNTHETIC DATA
DEMO_G_0761,18.545051,73.8529755,378945,2050875,DEMO_WARD_03,DEMO Ward 03,36.127,0.1913,0.2584,29.59,62.41,0.1821,6.261,344.91,552.74,11907.2,DEMO / SYNTHETIC DATA
DEMO_G_0762,18.5450527,73.8532597,378975,2050875,DEMO_WARD_03,DEMO Ward 03,34.204,0.2491,0.2329,41.84,69.72,0.2174,4.924,466.62,562.62,12453.02,DEMO / SYNTHETIC DATA
DEMO_G_0763,18.5450544,73.8535439,379005,2050875,DEMO_WARD_03,DEMO Ward 03,34.109,0.4782,0.2545,36.0,52.91,0.1533,7.213,239.14,567.48,8160.49,DEMO / SYNTHETIC DATA
DEMO_G_0764,18.5450562,73.8538281,379035,2050875,DEMO_WARD_03,DEMO Ward 03,27.437,0.3843,-0.0058,53.28,33.54,0.2556,2.134,354.5,556.08,11352.26,DEMO / SYNTHETIC DATA
DEMO_G_0765,18.5450579,73.8541123,379065,2050875,DEMO_WARD_03,DEMO Ward 03,28.259,0.465,0.1745,27.25,35.74,0.2273,4.907,345.91,564.52,12968.68,DEMO / SYNTHETIC DATA
DEMO_G_0766,18.5450596,73.8543966,379095,2050875,DEMO_WARD_03,DEMO Ward 03,35.515,0.1606,0.199,11.97,63.6,0.1998,5.406,321.88,558.71,16733.27,DEMO / SYNTHETIC DATA
DEMO_G_0767,18.5450613,73.8546808,379125,2050875,DEMO_WARD_03,DEMO Ward 03,36.954,0.1638,0.3083,24.63,72.13,0.1323,7.47,398.78,561.42,15747.43,DEMO / SYNTHETIC DATA
DEMO_G_0768,18.5450631,73.854965,379155,2050875,DEMO_WARD_03,DEMO Ward 03,35.365,0.191,0.245,19.52,47.43,0.1231,4.387,321.94,552.57,15058.46,DEMO / SYNTHETIC DATA
DEMO_G_0769,18.5450648,73.8552492,379185,2050875,DEMO_WARD_03,DEMO Ward 03,34.069,0.1381,0.0916,9.63,35.86,0.1462,1.81,449.7,555.54,2843.57,DEMO / SYNTHETIC DATA
DEMO_G_0770,18.5450665,73.8555334,379215,2050875,DEMO_WARD_03,DEMO Ward 03,32.768,0.3045,0.2013,39.08,53.62,0.1714,3.463,406.1,560.97,14407.7,DEMO / SYNTHETIC DATA
DEMO_G_0771,18.5450682,73.8558176,379245,2050875,DEMO_WARD_03,DEMO Ward 03,35.653,0.4313,0.0027,36.11,49.09,0.2367,6.591,349.76,560.08,7245.79,DEMO / SYNTHETIC DATA
DEMO_G_0772,18.5450699,73.8561018,379275,2050875,DEMO_WARD_03,DEMO Ward 03,36.472,0.1771,0.377,6.85,58.81,0.1735,6.195,363.0,555.41,12615.32,DEMO / SYNTHETIC DATA
DEMO_G_0773,18.5450717,73.8563861,379305,2050875,DEMO_WARD_03,DEMO Ward 03,36.807,0.2288,0.255,23.93,75.68,0.2831,7.265,404.7,556.96,11353.51,DEMO / SYNTHETIC DATA
DEMO_G_0774,18.5450734,73.8566703,379335,2050875,DEMO_WARD_03,DEMO Ward 03,34.735,0.271,0.3538,20.33,54.26,0.1988,5.809,234.9,560.49,13490.33,DEMO / SYNTHETIC DATA
DEMO_G_0775,18.5450751,73.8569545,379365,2050875,DEMO_WARD_03,DEMO Ward 03,37.927,0.0145,0.3273,14.59,63.74,0.2104,9.371,482.4,553.86,18056.99,DEMO / SYNTHETIC DATA
DEMO_G_0776,18.5450768,73.8572387,379395,2050875,DEMO_WARD_03,DEMO Ward 03,32.411,0.1388,0.0028,12.79,58.75,0.2493,5.696,514.55,556.3,15544.3,DEMO / SYNTHETIC DATA
DEMO_G_0777,18.5450786,73.8575229,379425,2050875,DEMO_WARD_03,DEMO Ward 03,37.536,0.251,0.3573,35.47,62.93,0.1604,7.161,359.0,560.92,13983.72,DEMO / SYNTHETIC DATA
DEMO_G_0778,18.5450803,73.8578071,379455,2050875,DEMO_WARD_03,DEMO Ward 03,35.239,0.1248,0.2843,13.33,80.17,0.2279,7.664,473.44,569.28,13012.82,DEMO / SYNTHETIC DATA
DEMO_G_0779,18.545082,73.8580914,379485,2050875,DEMO_WARD_03,DEMO Ward 03,36.669,-0.0014,0.4619,11.26,76.73,0.2481,7.813,682.89,568.59,15585.95,DEMO / SYNTHETIC DATA
DEMO_G_0780,18.5450837,73.8583756,379515,2050875,DEMO_WARD_03,DEMO Ward 03,34.631,0.1449,0.1586,4.7,85.34,0.174,8.282,517.35,557.06,14573.65,DEMO / SYNTHETIC DATA
DEMO_G_0781,18.5452527,73.8416051,377745,2050905,DEMO_WARD_01,DEMO Ward 01,34.132,0.4303,0.1922,20.93,40.22,0.2418,4.779,262.97,564.61,10813.1,DEMO / SYNTHETIC DATA
DEMO_G_0782,18.5452544,73.8418893,377775,2050905,DEMO_WARD_01,DEMO Ward 01,36.086,0.22,0.1921,39.9,70.61,0.1663,4.723,351.93,560.68,10990.14,DEMO / SYNTHETIC DATA
DEMO_G_0783,18.5452562,73.8421735,377805,2050905,DEMO_WARD_01,DEMO Ward 01,39.514,0.2231,0.3656,18.83,57.95,0.199,5.667,509.55,568.53,16158.59,DEMO / SYNTHETIC DATA
DEMO_G_0784,18.5452579,73.8424577,377835,2050905,DEMO_WARD_01,DEMO Ward 01,37.194,0.3011,0.251,14.34,35.4,0.1639,5.613,305.59,559.9,9597.14,DEMO / SYNTHETIC DATA
DEMO_G_0785,18.5452596,73.8427419,377865,2050905,DEMO_WARD_01,DEMO Ward 01,34.042,0.1711,0.2134,11.02,54.88,0.2306,3.408,434.3,561.46,14083.15,DEMO / SYNTHETIC DATA
DEMO_G_0786,18.5452614,73.8430262,377895,2050905,DEMO_WARD_01,DEMO Ward 01,36.515,0.2732,0.235,29.02,52.91,0.174,6.245,318.48,566.14,10109.99,DEMO / SYNTHETIC DATA
DEMO_G_0787,18.5452631,73.8433104,377925,2050905,DEMO_WARD_01,DEMO Ward 01,37.191,0.1766,0.1918,21.39,65.73,0.166,5.757,476.19,555.37,14483.2,DEMO / SYNTHETIC DATA
DEMO_G_0788,18.5452649,73.8435946,377955,2050905,DEMO_WARD_01,DEMO Ward 01,33.741,0.2494,0.1602,22.82,53.83,0.247,4.876,252.1,560.72,13027.66,DEMO / SYNTHETIC DATA
DEMO_G_0789,18.5452666,73.8438788,377985,2050905,DEMO_WARD_01,DEMO Ward 01,35.617,0.1765,0.2275,26.13,76.31,0.2303,7.798,492.18,560.6,13810.59,DEMO / SYNTHETIC DATA
DEMO_G_0790,18.5452684,73.844163,378015,2050905,DEMO_WARD_01,DEMO Ward 01,31.024,0.3994,0.2189,28.15,57.66,0.1841,5.431,388.69,547.63,10927.54,DEMO / SYNTHETIC DATA
DEMO_G_0791,18.5452701,73.8444472,378045,2050905,DEMO_WARD_01,DEMO Ward 01,37.427,0.2886,0.2072,16.07,41.69,0.167,4.521,244.4,565.64,7966.76,DEMO / SYNTHETIC DATA
DEMO_G_0792,18.5452718,73.8447314,378075,2050905,DEMO_WARD_01,DEMO Ward 01,35.569,0.1258,0.2894,22.58,45.51,0.1705,5.972,458.75,558.74,9292.65,DEMO / SYNTHETIC DATA
DEMO_G_0793,18.5452736,73.8450157,378105,2050905,DEMO_WARD_01,DEMO Ward 01,35.948,0.1858,0.2137,32.45,56.42,0.1367,6.804,414.67,554.14,10430.93,DEMO / SYNTHETIC DATA
DEMO_G_0794,18.5452753,73.8452999,378135,2050905,DEMO_WARD_01,DEMO Ward 01,36.088,0.1557,0.2685,7.56,62.51,0.1762,8.514,425.6,556.01,16693.0,DEMO / SYNTHETIC DATA
DEMO_G_0795,18.545277,73.8455841,378165,2050905,DEMO_WARD_01,DEMO Ward 01,33.726,0.203,0.3186,18.93,71.81,0.1607,5.867,383.84,557.37,14609.14,DEMO / SYNTHETIC DATA
DEMO_G_0796,18.5452788,73.8458683,378195,2050905,DEMO_WARD_01,DEMO Ward 01,34.961,0.2534,0.1845,15.83,62.05,0.2402,5.316,528.77,561.45,13874.84,DEMO / SYNTHETIC DATA
DEMO_G_0797,18.5452805,73.8461525,378225,2050905,DEMO_WARD_01,DEMO Ward 01,33.628,0.194,0.2716,31.61,63.75,0.2213,6.503,570.28,560.38,14404.88,DEMO / SYNTHETIC DATA
DEMO_G_0798,18.5452823,73.8464367,378255,2050905,DEMO_WARD_01,DEMO Ward 01,34.565,0.0928,0.2341,13.01,47.51,0.1695,5.053,371.57,561.9,12660.32,DEMO / SYNTHETIC DATA
DEMO_G_0799,18.545284,73.8467209,378285,2050905,DEMO_WARD_01,DEMO Ward 01,31.353,0.3302,0.0905,49.99,38.51,0.2471,5.934,325.62,559.26,7956.27,DEMO / SYNTHETIC DATA
DEMO_G_0800,18.5452857,73.8470052,378315,2050905,DEMO_WARD_01,DEMO Ward 01,39.111,0.0607,0.3355,9.42,81.01,0.2201,9.278,314.8,551.12,17268.76,DEMO / SYNTHETIC DATA
DEMO_G_0801,18.5452875,73.8472894,378345,2050905,DEMO_WARD_02,DEMO Ward 02,39.297,0.0853,0.2328,0.0,70.61,0.1688,8.101,574.27,565.25,16159.16,DEMO / SYNTHETIC DATA
DEMO_G_0802,18.5452892,73.8475736,378375,2050905,DEMO_WARD_02,DEMO Ward 02,35.153,0.2837,0.2619,40.61,56.6,0.2336,4.778,254.67,553.54,12619.78,DEMO / SYNTHETIC DATA
DEMO_G_0803,18.5452909,73.8478578,378405,2050905,DEMO_WARD_02,DEMO Ward 02,35.099,0.4095,0.3769,23.1,74.8,0.2105,8.028,456.37,551.64,20505.09,DEMO / SYNTHETIC DATA
DEMO_G_0804,18.5452927,73.848142,378435,2050905,DEMO_WARD_02,DEMO Ward 02,35.075,0.4774,0.1794,40.49,52.36,0.1984,6.961,388.32,559.87,11273.29,DEMO / SYNTHETIC DATA
DEMO_G_0805,18.5452944,73.8484262,378465,2050905,DEMO_WARD_02,DEMO Ward 02,32.83,0.3533,0.2104,37.1,47.04,0.2223,4.611,256.05,562.16,10127.48,DEMO / SYNTHETIC DATA
DEMO_G_0806,18.5452961,73.8487104,378495,2050905,DEMO_WARD_02,DEMO Ward 02,36.691,0.1246,0.2886,9.14,67.61,0.207,5.966,534.21,562.72,12870.1,DEMO / SYNTHETIC DATA
DEMO_G_0807,18.5452979,73.8489947,378525,2050905,DEMO_WARD_02,DEMO Ward 02,35.315,0.3054,0.2229,26.14,64.16,0.1666,5.887,322.85,561.67,15713.34,DEMO / SYNTHETIC DATA
DEMO_G_0808,18.5452996,73.8492789,378555,2050905,DEMO_WARD_02,DEMO Ward 02,36.634,0.2676,0.1285,30.68,48.86,0.172,4.641,166.17,556.14,10800.5,DEMO / SYNTHETIC DATA
DEMO_G_0809,18.5453013,73.8495631,378585,2050905,DEMO_WARD_02,DEMO Ward 02,31.009,0.1649,0.1683,26.27,53.24,0.2033,6.312,340.89,555.79,11123.47,DEMO / SYNTHETIC DATA
DEMO_G_0810,18.5453031,73.8498473,378615,2050905,DEMO_WARD_02,DEMO Ward 02,37.035,0.0299,0.2508,21.98,66.3,0.1529,5.556,441.2,565.37,15619.42,DEMO / SYNTHETIC DATA
DEMO_G_0811,18.5453048,73.8501315,378645,2050905,DEMO_WARD_02,DEMO Ward 02,34.73,0.3058,0.0324,35.73,53.24,0.1981,5.79,316.0,554.98,10207.52,DEMO / SYNTHETIC DATA
DEMO_G_0812,18.5453065,73.8504157,378675,2050905,DEMO_WARD_02,DEMO Ward 02,32.102,0.2589,0.159,47.27,60.79,0.2126,7.458,389.75,565.17,12942.24,DEMO / SYNTHETIC DATA
DEMO_G_0813,18.5453083,73.8506999,378705,2050905,DEMO_WARD_02,DEMO Ward 02,35.366,0.2974,0.1391,23.73,52.33,0.1873,6.781,299.29,556.63,8416.99,DEMO / SYNTHETIC DATA
DEMO_G_0814,18.54531,73.8509842,378735,2050905,DEMO_WARD_02,DEMO Ward 02,31.092,0.3439,-0.0266,14.69,31.46,0.2544,3.042,168.18,561.25,9054.07,DEMO / SYNTHETIC DATA
DEMO_G_0815,18.5453117,73.8512684,378765,2050905,DEMO_WARD_02,DEMO Ward 02,33.074,0.2587,0.0576,19.89,63.5,0.2555,2.339,287.39,558.2,7984.15,DEMO / SYNTHETIC DATA
DEMO_G_0816,18.5453134,73.8515526,378795,2050905,DEMO_WARD_02,DEMO Ward 02,33.42,0.2667,-0.0212,25.67,37.6,0.2564,6.385,304.15,558.5,9127.72,DEMO / SYNTHETIC DATA
DEMO_G_0817,18.5453152,73.8518368,378825,2050905,DEMO_WARD_02,DEMO Ward 02,30.842,0.4676,0.007,52.25,37.6,0.1849,4.002,298.11,561.51,7294.1,DEMO / SYNTHETIC DATA
DEMO_G_0818,18.5453169,73.852121,378855,2050905,DEMO_WARD_02,DEMO Ward 02,28.647,0.4573,-0.146,46.23,28.51,0.2284,1.727,39.53,557.99,2834.19,DEMO / SYNTHETIC DATA
DEMO_G_0819,18.5453186,73.8524052,378885,2050905,DEMO_WARD_02,DEMO Ward 02,37.277,0.1637,0.1182,11.92,55.98,0.1772,5.241,518.58,556.31,12915.22,DEMO / SYNTHETIC DATA
DEMO_G_0820,18.5453203,73.8526895,378915,2050905,DEMO_WARD_02,DEMO Ward 02,29.13,0.5398,0.0925,28.17,42.44,0.2685,5.329,311.17,561.84,5629.61,DEMO / SYNTHETIC DATA
DEMO_G_0821,18.5453221,73.8529737,378945,2050905,DEMO_WARD_03,DEMO Ward 03,34.47,0.2052,0.242,21.88,66.1,0.207,6.001,422.9,564.4,12405.56,DEMO / SYNTHETIC DATA
DEMO_G_0822,18.5453238,73.8532579,378975,2050905,DEMO_WARD_03,DEMO Ward 03,31.555,0.412,0.0982,40.05,36.1,0.2002,3.871,51.68,565.85,9012.69,DEMO / SYNTHETIC DATA
DEMO_G_0823,18.5453255,73.8535421,379005,2050905,DEMO_WARD_03,DEMO Ward 03,33.219,0.5384,0.1568,36.25,50.4,0.1612,4.54,292.41,556.64,11502.8,DEMO / SYNTHETIC DATA
DEMO_G_0824,18.5453273,73.8538263,379035,2050905,DEMO_WARD_03,DEMO Ward 03,34.753,0.3827,0.2355,48.45,53.92,0.2298,4.791,219.34,564.41,6330.34,DEMO / SYNTHETIC DATA
DEMO_G_0825,18.545329,73.8541105,379065,2050905,DEMO_WARD_03,DEMO Ward 03,34.736,0.3717,0.217,28.04,67.79,0.2808,5.23,279.99,563.05,10011.78,DEMO / SYNTHETIC DATA
DEMO_G_0826,18.5453307,73.8543948,379095,2050905,DEMO_WARD_03,DEMO Ward 03,38.37,0.1838,0.4235,16.07,69.86,0.1703,6.111,477.13,557.63,13451.82,DEMO / SYNTHETIC DATA
DEMO_G_0827,18.5453324,73.854679,379125,2050905,DEMO_WARD_03,DEMO Ward 03,34.64,0.4057,0.1647,34.77,57.04,0.1884,4.058,181.9,561.79,9033.55,DEMO / SYNTHETIC DATA
DEMO_G_0828,18.5453341,73.8549632,379155,2050905,DEMO_WARD_03,DEMO Ward 03,32.406,0.2979,0.0751,43.98,51.71,0.1809,6.337,301.87,566.12,11930.12,DEMO / SYNTHETIC DATA
DEMO_G_0829,18.5453359,73.8552474,379185,2050905,DEMO_WARD_03,DEMO Ward 03,36.23,0.2741,0.3601,27.93,59.5,0.1787,5.964,184.71,556.97,9069.3,DEMO / SYNTHETIC DATA
DEMO_G_0830,18.5453376,73.8555316,379215,2050905,DEMO_WARD_03,DEMO Ward 03,36.17,0.2542,0.3309,16.36,80.67,0.1619,7.767,479.6,555.94,15987.36,DEMO / SYNTHETIC DATA
DEMO_G_0831,18.5453393,73.8558158,379245,2050905,DEMO_WARD_03,DEMO Ward 03,36.085,0.0771,0.1685,17.95,70.97,0.2009,7.381,596.4,557.18,13215.86,DEMO / SYNTHETIC DATA
DEMO_G_0832,18.545341,73.8561,379275,2050905,DEMO_WARD_03,DEMO Ward 03,36.136,-0.0221,0.1773,9.67,65.96,0.1325,7.337,285.05,558.18,9105.14,DEMO / SYNTHETIC DATA
DEMO_G_0833,18.5453428,73.8563843,379305,2050905,DEMO_WARD_03,DEMO Ward 03,34.709,0.3107,0.3018,32.09,61.27,0.2112,7.184,425.35,555.57,9875.03,DEMO / SYNTHETIC DATA
DEMO_G_0834,18.5453445,73.8566685,379335,2050905,DEMO_WARD_03,DEMO Ward 03,34.292,0.2812,0.162,17.88,62.72,0.1963,5.846,275.4,554.92,13096.16,DEMO / SYNTHETIC DATA
DEMO_G_0835,18.5453462,73.8569527,379365,2050905,DEMO_WARD_03,DEMO Ward 03,38.831,0.0642,0.2716,0.99,77.38,0.1913,5.606,479.56,563.39,15128.73,DEMO / SYNTHETIC DATA
DEMO_G_0836,18.5453479,73.8572369,379395,2050905,DEMO_WARD_03,DEMO Ward 03,35.855,0.1629,0.31,24.4,57.13,0.1525,8.476,513.83,564.93,18368.93,DEMO / SYNTHETIC DATA
DEMO_G_0837,18.5453496,73.8575211,379425,2050905,DEMO_WARD_03,DEMO Ward 03,33.625,0.2746,0.2048,33.72,60.0,0.1863,3.405,454.14,555.87,10666.95,DEMO / SYNTHETIC DATA
DEMO_G_0838,18.5453514,73.8578053,379455,2050905,DEMO_WARD_03,DEMO Ward 03,35.242,0.2288,0.3974,27.43,87.03,0.1636,8.625,446.28,557.33,16021.78,DEMO / SYNTHETIC DATA
DEMO_G_0839,18.5453531,73.8580896,379485,2050905,DEMO_WARD_03,DEMO Ward 03,37.473,0.0291,0.4533,13.71,75.14,0.1955,6.672,415.69,560.99,18141.55,DEMO / SYNTHETIC DATA
DEMO_G_0840,18.5453548,73.8583738,379515,2050905,DEMO_WARD_03,DEMO Ward 03,32.584,0.1498,0.1412,28.71,60.61,0.2651,4.973,456.81,560.17,15508.65,DEMO / SYNTHETIC DATA
DEMO_G_0841,18.5455238,73.8416033,377745,2050935,DEMO_WARD_01,DEMO Ward 01,35.951,0.262,0.2138,40.76,61.86,0.16,4.042,507.13,569.36,11314.56,DEMO / SYNTHETIC DATA
DEMO_G_0842,18.5455255,73.8418875,377775,2050935,DEMO_WARD_01,DEMO Ward 01,34.919,0.3072,0.2176,13.64,44.67,0.1847,4.692,281.71,563.98,7884.98,DEMO / SYNTHETIC DATA
DEMO_G_0843,18.5455273,73.8421717,377805,2050935,DEMO_WARD_01,DEMO Ward 01,33.523,0.3378,0.0753,16.64,70.44,0.1973,5.697,426.88,561.9,11092.25,DEMO / SYNTHETIC DATA
DEMO_G_0844,18.545529,73.8424559,377835,2050935,DEMO_WARD_01,DEMO Ward 01,36.728,0.2164,0.2509,12.21,84.33,0.146,8.156,195.39,557.6,11933.92,DEMO / SYNTHETIC DATA
DEMO_G_0845,18.5455307,73.8427401,377865,2050935,DEMO_WARD_01,DEMO Ward 01,33.158,0.2038,0.2169,21.4,49.81,0.1809,5.236,438.08,559.7,11059.12,DEMO / SYNTHETIC DATA
DEMO_G_0846,18.5455325,73.8430243,377895,2050935,DEMO_WARD_01,DEMO Ward 01,35.735,0.2382,0.2734,21.35,62.09,0.183,5.055,285.28,562.52,6945.61,DEMO / SYNTHETIC DATA
DEMO_G_0847,18.5455342,73.8433085,377925,2050935,DEMO_WARD_01,DEMO Ward 01,33.383,0.2956,0.1078,38.95,60.81,0.1964,3.679,317.52,559.22,10035.46,DEMO / SYNTHETIC DATA
DEMO_G_0848,18.545536,73.8435928,377955,2050935,DEMO_WARD_01,DEMO Ward 01,35.244,0.2211,0.376,36.82,75.27,0.2249,6.381,448.23,556.23,19478.77,DEMO / SYNTHETIC DATA
DEMO_G_0849,18.5455377,73.843877,377985,2050935,DEMO_WARD_01,DEMO Ward 01,36.107,0.121,0.1867,17.03,75.5,0.1838,6.618,243.73,558.67,11332.34,DEMO / SYNTHETIC DATA
DEMO_G_0850,18.5455394,73.8441612,378015,2050935,DEMO_WARD_01,DEMO Ward 01,35.452,0.1685,0.0127,31.54,66.96,0.1815,6.554,328.28,565.9,14209.79,DEMO / SYNTHETIC DATA
DEMO_G_0851,18.5455412,73.8444454,378045,2050935,DEMO_WARD_01,DEMO Ward 01,37.415,0.1888,0.2771,25.07,75.99,0.1953,6.672,386.23,567.86,12223.17,DEMO / SYNTHETIC DATA
DEMO_G_0852,18.5455429,73.8447296,378075,2050935,DEMO_WARD_01,DEMO Ward 01,39.182,0.0259,0.4615,5.99,83.39,0.1614,7.545,446.99,564.1,20308.59,DEMO / SYNTHETIC DATA
DEMO_G_0853,18.5455447,73.8450138,378105,2050935,DEMO_WARD_01,DEMO Ward 01,31.047,0.3335,0.1368,31.74,64.42,0.1606,5.981,432.88,558.84,12817.46,DEMO / SYNTHETIC DATA
DEMO_G_0854,18.5455464,73.845298,378135,2050935,DEMO_WARD_01,DEMO Ward 01,37.22,0.109,0.2191,13.86,56.83,0.2322,7.815,454.29,556.61,17100.14,DEMO / SYNTHETIC DATA
DEMO_G_0855,18.5455481,73.8455823,378165,2050935,DEMO_WARD_01,DEMO Ward 01,35.755,0.1812,0.3621,4.39,56.53,0.1701,5.907,347.96,559.21,8961.03,DEMO / SYNTHETIC DATA
DEMO_G_0856,18.5455499,73.8458665,378195,2050935,DEMO_WARD_01,DEMO Ward 01,36.349,0.0286,0.2678,9.42,76.38,0.1916,6.301,464.02,560.47,14508.38,DEMO / SYNTHETIC DATA
DEMO_G_0857,18.5455516,73.8461507,378225,2050935,DEMO_WARD_01,DEMO Ward 01,35.673,0.2874,0.3511,35.13,68.54,0.271,6.71,394.0,553.42,11808.87,DEMO / SYNTHETIC DATA
DEMO_G_0858,18.5455533,73.8464349,378255,2050935,DEMO_WARD_01,DEMO Ward 01,33.523,0.2667,0.037,28.55,40.8,0.2008,4.641,283.09,557.86,9241.46,DEMO / SYNTHETIC DATA
DEMO_G_0859,18.5455551,73.8467191,378285,2050935,DEMO_WARD_01,DEMO Ward 01,35.833,0.0425,0.3756,10.55,85.87,0.2203,8.16,559.66,562.01,17498.43,DEMO / SYNTHETIC DATA
DEMO_G_0860,18.5455568,73.8470033,378315,2050935,DEMO_WARD_01,DEMO Ward 01,36.364,-0.0369,0.0537,0.0,78.71,0.2395,5.175,505.12,554.83,13166.3,DEMO / SYNTHETIC DATA
DEMO_G_0861,18.5455586,73.8472876,378345,2050935,DEMO_WARD_02,DEMO Ward 02,34.912,0.2841,0.1767,15.32,49.75,0.1715,6.366,334.45,558.76,5455.21,DEMO / SYNTHETIC DATA
DEMO_G_0862,18.5455603,73.8475718,378375,2050935,DEMO_WARD_02,DEMO Ward 02,36.932,0.0554,0.2676,18.07,73.37,0.1769,5.699,456.66,563.02,13378.56,DEMO / SYNTHETIC DATA
DEMO_G_0863,18.545562,73.847856,378405,2050935,DEMO_WARD_02,DEMO Ward 02,31.488,0.2585,0.107,22.48,41.87,0.1845,5.315,282.2,559.12,8429.72,DEMO / SYNTHETIC DATA
DEMO_G_0864,18.5455638,73.8481402,378435,2050935,DEMO_WARD_02,DEMO Ward 02,37.629,0.1848,0.4381,22.19,50.27,0.2154,5.261,462.43,560.06,18707.93,DEMO / SYNTHETIC DATA
DEMO_G_0865,18.5455655,73.8484244,378465,2050935,DEMO_WARD_02,DEMO Ward 02,33.088,0.3957,0.1436,37.21,48.71,0.248,4.269,352.98,557.8,14731.11,DEMO / SYNTHETIC DATA
DEMO_G_0866,18.5455672,73.8487086,378495,2050935,DEMO_WARD_02,DEMO Ward 02,38.765,0.1341,0.2041,6.12,53.99,0.1675,5.675,296.86,558.09,10600.51,DEMO / SYNTHETIC DATA
DEMO_G_0867,18.545569,73.8489928,378525,2050935,DEMO_WARD_02,DEMO Ward 02,35.75,0.1379,0.2734,26.92,51.57,0.2078,5.002,223.19,559.19,14204.41,DEMO / SYNTHETIC DATA
DEMO_G_0868,18.5455707,73.8492771,378555,2050935,DEMO_WARD_02,DEMO Ward 02,33.529,0.1944,0.2283,33.12,58.54,0.1391,5.422,244.14,560.82,9501.69,DEMO / SYNTHETIC DATA
DEMO_G_0869,18.5455724,73.8495613,378585,2050935,DEMO_WARD_02,DEMO Ward 02,36.93,0.2068,0.1342,13.06,69.83,0.2307,5.929,384.17,554.52,8914.21,DEMO / SYNTHETIC DATA
DEMO_G_0870,18.5455741,73.8498455,378615,2050935,DEMO_WARD_02,DEMO Ward 02,31.911,0.1973,0.0877,26.08,57.8,0.2301,5.453,388.16,560.1,10838.26,DEMO / SYNTHETIC DATA
DEMO_G_0871,18.5455759,73.8501297,378645,2050935,DEMO_WARD_02,DEMO Ward 02,30.824,0.2393,0.1046,32.02,52.16,0.2003,5.596,195.34,564.66,8104.49,DEMO / SYNTHETIC DATA
DEMO_G_0872,18.5455776,73.8504139,378675,2050935,DEMO_WARD_02,DEMO Ward 02,32.97,0.2512,0.2055,35.34,49.69,0.2582,6.056,360.81,565.7,7841.54,DEMO / SYNTHETIC DATA
DEMO_G_0873,18.5455793,73.8506981,378705,2050935,DEMO_WARD_02,DEMO Ward 02,35.3,0.2161,0.162,11.19,70.13,0.1751,5.551,383.44,560.7,13563.25,DEMO / SYNTHETIC DATA
DEMO_G_0874,18.5455811,73.8509824,378735,2050935,DEMO_WARD_02,DEMO Ward 02,36.23,0.2421,0.2176,29.98,63.0,0.2623,6.186,419.19,560.8,13823.92,DEMO / SYNTHETIC DATA
DEMO_G_0875,18.5455828,73.8512666,378765,2050935,DEMO_WARD_02,DEMO Ward 02,32.914,0.3921,0.2484,33.67,52.45,0.2345,4.609,138.55,559.56,10678.61,DEMO / SYNTHETIC DATA
DEMO_G_0876,18.5455845,73.8515508,378795,2050935,DEMO_WARD_02,DEMO Ward 02,31.607,0.4033,0.1822,40.31,57.75,0.2871,3.971,236.24,563.12,12213.99,DEMO / SYNTHETIC DATA
DEMO_G_0877,18.5455863,73.851835,378825,2050935,DEMO_WARD_02,DEMO Ward 02,35.006,0.2984,0.2463,25.8,53.19,0.2562,3.552,232.71,562.54,9919.81,DEMO / SYNTHETIC DATA
DEMO_G_0878,18.545588,73.8521192,378855,2050935,DEMO_WARD_02,DEMO Ward 02,31.316,0.3423,0.1032,30.32,51.06,0.235,3.805,475.48,556.25,7496.32,DEMO / SYNTHETIC DATA
DEMO_G_0879,18.5455897,73.8524034,378885,2050935,DEMO_WARD_02,DEMO Ward 02,30.704,0.3165,0.2045,25.47,37.82,0.2586,5.064,115.6,559.59,10206.3,DEMO / SYNTHETIC DATA
DEMO_G_0880,18.5455914,73.8526876,378915,2050935,DEMO_WARD_02,DEMO Ward 02,30.864,0.3472,0.2443,42.99,39.78,0.218,5.285,121.9,560.6,9476.0,DEMO / SYNTHETIC DATA
DEMO_G_0881,18.5455932,73.8529719,378945,2050935,DEMO_WARD_03,DEMO Ward 03,31.046,0.3465,-0.0517,34.31,37.36,0.1722,2.608,205.68,558.03,5864.5,DEMO / SYNTHETIC DATA
DEMO_G_0882,18.5455949,73.8532561,378975,2050935,DEMO_WARD_03,DEMO Ward 03,29.415,0.4747,-0.1752,39.2,23.3,0.2246,4.61,54.25,557.58,7226.93,DEMO / SYNTHETIC DATA
DEMO_G_0883,18.5455966,73.8535403,379005,2050935,DEMO_WARD_03,DEMO Ward 03,35.852,0.2179,0.0795,8.11,34.77,0.1153,6.997,129.0,561.37,10061.07,DEMO / SYNTHETIC DATA
DEMO_G_0884,18.5455983,73.8538245,379035,2050935,DEMO_WARD_03,DEMO Ward 03,33.288,0.3803,0.0225,26.13,35.75,0.2177,4.656,127.41,556.88,3296.73,DEMO / SYNTHETIC DATA
DEMO_G_0885,18.5456001,73.8541087,379065,2050935,DEMO_WARD_03,DEMO Ward 03,31.213,0.2289,-0.0695,12.9,43.4,0.2002,3.794,234.14,562.99,8733.92,DEMO / SYNTHETIC DATA
DEMO_G_0886,18.5456018,73.8543929,379095,2050935,DEMO_WARD_03,DEMO Ward 03,33.143,0.2691,0.1551,37.28,40.27,0.2497,5.516,182.76,560.74,10382.8,DEMO / SYNTHETIC DATA
DEMO_G_0887,18.5456035,73.8546772,379125,2050935,DEMO_WARD_03,DEMO Ward 03,35.012,0.2421,0.1427,15.99,67.31,0.1466,5.303,418.83,560.16,6221.81,DEMO / SYNTHETIC DATA
DEMO_G_0888,18.5456052,73.8549614,379155,2050935,DEMO_WARD_03,DEMO Ward 03,33.265,0.219,0.121,27.35,66.63,0.2382,5.688,124.74,556.18,9646.96,DEMO / SYNTHETIC DATA
DEMO_G_0889,18.545607,73.8552456,379185,2050935,DEMO_WARD_03,DEMO Ward 03,33.747,0.4147,-0.0169,45.34,54.15,0.2028,5.679,352.51,552.72,10843.18,DEMO / SYNTHETIC DATA
DEMO_G_0890,18.5456087,73.8555298,379215,2050935,DEMO_WARD_03,DEMO Ward 03,30.461,0.4184,0.0555,29.36,61.44,0.2266,4.006,80.63,569.25,6624.23,DEMO / SYNTHETIC DATA
DEMO_G_0891,18.5456104,73.855814,379245,2050935,DEMO_WARD_03,DEMO Ward 03,34.793,0.3807,0.1925,19.46,45.21,0.2052,5.568,440.7,560.63,8291.15,DEMO / SYNTHETIC DATA
DEMO_G_0892,18.5456121,73.8560982,379275,2050935,DEMO_WARD_03,DEMO Ward 03,33.386,0.2315,0.1711,28.61,44.53,0.222,4.501,396.5,560.79,8924.74,DEMO / SYNTHETIC DATA
DEMO_G_0893,18.5456138,73.8563825,379305,2050935,DEMO_WARD_03,DEMO Ward 03,32.194,0.1666,0.2821,27.39,70.65,0.2348,7.269,374.04,561.06,10571.46,DEMO / SYNTHETIC DATA
DEMO_G_0894,18.5456156,73.8566667,379335,2050935,DEMO_WARD_03,DEMO Ward 03,31.962,0.3031,-0.0088,33.37,54.16,0.2804,4.842,301.73,561.08,16402.13,DEMO / SYNTHETIC DATA
DEMO_G_0895,18.5456173,73.8569509,379365,2050935,DEMO_WARD_03,DEMO Ward 03,34.107,0.3643,0.1649,36.76,44.99,0.212,4.673,192.95,559.03,9546.37,DEMO / SYNTHETIC DATA
DEMO_G_0896,18.545619,73.8572351,379395,2050935,DEMO_WARD_03,DEMO Ward 03,35.229,0.1985,0.1585,33.03,65.55,0.2113,5.426,277.34,559.96,8526.45,DEMO / SYNTHETIC DATA
DEMO_G_0897,18.5456207,73.8575193,379425,2050935,DEMO_WARD_03,DEMO Ward 03,33.292,0.227,0.0937,17.0,50.78,0.215,6.169,416.26,557.96,12277.44,DEMO / SYNTHETIC DATA
DEMO_G_0898,18.5456225,73.8578035,379455,2050935,DEMO_WARD_03,DEMO Ward 03,34.847,0.2107,0.2702,16.38,84.52,0.2097,7.564,467.7,561.28,15203.52,DEMO / SYNTHETIC DATA
DEMO_G_0899,18.5456242,73.8580878,379485,2050935,DEMO_WARD_03,DEMO Ward 03,35.02,0.1513,0.2613,10.37,55.97,0.1972,6.552,414.09,553.77,10050.68,DEMO / SYNTHETIC DATA
DEMO_G_0900,18.5456259,73.858372,379515,2050935,DEMO_WARD_03,DEMO Ward 03,37.554,0.0494,0.3965,0.0,82.27,0.1792,6.594,506.99,563.22,15394.38,DEMO / SYNTHETIC DATA
DEMO_G_0901,18.5457949,73.8416014,377745,2050965,DEMO_WARD_01,DEMO Ward 01,33.387,0.3502,0.1693,34.33,64.77,0.2425,4.328,245.93,560.2,9035.59,DEMO / SYNTHETIC DATA
DEMO_G_0902,18.5457966,73.8418856,377775,2050965,DEMO_WARD_01,DEMO Ward 01,34.05,0.3039,0.1687,19.99,36.82,0.1952,3.774,290.11,552.26,6007.48,DEMO / SYNTHETIC DATA
DEMO_G_0903,18.5457983,73.8421699,377805,2050965,DEMO_WARD_01,DEMO Ward 01,32.571,0.4013,0.0165,29.07,56.53,0.1882,3.679,332.1,556.06,17023.9,DEMO / SYNTHETIC DATA
DEMO_G_0904,18.5458001,73.8424541,377835,2050965,DEMO_WARD_01,DEMO Ward 01,38.051,0.0663,0.1609,8.86,66.26,0.1435,6.767,325.81,563.0,10992.81,DEMO / SYNTHETIC DATA
DEMO_G_0905,18.5458018,73.8427383,377865,2050965,DEMO_WARD_01,DEMO Ward 01,33.97,0.3687,0.3109,26.47,50.36,0.1787,5.819,186.76,566.2,10360.67,DEMO / SYNTHETIC DATA
DEMO_G_0906,18.5458036,73.8430225,377895,2050965,DEMO_WARD_01,DEMO Ward 01,36.168,0.2255,0.1002,30.07,53.94,0.2105,6.002,136.09,561.49,9558.08,DEMO / SYNTHETIC DATA
DEMO_G_0907,18.5458053,73.8433067,377925,2050965,DEMO_WARD_01,DEMO Ward 01,31.503,0.3096,0.1302,27.93,44.72,0.2117,4.315,314.73,560.68,10758.2,DEMO / SYNTHETIC DATA
DEMO_G_0908,18.545807,73.8435909,377955,2050965,DEMO_WARD_01,DEMO Ward 01,36.009,0.1464,0.2869,21.72,58.07,0.2586,6.523,311.13,557.15,15191.53,DEMO / SYNTHETIC DATA
DEMO_G_0909,18.5458088,73.8438751,377985,2050965,DEMO_WARD_01,DEMO Ward 01,31.483,0.3916,0.1296,32.49,57.01,0.1691,3.322,229.22,553.93,12095.36,DEMO / SYNTHETIC DATA
DEMO_G_0910,18.5458105,73.8441594,378015,2050965,DEMO_WARD_01,DEMO Ward 01,36.034,0.2925,0.3291,28.12,67.09,0.1766,5.336,411.35,565.14,12254.04,DEMO / SYNTHETIC DATA
DEMO_G_0911,18.5458123,73.8444436,378045,2050965,DEMO_WARD_01,DEMO Ward 01,34.984,0.2468,0.1412,15.28,60.4,0.1514,4.483,461.19,560.08,14834.49,DEMO / SYNTHETIC DATA
DEMO_G_0912,18.545814,73.8447278,378075,2050965,DEMO_WARD_01,DEMO Ward 01,34.911,0.2984,0.0747,26.05,39.07,0.1745,5.017,265.3,555.88,7834.98,DEMO / SYNTHETIC DATA
DEMO_G_0913,18.5458157,73.845012,378105,2050965,DEMO_WARD_01,DEMO Ward 01,35.826,0.1435,0.2272,12.11,57.98,0.1923,6.151,241.87,556.15,17882.52,DEMO / SYNTHETIC DATA
DEMO_G_0914,18.5458175,73.8452962,378135,2050965,DEMO_WARD_01,DEMO Ward 01,37.232,0.1254,0.3357,22.43,73.76,0.1913,8.453,309.42,560.54,14372.33,DEMO / SYNTHETIC DATA
DEMO_G_0915,18.5458192,73.8455804,378165,2050965,DEMO_WARD_01,DEMO Ward 01,36.532,0.2359,0.3611,17.68,62.65,0.1829,5.116,333.84,557.79,16731.83,DEMO / SYNTHETIC DATA
DEMO_G_0916,18.545821,73.8458647,378195,2050965,DEMO_WARD_01,DEMO Ward 01,36.497,0.1404,0.2925,17.09,61.95,0.1604,6.709,387.68,564.28,12727.97,DEMO / SYNTHETIC DATA
DEMO_G_0917,18.5458227,73.8461489,378225,2050965,DEMO_WARD_01,DEMO Ward 01,37.621,0.05,0.3514,9.96,72.49,0.1267,7.695,460.34,568.69,12734.34,DEMO / SYNTHETIC DATA
DEMO_G_0918,18.5458244,73.8464331,378255,2050965,DEMO_WARD_01,DEMO Ward 01,35.056,0.0566,0.2294,15.44,62.05,0.1548,8.069,349.14,565.7,13229.78,DEMO / SYNTHETIC DATA
DEMO_G_0919,18.5458262,73.8467173,378285,2050965,DEMO_WARD_01,DEMO Ward 01,34.128,0.2484,0.3417,30.16,63.85,0.2441,5.646,298.11,561.53,13163.04,DEMO / SYNTHETIC DATA
DEMO_G_0920,18.5458279,73.8470015,378315,2050965,DEMO_WARD_01,DEMO Ward 01,36.542,0.3174,0.2407,20.43,62.28,0.2391,7.523,230.03,552.12,8075.65,DEMO / SYNTHETIC DATA
DEMO_G_0921,18.5458296,73.8472857,378345,2050965,DEMO_WARD_02,DEMO Ward 02,37.376,0.2546,0.2438,28.76,89.91,0.2816,7.01,482.25,563.32,13788.5,DEMO / SYNTHETIC DATA
DEMO_G_0922,18.5458314,73.8475699,378375,2050965,DEMO_WARD_02,DEMO Ward 02,33.886,0.3755,0.2659,36.49,53.31,0.1844,5.855,476.32,560.05,7264.37,DEMO / SYNTHETIC DATA
DEMO_G_0923,18.5458331,73.8478542,378405,2050965,DEMO_WARD_02,DEMO Ward 02,33.319,0.2764,0.1889,31.91,61.09,0.1939,5.684,435.33,562.68,12422.77,DEMO / SYNTHETIC DATA
DEMO_G_0924,18.5458348,73.8481384,378435,2050965,DEMO_WARD_02,DEMO Ward 02,32.38,0.2786,0.1578,25.92,60.56,0.1666,3.98,116.93,552.96,8944.32,DEMO / SYNTHETIC DATA
DEMO_G_0925,18.5458366,73.8484226,378465,2050965,DEMO_WARD_02,DEMO Ward 02,34.661,0.2175,0.2228,24.36,55.35,0.2063,5.895,460.74,569.34,14040.31,DEMO / SYNTHETIC DATA
DEMO_G_0926,18.5458383,73.8487068,378495,2050965,DEMO_WARD_02,DEMO Ward 02,38.182,0.1756,0.2621,20.77,63.06,0.2212,6.608,451.93,566.32,12469.0,DEMO / SYNTHETIC DATA
DEMO_G_0927,18.54584,73.848991,378525,2050965,DEMO_WARD_02,DEMO Ward 02,36.087,0.2688,0.2269,18.18,55.64,0.2007,6.362,163.14,554.7,4879.71,DEMO / SYNTHETIC DATA
DEMO_G_0928,18.5458418,73.8492752,378555,2050965,DEMO_WARD_02,DEMO Ward 02,32.502,0.3351,0.2013,26.97,56.03,0.2249,3.829,237.63,566.74,10044.14,DEMO / SYNTHETIC DATA
DEMO_G_0929,18.5458435,73.8495595,378585,2050965,DEMO_WARD_02,DEMO Ward 02,32.923,0.2411,0.1593,29.2,44.04,0.2321,5.052,362.0,558.41,7192.63,DEMO / SYNTHETIC DATA
DEMO_G_0930,18.5458452,73.8498437,378615,2050965,DEMO_WARD_02,DEMO Ward 02,37.516,0.222,0.1307,0.0,62.98,0.169,5.675,364.76,559.0,9715.97,DEMO / SYNTHETIC DATA
DEMO_G_0931,18.545847,73.8501279,378645,2050965,DEMO_WARD_02,DEMO Ward 02,29.872,0.3039,0.2306,25.47,29.96,0.185,6.304,211.21,558.47,9030.77,DEMO / SYNTHETIC DATA
DEMO_G_0932,18.5458487,73.8504121,378675,2050965,DEMO_WARD_02,DEMO Ward 02,33.494,0.3488,0.1093,30.47,57.47,0.2222,5.444,416.01,559.04,14970.37,DEMO / SYNTHETIC DATA
DEMO_G_0933,18.5458504,73.8506963,378705,2050965,DEMO_WARD_02,DEMO Ward 02,32.007,0.481,0.0692,27.24,46.5,0.2519,4.66,288.53,555.24,7496.79,DEMO / SYNTHETIC DATA
DEMO_G_0934,18.5458522,73.8509805,378735,2050965,DEMO_WARD_02,DEMO Ward 02,33.868,0.2708,0.1245,18.1,43.59,0.1706,6.702,248.03,550.94,10668.47,DEMO / SYNTHETIC DATA
DEMO_G_0935,18.5458539,73.8512648,378765,2050965,DEMO_WARD_02,DEMO Ward 02,34.757,0.287,0.1213,19.44,40.6,0.1265,5.554,323.46,559.43,5620.25,DEMO / SYNTHETIC DATA
DEMO_G_0936,18.5458556,73.851549,378795,2050965,DEMO_WARD_02,DEMO Ward 02,31.208,0.4279,0.086,37.56,40.0,0.2133,4.941,187.05,557.71,7832.78,DEMO / SYNTHETIC DATA
DEMO_G_0937,18.5458573,73.8518332,378825,2050965,DEMO_WARD_02,DEMO Ward 02,30.394,0.3277,0.0512,33.19,57.2,0.2569,5.041,361.07,561.86,10120.68,DEMO / SYNTHETIC DATA
DEMO_G_0938,18.5458591,73.8521174,378855,2050965,DEMO_WARD_02,DEMO Ward 02,34.826,0.3466,0.2046,41.8,57.04,0.2189,6.902,301.99,565.65,7509.4,DEMO / SYNTHETIC DATA
DEMO_G_0939,18.5458608,73.8524016,378885,2050965,DEMO_WARD_02,DEMO Ward 02,33.645,0.1598,0.1245,27.67,49.09,0.1919,3.204,148.1,555.4,5396.91,DEMO / SYNTHETIC DATA
DEMO_G_0940,18.5458625,73.8526858,378915,2050965,DEMO_WARD_02,DEMO Ward 02,30.979,0.471,0.1167,33.57,49.62,0.1333,4.028,232.28,565.32,5224.22,DEMO / SYNTHETIC DATA
DEMO_G_0941,18.5458643,73.8529701,378945,2050965,DEMO_WARD_03,DEMO Ward 03,34.132,0.3869,0.0458,26.81,48.81,0.2454,3.226,66.39,550.2,8011.81,DEMO / SYNTHETIC DATA
DEMO_G_0942,18.545866,73.8532543,378975,2050965,DEMO_WARD_03,DEMO Ward 03,31.751,0.4644,0.0641,50.12,32.34,0.275,4.876,343.8,557.6,10061.97,DEMO / SYNTHETIC DATA
DEMO_G_0943,18.5458677,73.8535385,379005,2050965,DEMO_WARD_03,DEMO Ward 03,29.951,0.5048,-0.137,44.47,22.75,0.1679,2.485,174.86,564.36,9914.86,DEMO / SYNTHETIC DATA
DEMO_G_0944,18.5458694,73.8538227,379035,2050965,DEMO_WARD_03,DEMO Ward 03,30.992,0.3468,0.1088,39.89,39.86,0.192,4.25,348.57,556.5,11643.2,DEMO / SYNTHETIC DATA
DEMO_G_0945,18.5458712,73.8541069,379065,2050965,DEMO_WARD_03,DEMO Ward 03,32.305,0.4323,0.1575,38.1,58.26,0.1773,3.945,307.91,559.32,12793.74,DEMO / SYNTHETIC DATA
DEMO_G_0946,18.5458729,73.8543911,379095,2050965,DEMO_WARD_03,DEMO Ward 03,34.185,0.3641,0.0729,33.83,51.19,0.1694,5.789,350.75,561.2,7749.64,DEMO / SYNTHETIC DATA
DEMO_G_0947,18.5458746,73.8546754,379125,2050965,DEMO_WARD_03,DEMO Ward 03,33.711,0.1575,0.2202,17.82,90.45,0.1933,8.323,420.91,561.22,9939.97,DEMO / SYNTHETIC DATA
DEMO_G_0948,18.5458763,73.8549596,379155,2050965,DEMO_WARD_03,DEMO Ward 03,31.284,0.355,0.1114,43.84,54.95,0.2257,2.447,99.2,561.79,11447.41,DEMO / SYNTHETIC DATA
DEMO_G_0949,18.5458781,73.8552438,379185,2050965,DEMO_WARD_03,DEMO Ward 03,31.845,0.2481,-0.0636,27.1,61.23,0.2198,4.308,309.24,560.1,7728.11,DEMO / SYNTHETIC DATA
DEMO_G_0950,18.5458798,73.855528,379215,2050965,DEMO_WARD_03,DEMO Ward 03,36.518,0.1576,0.3587,20.56,60.09,0.1826,6.75,598.65,569.64,16323.89,DEMO / SYNTHETIC DATA
DEMO_G_0951,18.5458815,73.8558122,379245,2050965,DEMO_WARD_03,DEMO Ward 03,35.928,0.2052,0.3377,32.86,44.77,0.1853,6.385,441.91,557.33,16072.11,DEMO / SYNTHETIC DATA
DEMO_G_0952,18.5458832,73.8560964,379275,2050965,DEMO_WARD_03,DEMO Ward 03,35.281,0.2902,0.1839,37.82,44.83,0.2128,4.534,485.34,563.57,15666.18,DEMO / SYNTHETIC DATA
DEMO_G_0953,18.5458849,73.8563807,379305,2050965,DEMO_WARD_03,DEMO Ward 03,35.804,0.0326,0.2806,11.81,69.08,0.2054,3.739,593.83,559.84,12491.59,DEMO / SYNTHETIC DATA
DEMO_G_0954,18.5458867,73.8566649,379335,2050965,DEMO_WARD_03,DEMO Ward 03,34.172,0.1492,0.2115,18.96,55.83,0.2274,5.041,329.27,559.16,12769.82,DEMO / SYNTHETIC DATA
DEMO_G_0955,18.5458884,73.8569491,379365,2050965,DEMO_WARD_03,DEMO Ward 03,35.583,0.1769,0.2453,15.17,58.01,0.1998,5.675,416.69,558.69,15253.12,DEMO / SYNTHETIC DATA
DEMO_G_0956,18.5458901,73.8572333,379395,2050965,DEMO_WARD_03,DEMO Ward 03,37.888,0.1089,0.2447,16.2,72.31,0.2267,6.854,596.78,564.61,16708.64,DEMO / SYNTHETIC DATA
DEMO_G_0957,18.5458918,73.8575175,379425,2050965,DEMO_WARD_03,DEMO Ward 03,35.407,0.0344,0.2198,26.94,53.44,0.2418,6.643,242.9,560.41,14389.62,DEMO / SYNTHETIC DATA
DEMO_G_0958,18.5458935,73.8578017,379455,2050965,DEMO_WARD_03,DEMO Ward 03,34.47,0.1559,0.2534,20.95,62.14,0.1857,4.76,251.32,561.89,11951.95,DEMO / SYNTHETIC DATA
DEMO_G_0959,18.5458953,73.858086,379485,2050965,DEMO_WARD_03,DEMO Ward 03,37.284,0.2669,0.3847,33.52,64.77,0.1384,6.063,149.61,561.83,14405.69,DEMO / SYNTHETIC DATA
DEMO_G_0960,18.545897,73.8583702,379515,2050965,DEMO_WARD_03,DEMO Ward 03,32.822,0.3579,-0.0957,30.77,47.3,0.2101,6.396,118.7,555.9,7767.06,DEMO / SYNTHETIC DATA
DEMO_G_0961,18.5460659,73.8415996,377745,2050995,DEMO_WARD_01,DEMO Ward 01,34.74,0.2609,-0.0048,23.06,43.97,0.2289,5.4,363.69,559.34,13149.32,DEMO / SYNTHETIC DATA
DEMO_G_0962,18.5460677,73.8418838,377775,2050995,DEMO_WARD_01,DEMO Ward 01,36.192,0.0543,0.2072,11.57,60.32,0.1737,6.946,439.6,554.91,8905.69,DEMO / SYNTHETIC DATA
DEMO_G_0963,18.5460694,73.842168,377805,2050995,DEMO_WARD_01,DEMO Ward 01,34.305,0.2952,0.1509,19.43,39.12,0.2432,3.313,332.62,561.05,13080.03,DEMO / SYNTHETIC DATA
DEMO_G_0964,18.5460712,73.8424522,377835,2050995,DEMO_WARD_01,DEMO Ward 01,37.071,0.1554,0.3443,26.6,70.08,0.1092,4.074,525.59,559.58,13161.04,DEMO / SYNTHETIC DATA
DEMO_G_0965,18.5460729,73.8427365,377865,2050995,DEMO_WARD_01,DEMO Ward 01,33.511,0.2885,0.2168,34.48,42.33,0.1958,6.482,303.96,562.14,8930.44,DEMO / SYNTHETIC DATA
DEMO_G_0966,18.5460747,73.8430207,377895,2050995,DEMO_WARD_01,DEMO Ward 01,33.42,0.3362,0.0701,20.66,39.37,0.2338,4.377,267.19,559.58,13769.49,DEMO / SYNTHETIC DATA
DEMO_G_0967,18.5460764,73.8433049,377925,2050995,DEMO_WARD_01,DEMO Ward 01,34.066,0.2356,0.1029,23.18,54.54,0.2082,4.598,260.91,559.83,9590.0,DEMO / SYNTHETIC DATA
DEMO_G_0968,18.5460781,73.8435891,377955,2050995,DEMO_WARD_01,DEMO Ward 01,34.199,0.2791,0.1931,32.93,62.69,0.1998,7.103,440.41,560.12,14193.83,DEMO / SYNTHETIC DATA
DEMO_G_0969,18.5460799,73.8438733,377985,2050995,DEMO_WARD_01,DEMO Ward 01,34.683,0.2125,0.2032,27.5,53.08,0.2056,5.558,403.11,563.52,11803.6,DEMO / SYNTHETIC DATA
DEMO_G_0970,18.5460816,73.8441575,378015,2050995,DEMO_WARD_01,DEMO Ward 01,36.211,0.1919,0.0973,4.28,45.22,0.1055,3.223,409.7,561.63,11949.99,DEMO / SYNTHETIC DATA
DEMO_G_0971,18.5460834,73.8444418,378045,2050995,DEMO_WARD_01,DEMO Ward 01,32.097,0.3174,0.2109,38.06,64.37,0.2228,7.341,195.52,562.64,9553.36,DEMO / SYNTHETIC DATA
DEMO_G_0972,18.5460851,73.844726,378075,2050995,DEMO_WARD_01,DEMO Ward 01,36.304,0.2939,0.3044,26.19,60.09,0.1389,5.045,502.42,560.0,17780.92,DEMO / SYNTHETIC DATA
DEMO_G_0973,18.5460868,73.8450102,378105,2050995,DEMO_WARD_01,DEMO Ward 01,28.81,0.3842,-0.113,38.8,36.57,0.219,3.492,352.47,560.94,11406.09,DEMO / SYNTHETIC DATA
DEMO_G_0974,18.5460886,73.8452944,378135,2050995,DEMO_WARD_01,DEMO Ward 01,34.972,0.2026,0.3189,20.07,60.63,0.2292,6.386,392.32,568.77,15630.53,DEMO / SYNTHETIC DATA
DEMO_G_0975,18.5460903,73.8455786,378165,2050995,DEMO_WARD_01,DEMO Ward 01,34.468,0.3128,0.2777,17.91,78.19,0.1959,5.345,457.33,559.51,12766.04,DEMO / SYNTHETIC DATA
DEMO_G_0976,18.546092,73.8458628,378195,2050995,DEMO_WARD_01,DEMO Ward 01,39.876,-0.1,0.26,0.0,69.9,0.1468,6.279,449.47,564.66,12687.85,DEMO / SYNTHETIC DATA
DEMO_G_0977,18.5460938,73.846147,378225,2050995,DEMO_WARD_01,DEMO Ward 01,33.075,0.2432,-0.0037,14.25,49.19,0.1317,5.656,215.01,561.04,10956.84,DEMO / SYNTHETIC DATA
DEMO_G_0978,18.5460955,73.8464313,378255,2050995,DEMO_WARD_01,DEMO Ward 01,36.746,0.2676,0.2419,22.25,65.52,0.1896,4.264,468.6,558.05,9508.99,DEMO / SYNTHETIC DATA
DEMO_G_0979,18.5460973,73.8467155,378285,2050995,DEMO_WARD_01,DEMO Ward 01,39.993,0.031,0.5696,4.28,89.4,0.1531,8.09,463.14,565.5,18004.46,DEMO / SYNTHETIC DATA
DEMO_G_0980,18.546099,73.8469997,378315,2050995,DEMO_WARD_01,DEMO Ward 01,30.659,0.4111,0.0537,29.16,55.48,0.2527,5.065,296.94,563.5,12250.77,DEMO / SYNTHETIC DATA
DEMO_G_0981,18.5461007,73.8472839,378345,2050995,DEMO_WARD_02,DEMO Ward 02,37.102,0.0188,0.1695,0.0,41.94,0.2315,5.314,305.47,564.29,10310.16,DEMO / SYNTHETIC DATA
DEMO_G_0982,18.5461025,73.8475681,378375,2050995,DEMO_WARD_02,DEMO Ward 02,33.303,0.2552,0.1811,33.43,64.75,0.1604,5.701,250.71,562.07,10440.98,DEMO / SYNTHETIC DATA
DEMO_G_0983,18.5461042,73.8478523,378405,2050995,DEMO_WARD_02,DEMO Ward 02,35.227,0.1359,0.194,12.23,72.53,0.2497,6.263,501.19,564.21,11472.96,DEMO / SYNTHETIC DATA
DEMO_G_0984,18.5461059,73.8481366,378435,2050995,DEMO_WARD_02,DEMO Ward 02,33.777,0.4466,0.0458,43.73,46.2,0.1465,4.297,286.11,561.81,3722.91,DEMO / SYNTHETIC DATA
DEMO_G_0985,18.5461077,73.8484208,378465,2050995,DEMO_WARD_02,DEMO Ward 02,36.426,0.1348,0.2046,4.01,43.15,0.1757,3.012,197.15,558.29,10513.0,DEMO / SYNTHETIC DATA
DEMO_G_0986,18.5461094,73.848705,378495,2050995,DEMO_WARD_02,DEMO Ward 02,36.037,0.2118,0.4066,34.27,69.43,0.2066,8.398,312.03,557.92,11629.26,DEMO / SYNTHETIC DATA
DEMO_G_0987,18.5461111,73.8489892,378525,2050995,DEMO_WARD_02,DEMO Ward 02,33.093,0.3005,-0.1411,16.69,40.35,0.2033,3.892,231.74,559.64,10393.01,DEMO / SYNTHETIC DATA
DEMO_G_0988,18.5461129,73.8492734,378555,2050995,DEMO_WARD_02,DEMO Ward 02,30.76,0.4673,0.0117,30.38,48.51,0.2845,4.535,238.79,563.54,9412.88,DEMO / SYNTHETIC DATA
DEMO_G_0989,18.5461146,73.8495576,378585,2050995,DEMO_WARD_02,DEMO Ward 02,33.233,0.258,0.051,25.21,48.1,0.228,4.137,279.6,559.23,8946.0,DEMO / SYNTHETIC DATA
DEMO_G_0990,18.5461163,73.8498419,378615,2050995,DEMO_WARD_02,DEMO Ward 02,33.371,0.3232,0.1542,39.44,45.84,0.2783,5.986,315.39,564.06,10284.11,DEMO / SYNTHETIC DATA
DEMO_G_0991,18.5461181,73.8501261,378645,2050995,DEMO_WARD_02,DEMO Ward 02,34.854,0.3457,0.1309,30.39,54.01,0.1888,5.471,372.19,560.56,12855.97,DEMO / SYNTHETIC DATA
DEMO_G_0992,18.5461198,73.8504103,378675,2050995,DEMO_WARD_02,DEMO Ward 02,35.452,0.0956,0.2639,17.55,74.84,0.2301,5.438,510.69,559.67,14679.36,DEMO / SYNTHETIC DATA
DEMO_G_0993,18.5461215,73.8506945,378705,2050995,DEMO_WARD_02,DEMO Ward 02,29.513,0.3947,0.0224,35.04,33.22,0.225,2.072,93.08,557.71,7045.59,DEMO / SYNTHETIC DATA
DEMO_G_0994,18.5461232,73.8509787,378735,2050995,DEMO_WARD_02,DEMO Ward 02,34.445,0.3526,0.2191,18.1,49.07,0.1525,6.368,249.14,559.76,13037.22,DEMO / SYNTHETIC DATA
DEMO_G_0995,18.546125,73.8512629,378765,2050995,DEMO_WARD_02,DEMO Ward 02,33.469,0.2538,-0.0241,26.27,38.11,0.217,4.343,264.53,559.88,8888.12,DEMO / SYNTHETIC DATA
DEMO_G_0996,18.5461267,73.8515472,378795,2050995,DEMO_WARD_02,DEMO Ward 02,30.017,0.4411,0.0308,42.1,24.63,0.2365,2.812,148.95,559.69,3462.52,DEMO / SYNTHETIC DATA
DEMO_G_0997,18.5461284,73.8518314,378825,2050995,DEMO_WARD_02,DEMO Ward 02,29.079,0.4828,-0.0299,33.06,30.46,0.2565,4.832,258.66,553.45,5403.64,DEMO / SYNTHETIC DATA
DEMO_G_0998,18.5461302,73.8521156,378855,2050995,DEMO_WARD_02,DEMO Ward 02,31.809,0.3126,0.1356,29.82,30.46,0.2668,4.359,390.1,557.91,5021.81,DEMO / SYNTHETIC DATA
DEMO_G_0999,18.5461319,73.8523998,378885,2050995,DEMO_WARD_02,DEMO Ward 02,32.723,0.3225,-0.0429,16.12,34.35,0.2012,4.577,264.21,563.97,9909.09,DEMO / SYNTHETIC DATA
DEMO_G_1000,18.5461336,73.852684,378915,2050995,DEMO_WARD_02,DEMO Ward 02,30.157,0.3563,0.0251,34.51,31.48,0.1928,4.24,79.17,557.12,7664.31,DEMO / SYNTHETIC DATA
DEMO_G_1001,18.5461353,73.8529682,378945,2050995,DEMO_WARD_03,DEMO Ward 03,31.485,0.4035,-0.0278,37.27,50.6,0.2162,2.77,93.81,566.24,9151.74,DEMO / SYNTHETIC DATA
DEMO_G_1002,18.5461371,73.8532525,378975,2050995,DEMO_WARD_03,DEMO Ward 03,30.478,0.3098,0.0515,36.76,48.29,0.2583,4.691,235.73,560.64,8714.6,DEMO / SYNTHETIC DATA
DEMO_G_1003,18.5461388,73.8535367,379005,2050995,DEMO_WARD_03,DEMO Ward 03,28.405,0.4241,-0.0881,36.44,22.56,0.2362,2.17,391.54,554.76,5223.04,DEMO / SYNTHETIC DATA
DEMO_G_1004,18.5461405,73.8538209,379035,2050995,DEMO_WARD_03,DEMO Ward 03,34.145,0.2526,0.2916,18.76,43.0,0.2368,5.137,202.49,559.25,4527.39,DEMO / SYNTHETIC DATA
DEMO_G_1005,18.5461422,73.8541051,379065,2050995,DEMO_WARD_03,DEMO Ward 03,33.098,0.5079,0.0467,44.69,45.54,0.2313,4.674,393.42,557.29,9910.07,DEMO / SYNTHETIC DATA
DEMO_G_1006,18.546144,73.8543893,379095,2050995,DEMO_WARD_03,DEMO Ward 03,34.441,0.2285,0.2596,30.7,53.74,0.1687,5.737,355.47,558.57,10707.72,DEMO / SYNTHETIC DATA
DEMO_G_1007,18.5461457,73.8546735,379125,2050995,DEMO_WARD_03,DEMO Ward 03,33.579,0.2824,0.1638,30.37,44.62,0.2203,4.956,253.09,566.56,11907.4,DEMO / SYNTHETIC DATA
DEMO_G_1008,18.5461474,73.8549578,379155,2050995,DEMO_WARD_03,DEMO Ward 03,34.245,0.2882,0.1594,18.65,43.93,0.2099,4.639,453.33,563.95,11469.94,DEMO / SYNTHETIC DATA
DEMO_G_1009,18.5461491,73.855242,379185,2050995,DEMO_WARD_03,DEMO Ward 03,34.445,0.2009,0.2016,5.07,54.44,0.1523,6.595,327.84,560.23,10426.23,DEMO / SYNTHETIC DATA
DEMO_G_1010,18.5461509,73.8555262,379215,2050995,DEMO_WARD_03,DEMO Ward 03,36.127,0.2147,0.2408,24.74,47.21,0.1772,3.694,219.78,559.56,11806.98,DEMO / SYNTHETIC DATA
DEMO_G_1011,18.5461526,73.8558104,379245,2050995,DEMO_WARD_03,DEMO Ward 03,33.133,0.2442,0.2663,26.35,42.2,0.154,5.702,171.97,565.72,7763.08,DEMO / SYNTHETIC DATA
DEMO_G_1012,18.5461543,73.8560946,379275,2050995,DEMO_WARD_03,DEMO Ward 03,37.428,0.2294,0.2123,31.76,67.07,0.2521,4.601,348.87,565.7,11791.0,DEMO / SYNTHETIC DATA
DEMO_G_1013,18.546156,73.8563788,379305,2050995,DEMO_WARD_03,DEMO Ward 03,36.474,0.1687,0.1241,28.26,58.49,0.143,7.267,307.81,568.27,11252.02,DEMO / SYNTHETIC DATA
DEMO_G_1014,18.5461577,73.8566631,379335,2050995,DEMO_WARD_03,DEMO Ward 03,34.431,0.2482,0.2203,18.06,74.12,0.1808,5.893,439.49,557.47,13576.72,DEMO / SYNTHETIC DATA
DEMO_G_1015,18.5461595,73.8569473,379365,2050995,DEMO_WARD_03,DEMO Ward 03,35.279,0.0951,0.3092,28.63,66.06,0.2253,5.614,512.56,562.28,10996.57,DEMO / SYNTHETIC DATA
DEMO_G_1016,18.5461612,73.8572315,379395,2050995,DEMO_WARD_03,DEMO Ward 03,33.483,0.1513,0.1169,19.06,52.02,0.2131,4.655,278.82,562.54,13900.13,DEMO / SYNTHETIC DATA
DEMO_G_1017,18.5461629,73.8575157,379425,2050995,DEMO_WARD_03,DEMO Ward 03,39.095,-0.0097,0.3341,19.6,72.05,0.1909,5.193,314.01,559.49,15496.28,DEMO / SYNTHETIC DATA
DEMO_G_1018,18.5461646,73.8577999,379455,2050995,DEMO_WARD_03,DEMO Ward 03,36.413,0.3431,0.2473,27.8,49.53,0.1828,5.215,115.96,562.0,10344.98,DEMO / SYNTHETIC DATA
DEMO_G_1019,18.5461663,73.8580841,379485,2050995,DEMO_WARD_03,DEMO Ward 03,38.763,0.1598,0.5015,15.0,73.46,0.2167,8.108,474.22,568.97,17107.46,DEMO / SYNTHETIC DATA
DEMO_G_1020,18.5461681,73.8583684,379515,2050995,DEMO_WARD_03,DEMO Ward 03,41.223,-0.0627,0.3671,2.08,85.08,0.2541,8.907,530.09,560.13,19144.67,DEMO / SYNTHETIC DATA
DEMO_G_1021,18.546337,73.8415978,377745,2051025,DEMO_WARD_01,DEMO Ward 01,35.304,0.226,0.18,14.49,43.34,0.1277,3.845,365.59,553.9,5466.07,DEMO / SYNTHETIC DATA
DEMO_G_1022,18.5463388,73.841882,377775,2051025,DEMO_WARD_01,DEMO Ward 01,33.258,0.2545,0.1949,37.19,55.38,0.1484,4.581,408.49,568.11,12986.58,DEMO / SYNTHETIC DATA
DEMO_G_1023,18.5463405,73.8421662,377805,2051025,DEMO_WARD_01,DEMO Ward 01,32.89,0.2589,0.0184,12.79,43.49,0.1551,5.102,273.94,563.59,6498.99,DEMO / SYNTHETIC DATA
DEMO_G_1024,18.5463423,73.8424504,377835,2051025,DEMO_WARD_01,DEMO Ward 01,32.453,0.1955,0.2595,41.77,38.8,0.1914,4.48,299.8,553.45,9713.95,DEMO / SYNTHETIC DATA
DEMO_G_1025,18.546344,73.8427346,377865,2051025,DEMO_WARD_01,DEMO Ward 01,34.286,0.2911,0.1965,29.77,50.76,0.1677,4.966,189.99,560.49,10742.61,DEMO / SYNTHETIC DATA
DEMO_G_1026,18.5463457,73.8430188,377895,2051025,DEMO_WARD_01,DEMO Ward 01,32.426,0.1526,0.1207,14.53,59.38,0.2125,4.748,209.44,559.71,8800.41,DEMO / SYNTHETIC DATA
DEMO_G_1027,18.5463475,73.8433031,377925,2051025,DEMO_WARD_01,DEMO Ward 01,34.662,0.0946,0.2786,6.97,63.13,0.206,2.953,355.85,563.44,15173.58,DEMO / SYNTHETIC DATA
DEMO_G_1028,18.5463492,73.8435873,377955,2051025,DEMO_WARD_01,DEMO Ward 01,35.97,0.1941,0.3275,22.67,62.36,0.2422,5.34,213.85,555.89,14879.13,DEMO / SYNTHETIC DATA
DEMO_G_1029,18.546351,73.8438715,377985,2051025,DEMO_WARD_01,DEMO Ward 01,34.573,0.1617,0.1685,31.63,62.35,0.2526,6.263,475.8,558.0,13078.87,DEMO / SYNTHETIC DATA
DEMO_G_1030,18.5463527,73.8441557,378015,2051025,DEMO_WARD_01,DEMO Ward 01,32.846,0.3678,0.1213,45.34,53.91,0.2379,4.638,255.61,564.67,8866.33,DEMO / SYNTHETIC DATA
DEMO_G_1031,18.5463544,73.8444399,378045,2051025,DEMO_WARD_01,DEMO Ward 01,34.576,0.3678,0.1042,37.83,79.03,0.2193,5.195,544.89,562.52,15717.71,DEMO / SYNTHETIC DATA
DEMO_G_1032,18.5463562,73.8447241,378075,2051025,DEMO_WARD_01,DEMO Ward 01,30.093,0.4058,-0.0822,25.96,23.96,0.2427,4.184,140.63,558.06,7178.78,DEMO / SYNTHETIC DATA
DEMO_G_1033,18.5463579,73.8450084,378105,2051025,DEMO_WARD_01,DEMO Ward 01,31.98,0.2524,0.2828,21.36,38.41,0.1875,6.596,427.57,557.41,7051.89,DEMO / SYNTHETIC DATA
DEMO_G_1034,18.5463597,73.8452926,378135,2051025,DEMO_WARD_01,DEMO Ward 01,34.422,0.2452,0.2224,24.25,69.4,0.2613,5.429,163.21,566.82,17637.6,DEMO / SYNTHETIC DATA
DEMO_G_1035,18.5463614,73.8455768,378165,2051025,DEMO_WARD_01,DEMO Ward 01,40.35,-0.0469,0.404,10.2,74.81,0.1649,8.79,397.71,558.81,11998.19,DEMO / SYNTHETIC DATA
DEMO_G_1036,18.5463631,73.845861,378195,2051025,DEMO_WARD_01,DEMO Ward 01,37.451,0.0508,0.2854,4.27,66.09,0.1744,7.239,206.35,558.15,15178.31,DEMO / SYNTHETIC DATA
DEMO_G_1037,18.5463649,73.8461452,378225,2051025,DEMO_WARD_01,DEMO Ward 01,28.544,0.3618,0.1389,40.64,48.79,0.2418,6.971,115.13,555.95,8886.38,DEMO / SYNTHETIC DATA
DEMO_G_1038,18.5463666,73.8464294,378255,2051025,DEMO_WARD_01,DEMO Ward 01,36.103,0.0936,0.3283,22.96,65.56,0.2378,3.875,536.53,557.36,16074.26,DEMO / SYNTHETIC DATA
DEMO_G_1039,18.5463683,73.8467137,378285,2051025,DEMO_WARD_01,DEMO Ward 01,36.556,0.1535,0.1821,11.1,59.12,0.276,8.465,370.28,561.27,13618.96,DEMO / SYNTHETIC DATA
DEMO_G_1040,18.5463701,73.8469979,378315,2051025,DEMO_WARD_01,DEMO Ward 01,31.26,0.092,0.1499,25.42,58.86,0.2028,5.502,403.79,558.91,13529.22,DEMO / SYNTHETIC DATA
DEMO_G_1041,18.5463718,73.8472821,378345,2051025,DEMO_WARD_02,DEMO Ward 02,37.993,0.1446,0.2611,17.48,73.85,0.2283,5.26,258.21,562.59,16763.78,DEMO / SYNTHETIC DATA
DEMO_G_1042,18.5463736,73.8475663,378375,2051025,DEMO_WARD_02,DEMO Ward 02,36.009,0.2536,0.1002,21.12,66.67,0.2029,5.142,365.12,554.3,9990.33,DEMO / SYNTHETIC DATA
DEMO_G_1043,18.5463753,73.8478505,378405,2051025,DEMO_WARD_02,DEMO Ward 02,39.126,0.0688,0.3093,12.08,73.43,0.1627,4.879,459.48,569.57,12672.72,DEMO / SYNTHETIC DATA
DEMO_G_1044,18.546377,73.8481347,378435,2051025,DEMO_WARD_02,DEMO Ward 02,35.962,0.2855,0.0448,24.47,59.8,0.172,4.464,192.8,563.81,11971.14,DEMO / SYNTHETIC DATA
DEMO_G_1045,18.5463788,73.848419,378465,2051025,DEMO_WARD_02,DEMO Ward 02,34.198,0.2432,0.179,20.38,55.36,0.1368,3.945,304.4,566.7,12716.94,DEMO / SYNTHETIC DATA
DEMO_G_1046,18.5463805,73.8487032,378495,2051025,DEMO_WARD_02,DEMO Ward 02,39.065,0.1306,0.3252,21.18,48.76,0.1417,4.654,426.24,555.69,8405.01,DEMO / SYNTHETIC DATA
DEMO_G_1047,18.5463822,73.8489874,378525,2051025,DEMO_WARD_02,DEMO Ward 02,33.944,0.3409,0.2991,34.87,51.54,0.2585,6.692,343.98,566.97,12969.89,DEMO / SYNTHETIC DATA
DEMO_G_1048,18.546384,73.8492716,378555,2051025,DEMO_WARD_02,DEMO Ward 02,32.9,0.4514,-0.1279,40.37,47.95,0.2376,3.913,117.12,564.54,10256.97,DEMO / SYNTHETIC DATA
DEMO_G_1049,18.5463857,73.8495558,378585,2051025,DEMO_WARD_02,DEMO Ward 02,31.819,0.3431,-0.0033,36.27,44.12,0.2251,4.476,259.0,559.48,8580.49,DEMO / SYNTHETIC DATA
DEMO_G_1050,18.5463874,73.84984,378615,2051025,DEMO_WARD_02,DEMO Ward 02,30.513,0.4988,-0.0152,37.44,47.03,0.1509,3.597,145.34,561.11,6292.98,DEMO / SYNTHETIC DATA
DEMO_G_1051,18.5463891,73.8501243,378645,2051025,DEMO_WARD_02,DEMO Ward 02,36.892,0.3019,0.1876,22.49,61.43,0.1468,5.432,294.04,567.6,11395.92,DEMO / SYNTHETIC DATA
DEMO_G_1052,18.5463909,73.8504085,378675,2051025,DEMO_WARD_02,DEMO Ward 02,35.632,0.1324,0.1113,6.9,47.66,0.2118,5.067,218.56,553.51,11069.14,DEMO / SYNTHETIC DATA
DEMO_G_1053,18.5463926,73.8506927,378705,2051025,DEMO_WARD_02,DEMO Ward 02,30.381,0.4523,0.0511,37.67,46.6,0.2029,3.139,153.1,561.42,13556.4,DEMO / SYNTHETIC DATA
DEMO_G_1054,18.5463943,73.8509769,378735,2051025,DEMO_WARD_02,DEMO Ward 02,33.723,0.3133,0.0787,30.98,48.64,0.1517,5.128,160.22,566.95,8735.02,DEMO / SYNTHETIC DATA
DEMO_G_1055,18.5463961,73.8512611,378765,2051025,DEMO_WARD_02,DEMO Ward 02,30.414,0.5427,0.014,30.22,53.94,0.2313,5.894,254.29,566.16,12521.85,DEMO / SYNTHETIC DATA
DEMO_G_1056,18.5463978,73.8515453,378795,2051025,DEMO_WARD_02,DEMO Ward 02,31.17,0.4622,0.0016,42.01,37.32,0.2742,4.806,271.62,565.36,7562.97,DEMO / SYNTHETIC DATA
DEMO_G_1057,18.5463995,73.8518296,378825,2051025,DEMO_WARD_02,DEMO Ward 02,35.431,0.3467,0.1853,14.96,56.38,0.238,6.774,285.16,567.3,10143.53,DEMO / SYNTHETIC DATA
DEMO_G_1058,18.5464013,73.8521138,378855,2051025,DEMO_WARD_02,DEMO Ward 02,34.097,0.316,0.1655,24.78,28.36,0.1719,3.872,129.84,559.95,8402.57,DEMO / SYNTHETIC DATA
DEMO_G_1059,18.546403,73.852398,378885,2051025,DEMO_WARD_02,DEMO Ward 02,32.939,0.2898,-0.0506,35.28,34.03,0.1856,2.558,207.13,565.68,7527.29,DEMO / SYNTHETIC DATA
DEMO_G_1060,18.5464047,73.8526822,378915,2051025,DEMO_WARD_02,DEMO Ward 02,29.71,0.3485,0.037,29.74,33.97,0.1638,3.314,173.53,563.97,9352.75,DEMO / SYNTHETIC DATA
DEMO_G_1061,18.5464064,73.8529664,378945,2051025,DEMO_WARD_03,DEMO Ward 03,33.691,0.3741,0.0482,27.55,39.08,0.2208,4.167,231.54,563.66,9278.52,DEMO / SYNTHETIC DATA
DEMO_G_1062,18.5464082,73.8532506,378975,2051025,DEMO_WARD_03,DEMO Ward 03,31.636,0.395,0.0846,37.96,38.78,0.2308,4.4,141.26,568.13,9056.23,DEMO / SYNTHETIC DATA
DEMO_G_1063,18.5464099,73.8535349,379005,2051025,DEMO_WARD_03,DEMO Ward 03,29.478,0.5065,-0.0726,55.47,39.94,0.2272,4.321,0.0,557.57,0.0,DEMO / SYNTHETIC DATA
DEMO_G_1064,18.5464116,73.8538191,379035,2051025,DEMO_WARD_03,DEMO Ward 03,33.023,0.3121,0.1593,24.55,35.83,0.2552,3.777,377.39,560.04,10030.73,DEMO / SYNTHETIC DATA
DEMO_G_1065,18.5464133,73.8541033,379065,2051025,DEMO_WARD_03,DEMO Ward 03,30.835,0.3855,0.1717,32.53,40.44,0.1379,4.419,300.55,563.3,9699.37,DEMO / SYNTHETIC DATA
DEMO_G_1066,18.5464151,73.8543875,379095,2051025,DEMO_WARD_03,DEMO Ward 03,34.276,0.281,0.2965,25.97,59.03,0.2367,6.884,352.41,559.24,13556.96,DEMO / SYNTHETIC DATA
DEMO_G_1067,18.5464168,73.8546717,379125,2051025,DEMO_WARD_03,DEMO Ward 03,34.329,0.4006,0.1687,31.45,50.29,0.2648,5.489,400.07,556.43,7147.03,DEMO / SYNTHETIC DATA
DEMO_G_1068,18.5464185,73.854956,379155,2051025,DEMO_WARD_03,DEMO Ward 03,38.803,0.1311,0.3073,10.19,67.93,0.2079,5.464,456.82,559.42,10582.18,DEMO / SYNTHETIC DATA
DEMO_G_1069,18.5464202,73.8552402,379185,2051025,DEMO_WARD_03,DEMO Ward 03,33.509,0.2446,0.1483,17.2,59.64,0.1508,3.724,332.32,563.45,11899.59,DEMO / SYNTHETIC DATA
DEMO_G_1070,18.546422,73.8555244,379215,2051025,DEMO_WARD_03,DEMO Ward 03,37.921,0.2387,0.2303,27.8,71.81,0.2193,6.275,630.52,565.37,17140.62,DEMO / SYNTHETIC DATA
DEMO_G_1071,18.5464237,73.8558086,379245,2051025,DEMO_WARD_03,DEMO Ward 03,30.713,0.2909,-0.0062,13.44,35.35,0.1724,1.353,303.57,562.12,9071.95,DEMO / SYNTHETIC DATA
DEMO_G_1072,18.5464254,73.8560928,379275,2051025,DEMO_WARD_03,DEMO Ward 03,34.75,0.1907,0.1827,0.0,76.53,0.196,7.083,514.19,556.93,16942.64,DEMO / SYNTHETIC DATA
DEMO_G_1073,18.5464271,73.856377,379305,2051025,DEMO_WARD_03,DEMO Ward 03,33.786,0.0581,0.2904,0.36,50.97,0.23,5.872,278.05,557.59,12874.88,DEMO / SYNTHETIC DATA
DEMO_G_1074,18.5464288,73.8566613,379335,2051025,DEMO_WARD_03,DEMO Ward 03,34.173,0.213,0.2963,29.22,57.13,0.2353,4.195,200.89,562.98,12174.47,DEMO / SYNTHETIC DATA
DEMO_G_1075,18.5464306,73.8569455,379365,2051025,DEMO_WARD_03,DEMO Ward 03,33.374,0.1445,0.13,25.89,63.83,0.187,7.614,440.17,559.06,10328.2,DEMO / SYNTHETIC DATA
DEMO_G_1076,18.5464323,73.8572297,379395,2051025,DEMO_WARD_03,DEMO Ward 03,33.244,0.1383,0.2512,27.12,71.04,0.2258,4.736,246.57,570.0,8977.87,DEMO / SYNTHETIC DATA
DEMO_G_1077,18.546434,73.8575139,379425,2051025,DEMO_WARD_03,DEMO Ward 03,36.079,0.2023,0.3532,27.77,70.93,0.2385,6.461,280.32,559.6,10605.43,DEMO / SYNTHETIC DATA
DEMO_G_1078,18.5464357,73.8577981,379455,2051025,DEMO_WARD_03,DEMO Ward 03,34.31,0.1954,0.2004,24.62,60.63,0.2167,8.177,501.33,561.88,16447.72,DEMO / SYNTHETIC DATA
DEMO_G_1079,18.5464374,73.8580823,379485,2051025,DEMO_WARD_03,DEMO Ward 03,35.01,0.2123,0.2991,17.66,72.41,0.2095,4.953,382.13,562.98,15253.88,DEMO / SYNTHETIC DATA
DEMO_G_1080,18.5464392,73.8583666,379515,2051025,DEMO_WARD_03,DEMO Ward 03,37.912,0.0147,0.4325,8.52,86.0,0.2125,9.586,405.77,563.13,19303.01,DEMO / SYNTHETIC DATA
DEMO_G_1081,18.5466081,73.8415959,377745,2051055,DEMO_WARD_01,DEMO Ward 01,36.34,0.2054,0.2228,14.97,48.8,0.1964,5.39,269.84,562.44,10812.93,DEMO / SYNTHETIC DATA
DEMO_G_1082,18.5466099,73.8418802,377775,2051055,DEMO_WARD_01,DEMO Ward 01,35.857,0.2845,0.1385,34.83,79.74,0.1255,4.371,380.2,563.16,10784.51,DEMO / SYNTHETIC DATA
DEMO_G_1083,18.5466116,73.8421644,377805,2051055,DEMO_WARD_01,DEMO Ward 01,30.497,0.2694,0.2974,18.54,37.7,0.2661,3.321,201.74,563.37,10574.05,DEMO / SYNTHETIC DATA
DEMO_G_1084,18.5466133,73.8424486,377835,2051055,DEMO_WARD_01,DEMO Ward 01,34.183,0.1097,0.0619,14.56,36.49,0.2014,3.889,92.9,566.03,11721.55,DEMO / SYNTHETIC DATA
DEMO_G_1085,18.5466151,73.8427328,377865,2051055,DEMO_WARD_01,DEMO Ward 01,34.778,0.1593,0.3036,26.38,67.07,0.2356,6.387,403.46,561.12,13616.69,DEMO / SYNTHETIC DATA
DEMO_G_1086,18.5466168,73.843017,377895,2051055,DEMO_WARD_01,DEMO Ward 01,39.899,0.1583,0.2899,14.28,92.33,0.1624,7.737,528.92,561.72,11533.19,DEMO / SYNTHETIC DATA
DEMO_G_1087,18.5466186,73.8433012,377925,2051055,DEMO_WARD_01,DEMO Ward 01,35.328,0.2427,0.1685,31.09,72.15,0.2466,4.828,450.22,559.03,12140.53,DEMO / SYNTHETIC DATA
DEMO_G_1088,18.5466203,73.8435855,377955,2051055,DEMO_WARD_01,DEMO Ward 01,34.407,0.2162,0.339,24.49,68.48,0.1642,5.853,405.25,560.95,14262.16,DEMO / SYNTHETIC DATA
DEMO_G_1089,18.5466221,73.8438697,377985,2051055,DEMO_WARD_01,DEMO Ward 01,37.005,0.2138,0.3448,31.46,72.95,0.1688,7.661,398.44,562.46,16153.66,DEMO / SYNTHETIC DATA
DEMO_G_1090,18.5466238,73.8441539,378015,2051055,DEMO_WARD_01,DEMO Ward 01,35.299,0.0981,0.0666,9.17,57.28,0.203,3.717,523.76,565.75,12993.62,DEMO / SYNTHETIC DATA
DEMO_G_1091,18.5466255,73.8444381,378045,2051055,DEMO_WARD_01,DEMO Ward 01,38.14,0.1536,0.4291,14.59,64.15,0.1587,6.198,325.91,559.8,17658.82,DEMO / SYNTHETIC DATA
DEMO_G_1092,18.5466273,73.8447223,378075,2051055,DEMO_WARD_01,DEMO Ward 01,34.764,0.3111,0.2536,37.65,50.06,0.1939,4.497,344.16,556.21,11485.34,DEMO / SYNTHETIC DATA
DEMO_G_1093,18.546629,73.8450065,378105,2051055,DEMO_WARD_01,DEMO Ward 01,30.904,0.4224,0.1192,39.38,28.08,0.204,5.95,243.14,562.21,9898.53,DEMO / SYNTHETIC DATA
DEMO_G_1094,18.5466307,73.8452908,378135,2051055,DEMO_WARD_01,DEMO Ward 01,34.896,0.127,0.3786,7.13,62.11,0.1892,6.327,554.32,555.66,12825.36,DEMO / SYNTHETIC DATA
DEMO_G_1095,18.5466325,73.845575,378165,2051055,DEMO_WARD_01,DEMO Ward 01,39.372,0.0216,0.3908,10.13,71.83,0.1655,7.838,379.43,565.84,14941.08,DEMO / SYNTHETIC DATA
DEMO_G_1096,18.5466342,73.8458592,378195,2051055,DEMO_WARD_01,DEMO Ward 01,39.361,0.1217,0.4115,10.26,85.75,0.205,5.954,536.1,562.76,19889.31,DEMO / SYNTHETIC DATA
DEMO_G_1097,18.546636,73.8461434,378225,2051055,DEMO_WARD_01,DEMO Ward 01,35.192,0.1838,0.2235,29.67,55.16,0.1113,5.64,248.08,567.81,9939.29,DEMO / SYNTHETIC DATA
DEMO_G_1098,18.5466377,73.8464276,378255,2051055,DEMO_WARD_01,DEMO Ward 01,33.597,0.2191,0.1185,21.49,63.3,0.1933,7.147,293.77,563.89,9800.72,DEMO / SYNTHETIC DATA
DEMO_G_1099,18.5466394,73.8467118,378285,2051055,DEMO_WARD_01,DEMO Ward 01,34.651,0.1771,0.2507,29.89,56.56,0.1655,7.542,434.55,561.69,10132.22,DEMO / SYNTHETIC DATA
DEMO_G_1100,18.5466412,73.8469961,378315,2051055,DEMO_WARD_01,DEMO Ward 01,37.39,0.0907,0.2673,10.06,62.62,0.184,7.139,311.28,562.05,11498.9,DEMO / SYNTHETIC DATA
DEMO_G_1101,18.5466429,73.8472803,378345,2051055,DEMO_WARD_02,DEMO Ward 02,30.351,0.4037,0.0504,36.76,31.11,0.1639,5.176,213.71,556.77,5495.74,DEMO / SYNTHETIC DATA
DEMO_G_1102,18.5466446,73.8475645,378375,2051055,DEMO_WARD_02,DEMO Ward 02,29.988,0.1815,0.0994,18.77,43.92,0.2352,6.979,453.82,563.4,10232.08,DEMO / SYNTHETIC DATA
DEMO_G_1103,18.5466464,73.8478487,378405,2051055,DEMO_WARD_02,DEMO Ward 02,30.538,0.2532,0.148,15.57,63.51,0.2332,5.866,280.78,557.7,9126.29,DEMO / SYNTHETIC DATA
DEMO_G_1104,18.5466481,73.8481329,378435,2051055,DEMO_WARD_02,DEMO Ward 02,32.708,0.2572,0.1466,28.22,48.64,0.2175,5.205,447.05,554.46,12490.72,DEMO / SYNTHETIC DATA
DEMO_G_1105,18.5466498,73.8484171,378465,2051055,DEMO_WARD_02,DEMO Ward 02,31.064,0.1353,0.0584,24.22,39.2,0.2561,5.067,462.94,557.58,5794.25,DEMO / SYNTHETIC DATA
DEMO_G_1106,18.5466516,73.8487014,378495,2051055,DEMO_WARD_02,DEMO Ward 02,34.953,0.2275,0.1855,27.08,53.3,0.1951,5.649,461.94,566.02,11280.79,DEMO / SYNTHETIC DATA
DEMO_G_1107,18.5466533,73.8489856,378525,2051055,DEMO_WARD_02,DEMO Ward 02,34.382,0.4307,-0.0466,34.3,40.3,0.1742,3.174,376.88,560.44,7362.74,DEMO / SYNTHETIC DATA
DEMO_G_1108,18.546655,73.8492698,378555,2051055,DEMO_WARD_02,DEMO Ward 02,34.14,0.3214,0.2222,23.35,37.14,0.2212,4.345,247.42,560.49,17010.02,DEMO / SYNTHETIC DATA
DEMO_G_1109,18.5466568,73.849554,378585,2051055,DEMO_WARD_02,DEMO Ward 02,32.839,0.1425,0.1798,27.21,66.5,0.2404,5.936,278.87,566.01,9830.79,DEMO / SYNTHETIC DATA
DEMO_G_1110,18.5466585,73.8498382,378615,2051055,DEMO_WARD_02,DEMO Ward 02,35.813,0.2026,0.2763,12.29,60.43,0.2267,5.321,224.03,567.33,14271.7,DEMO / SYNTHETIC DATA
DEMO_G_1111,18.5466602,73.8501224,378645,2051055,DEMO_WARD_02,DEMO Ward 02,34.152,0.2894,0.2686,28.55,55.49,0.1913,6.247,495.09,559.84,7420.32,DEMO / SYNTHETIC DATA
DEMO_G_1112,18.546662,73.8504067,378675,2051055,DEMO_WARD_02,DEMO Ward 02,29.223,0.346,0.0457,31.16,50.83,0.2998,3.972,267.77,570.95,4556.04,DEMO / SYNTHETIC DATA
DEMO_G_1113,18.5466637,73.8506909,378705,2051055,DEMO_WARD_02,DEMO Ward 02,36.22,0.3315,0.1661,44.9,65.8,0.1359,3.289,279.86,558.6,10598.36,DEMO / SYNTHETIC DATA
DEMO_G_1114,18.5466654,73.8509751,378735,2051055,DEMO_WARD_02,DEMO Ward 02,32.046,0.3373,0.1382,29.72,34.44,0.2435,1.597,220.63,565.19,3559.73,DEMO / SYNTHETIC DATA
DEMO_G_1115,18.5466672,73.8512593,378765,2051055,DEMO_WARD_02,DEMO Ward 02,30.895,0.4648,-0.0128,28.38,24.24,0.1427,2.854,29.86,565.46,3857.78,DEMO / SYNTHETIC DATA
DEMO_G_1116,18.5466689,73.8515435,378795,2051055,DEMO_WARD_02,DEMO Ward 02,31.736,0.3443,0.072,38.08,48.54,0.1705,5.02,195.85,556.04,8155.69,DEMO / SYNTHETIC DATA
DEMO_G_1117,18.5466706,73.8518278,378825,2051055,DEMO_WARD_02,DEMO Ward 02,34.639,0.3738,0.1553,43.75,39.48,0.1403,3.932,294.84,561.09,7309.54,DEMO / SYNTHETIC DATA
DEMO_G_1118,18.5466723,73.852112,378855,2051055,DEMO_WARD_02,DEMO Ward 02,31.687,0.2794,0.0939,28.08,40.79,0.2382,2.639,308.23,558.43,5391.52,DEMO / SYNTHETIC DATA
DEMO_G_1119,18.5466741,73.8523962,378885,2051055,DEMO_WARD_02,DEMO Ward 02,35.937,0.3395,-0.0218,28.72,44.85,0.1563,4.052,256.77,565.08,6484.33,DEMO / SYNTHETIC DATA
DEMO_G_1120,18.5466758,73.8526804,378915,2051055,DEMO_WARD_02,DEMO Ward 02,32.378,0.3677,0.1353,47.33,37.95,0.232,3.889,329.94,566.77,6533.99,DEMO / SYNTHETIC DATA
DEMO_G_1121,18.5466775,73.8529646,378945,2051055,DEMO_WARD_03,DEMO Ward 03,33.667,0.2994,0.0981,18.94,44.78,0.1379,2.576,245.43,565.72,7674.6,DEMO / SYNTHETIC DATA
DEMO_G_1122,18.5466792,73.8532488,378975,2051055,DEMO_WARD_03,DEMO Ward 03,30.818,0.532,0.1715,24.96,38.45,0.2266,3.863,334.64,564.48,8945.86,DEMO / SYNTHETIC DATA
DEMO_G_1123,18.546681,73.8535331,379005,2051055,DEMO_WARD_03,DEMO Ward 03,35.859,0.2433,0.2145,23.82,52.08,0.1963,5.027,349.95,560.24,9553.93,DEMO / SYNTHETIC DATA
DEMO_G_1124,18.5466827,73.8538173,379035,2051055,DEMO_WARD_03,DEMO Ward 03,32.789,0.4646,0.1293,36.23,40.0,0.1312,4.894,396.31,563.79,9708.76,DEMO / SYNTHETIC DATA
DEMO_G_1125,18.5466844,73.8541015,379065,2051055,DEMO_WARD_03,DEMO Ward 03,31.866,0.2662,0.0566,38.47,37.73,0.1326,3.506,350.6,564.54,9886.64,DEMO / SYNTHETIC DATA
DEMO_G_1126,18.5466861,73.8543857,379095,2051055,DEMO_WARD_03,DEMO Ward 03,33.778,0.2436,0.0359,33.86,47.95,0.1536,6.726,382.83,561.34,7782.01,DEMO / SYNTHETIC DATA
DEMO_G_1127,18.5466879,73.8546699,379125,2051055,DEMO_WARD_03,DEMO Ward 03,32.765,0.3533,-0.0349,21.02,37.77,0.1605,5.179,236.77,560.91,8940.84,DEMO / SYNTHETIC DATA
DEMO_G_1128,18.5466896,73.8549541,379155,2051055,DEMO_WARD_03,DEMO Ward 03,33.896,0.2114,0.2689,24.28,66.18,0.1641,6.682,419.14,565.56,12012.1,DEMO / SYNTHETIC DATA
DEMO_G_1129,18.5466913,73.8552384,379185,2051055,DEMO_WARD_03,DEMO Ward 03,33.534,0.2933,0.0015,20.46,44.41,0.1685,5.045,259.25,562.84,7580.09,DEMO / SYNTHETIC DATA
DEMO_G_1130,18.546693,73.8555226,379215,2051055,DEMO_WARD_03,DEMO Ward 03,31.819,0.3739,0.2767,25.01,57.01,0.2675,5.849,333.14,563.55,10855.91,DEMO / SYNTHETIC DATA
DEMO_G_1131,18.5466948,73.8558068,379245,2051055,DEMO_WARD_03,DEMO Ward 03,31.98,0.3893,0.1503,41.98,56.58,0.1905,3.107,446.05,559.98,6602.87,DEMO / SYNTHETIC DATA
DEMO_G_1132,18.5466965,73.856091,379275,2051055,DEMO_WARD_03,DEMO Ward 03,35.149,0.0472,0.2336,36.2,53.3,0.2539,7.516,436.51,556.52,12980.85,DEMO / SYNTHETIC DATA
DEMO_G_1133,18.5466982,73.8563752,379305,2051055,DEMO_WARD_03,DEMO Ward 03,37.565,0.2831,0.3341,18.95,51.39,0.1792,6.174,403.99,558.21,16137.03,DEMO / SYNTHETIC DATA
DEMO_G_1134,18.5466999,73.8566595,379335,2051055,DEMO_WARD_03,DEMO Ward 03,32.994,0.1321,0.2081,22.05,49.59,0.2212,4.188,546.36,559.93,10948.47,DEMO / SYNTHETIC DATA
DEMO_G_1135,18.5467016,73.8569437,379365,2051055,DEMO_WARD_03,DEMO Ward 03,34.096,0.3525,0.2272,41.45,58.74,0.2421,5.654,502.17,558.12,11909.47,DEMO / SYNTHETIC DATA
DEMO_G_1136,18.5467034,73.8572279,379395,2051055,DEMO_WARD_03,DEMO Ward 03,31.252,0.3211,-0.1288,8.61,37.58,0.1919,4.581,124.27,560.34,6731.97,DEMO / SYNTHETIC DATA
DEMO_G_1137,18.5467051,73.8575121,379425,2051055,DEMO_WARD_03,DEMO Ward 03,35.885,0.2721,0.2704,37.4,64.77,0.1701,7.405,279.79,558.48,20711.35,DEMO / SYNTHETIC DATA
DEMO_G_1138,18.5467068,73.8577963,379455,2051055,DEMO_WARD_03,DEMO Ward 03,35.593,0.2671,0.2895,10.03,66.3,0.2171,5.861,360.3,553.76,14036.42,DEMO / SYNTHETIC DATA
DEMO_G_1139,18.5467085,73.8580805,379485,2051055,DEMO_WARD_03,DEMO Ward 03,34.412,0.1729,0.3776,28.7,75.49,0.1731,7.624,389.45,569.44,15232.18,DEMO / SYNTHETIC DATA
DEMO_G_1140,18.5467102,73.8583648,379515,2051055,DEMO_WARD_03,DEMO Ward 03,39.619,0.0896,0.2391,15.15,80.9,0.1494,7.241,488.0,560.73,15953.91,DEMO / SYNTHETIC DATA
DEMO_G_1141,18.5468792,73.8415941,377745,2051085,DEMO_WARD_01,DEMO Ward 01,31.725,0.331,0.0882,40.81,44.21,0.2421,5.081,417.59,563.54,10972.59,DEMO / SYNTHETIC DATA
DEMO_G_1142,18.546881,73.8418783,377775,2051085,DEMO_WARD_01,DEMO Ward 01,34.219,0.2875,0.1786,26.31,47.28,0.2229,5.986,411.03,563.73,15883.9,DEMO / SYNTHETIC DATA
DEMO_G_1143,18.5468827,73.8421625,377805,2051085,DEMO_WARD_01,DEMO Ward 01,28.652,0.4868,0.0453,54.86,39.45,0.2293,3.926,57.27,553.77,7254.88,DEMO / SYNTHETIC DATA
DEMO_G_1144,18.5468844,73.8424468,377835,2051085,DEMO_WARD_01,DEMO Ward 01,36.001,0.2118,0.1177,22.68,82.0,0.2101,5.929,403.96,561.77,14210.47,DEMO / SYNTHETIC DATA
DEMO_G_1145,18.5468862,73.842731,377865,2051085,DEMO_WARD_01,DEMO Ward 01,35.685,0.2067,0.3043,10.65,48.52,0.1538,7.856,412.99,563.13,16574.62,DEMO / SYNTHETIC DATA
DEMO_G_1146,18.5468879,73.8430152,377895,2051085,DEMO_WARD_01,DEMO Ward 01,35.234,0.1968,0.226,17.59,45.72,0.2089,6.074,485.15,559.13,11124.16,DEMO / SYNTHETIC DATA
DEMO_G_1147,18.5468897,73.8432994,377925,2051085,DEMO_WARD_01,DEMO Ward 01,34.926,0.159,0.0103,12.59,42.89,0.1624,2.883,327.71,561.8,8970.45,DEMO / SYNTHETIC DATA
DEMO_G_1148,18.5468914,73.8435836,377955,2051085,DEMO_WARD_01,DEMO Ward 01,33.624,0.3827,0.1116,35.27,62.08,0.1819,5.295,465.1,564.2,13075.77,DEMO / SYNTHETIC DATA
DEMO_G_1149,18.5468931,73.8438678,377985,2051085,DEMO_WARD_01,DEMO Ward 01,33.893,0.2638,0.1955,14.36,75.24,0.168,5.403,464.59,553.98,10703.68,DEMO / SYNTHETIC DATA
DEMO_G_1150,18.5468949,73.8441521,378015,2051085,DEMO_WARD_01,DEMO Ward 01,30.881,0.3607,0.0399,33.3,35.16,0.2171,3.787,373.88,561.72,7746.82,DEMO / SYNTHETIC DATA
DEMO_G_1151,18.5468966,73.8444363,378045,2051085,DEMO_WARD_01,DEMO Ward 01,35.608,0.085,0.2198,10.16,57.79,0.2201,3.708,394.69,560.1,10420.46,DEMO / SYNTHETIC DATA
DEMO_G_1152,18.5468984,73.8447205,378075,2051085,DEMO_WARD_01,DEMO Ward 01,37.882,0.0785,0.4414,21.28,73.15,0.1526,8.974,357.31,555.43,12651.03,DEMO / SYNTHETIC DATA
DEMO_G_1153,18.5469001,73.8450047,378105,2051085,DEMO_WARD_01,DEMO Ward 01,36.429,0.1868,0.3262,4.97,86.73,0.2218,7.538,455.55,560.77,19462.87,DEMO / SYNTHETIC DATA
DEMO_G_1154,18.5469018,73.8452889,378135,2051085,DEMO_WARD_01,DEMO Ward 01,32.779,0.3165,0.0356,43.15,55.86,0.2221,4.018,236.25,565.82,10853.24,DEMO / SYNTHETIC DATA
DEMO_G_1155,18.5469036,73.8455732,378165,2051085,DEMO_WARD_01,DEMO Ward 01,35.787,0.13,0.2777,23.14,61.45,0.139,6.304,302.97,565.31,12501.58,DEMO / SYNTHETIC DATA
DEMO_G_1156,18.5469053,73.8458574,378195,2051085,DEMO_WARD_01,DEMO Ward 01,37.439,0.3393,0.2954,5.19,61.35,0.1387,6.261,442.99,554.18,12586.67,DEMO / SYNTHETIC DATA
DEMO_G_1157,18.5469071,73.8461416,378225,2051085,DEMO_WARD_01,DEMO Ward 01,38.244,0.1525,0.1533,27.02,79.54,0.2246,3.873,308.1,565.63,13035.94,DEMO / SYNTHETIC DATA
DEMO_G_1158,18.5469088,73.8464258,378255,2051085,DEMO_WARD_01,DEMO Ward 01,35.126,0.185,0.1296,15.34,52.37,0.2521,5.997,293.78,567.01,8167.73,DEMO / SYNTHETIC DATA
DEMO_G_1159,18.5469105,73.84671,378285,2051085,DEMO_WARD_01,DEMO Ward 01,34.495,0.0655,0.3275,26.29,87.05,0.2191,7.204,307.68,553.4,14211.62,DEMO / SYNTHETIC DATA
DEMO_G_1160,18.5469123,73.8469942,378315,2051085,DEMO_WARD_01,DEMO Ward 01,32.101,0.3156,0.1652,33.2,55.42,0.1921,4.07,407.68,561.57,13759.79,DEMO / SYNTHETIC DATA
DEMO_G_1161,18.546914,73.8472785,378345,2051085,DEMO_WARD_02,DEMO Ward 02,36.53,0.2606,0.4422,29.76,62.55,0.232,6.009,493.07,562.7,10527.67,DEMO / SYNTHETIC DATA
DEMO_G_1162,18.5469157,73.8475627,378375,2051085,DEMO_WARD_02,DEMO Ward 02,33.467,0.2263,0.3362,14.11,77.43,0.2415,7.595,497.37,559.82,17149.68,DEMO / SYNTHETIC DATA
DEMO_G_1163,18.5469175,73.8478469,378405,2051085,DEMO_WARD_02,DEMO Ward 02,33.486,0.4515,0.1758,35.87,48.06,0.1899,1.645,288.05,563.82,5893.18,DEMO / SYNTHETIC DATA
DEMO_G_1164,18.5469192,73.8481311,378435,2051085,DEMO_WARD_02,DEMO Ward 02,37.081,0.1339,0.2013,20.25,65.76,0.1688,7.57,380.98,555.16,15224.01,DEMO / SYNTHETIC DATA
DEMO_G_1165,18.5469209,73.8484153,378465,2051085,DEMO_WARD_02,DEMO Ward 02,33.663,0.3997,-0.0248,48.32,40.86,0.147,3.411,167.32,565.88,6093.37,DEMO / SYNTHETIC DATA
DEMO_G_1166,18.5469227,73.8486995,378495,2051085,DEMO_WARD_02,DEMO Ward 02,33.811,0.3848,0.2075,37.33,54.92,0.2225,4.542,516.16,560.91,7451.18,DEMO / SYNTHETIC DATA
DEMO_G_1167,18.5469244,73.8489838,378525,2051085,DEMO_WARD_02,DEMO Ward 02,33.37,0.2174,0.2437,29.48,35.1,0.1845,2.717,295.19,561.82,7919.02,DEMO / SYNTHETIC DATA
DEMO_G_1168,18.5469261,73.849268,378555,2051085,DEMO_WARD_02,DEMO Ward 02,34.073,0.3905,0.0518,44.94,59.39,0.204,5.409,390.63,556.12,9598.57,DEMO / SYNTHETIC DATA
DEMO_G_1169,18.5469279,73.8495522,378585,2051085,DEMO_WARD_02,DEMO Ward 02,32.653,0.4533,0.0605,34.39,53.11,0.1671,5.009,339.65,558.65,12545.8,DEMO / SYNTHETIC DATA
DEMO_G_1170,18.5469296,73.8498364,378615,2051085,DEMO_WARD_02,DEMO Ward 02,35.184,0.3948,0.0245,25.29,41.85,0.1148,4.591,119.77,565.67,8856.57,DEMO / SYNTHETIC DATA
DEMO_G_1171,18.5469313,73.8501206,378645,2051085,DEMO_WARD_02,DEMO Ward 02,35.342,0.5672,-0.1123,33.89,45.49,0.2114,5.537,346.08,560.02,8103.59,DEMO / SYNTHETIC DATA
DEMO_G_1172,18.5469331,73.8504049,378675,2051085,DEMO_WARD_02,DEMO Ward 02,32.525,0.3373,0.184,38.47,37.09,0.1957,3.124,185.47,564.7,7431.58,DEMO / SYNTHETIC DATA
DEMO_G_1173,18.5469348,73.8506891,378705,2051085,DEMO_WARD_02,DEMO Ward 02,37.048,0.2874,0.0797,28.89,39.21,0.2053,3.964,201.05,561.84,5032.38,DEMO / SYNTHETIC DATA
DEMO_G_1174,18.5469365,73.8509733,378735,2051085,DEMO_WARD_02,DEMO Ward 02,33.826,0.2329,0.1706,30.27,55.9,0.2026,4.248,267.91,556.42,8666.42,DEMO / SYNTHETIC DATA
DEMO_G_1175,18.5469382,73.8512575,378765,2051085,DEMO_WARD_02,DEMO Ward 02,35.147,0.482,0.0752,35.27,53.4,0.2576,4.794,115.27,561.35,7020.85,DEMO / SYNTHETIC DATA
DEMO_G_1176,18.54694,73.8515417,378795,2051085,DEMO_WARD_02,DEMO Ward 02,34.688,0.5203,0.1787,33.89,40.19,0.2113,4.996,252.23,564.94,8383.34,DEMO / SYNTHETIC DATA
DEMO_G_1177,18.5469417,73.8518259,378825,2051085,DEMO_WARD_02,DEMO Ward 02,32.325,0.1669,0.0305,21.76,31.55,0.2148,2.039,463.02,558.35,4724.43,DEMO / SYNTHETIC DATA
DEMO_G_1178,18.5469434,73.8521102,378855,2051085,DEMO_WARD_02,DEMO Ward 02,26.412,0.4761,-0.1612,55.09,28.75,0.261,3.215,406.75,561.59,4679.6,DEMO / SYNTHETIC DATA
DEMO_G_1179,18.5469452,73.8523944,378885,2051085,DEMO_WARD_02,DEMO Ward 02,33.31,0.3894,0.0235,21.89,47.96,0.2595,5.351,250.65,557.04,6134.15,DEMO / SYNTHETIC DATA
DEMO_G_1180,18.5469469,73.8526786,378915,2051085,DEMO_WARD_02,DEMO Ward 02,31.163,0.4335,0.0348,34.88,53.9,0.2066,3.765,157.97,565.43,5280.24,DEMO / SYNTHETIC DATA
DEMO_G_1181,18.5469486,73.8529628,378945,2051085,DEMO_WARD_03,DEMO Ward 03,35.139,0.2401,0.1477,17.61,42.58,0.15,3.476,281.48,555.15,14308.95,DEMO / SYNTHETIC DATA
DEMO_G_1182,18.5469503,73.853247,378975,2051085,DEMO_WARD_03,DEMO Ward 03,35.009,0.3879,0.1134,34.84,42.19,0.1148,3.797,198.43,563.07,4794.97,DEMO / SYNTHETIC DATA
DEMO_G_1183,18.5469521,73.8535312,379005,2051085,DEMO_WARD_03,DEMO Ward 03,33.742,0.2526,0.1034,34.7,48.66,0.2384,6.543,306.43,564.94,8609.94,DEMO / SYNTHETIC DATA
DEMO_G_1184,18.5469538,73.8538155,379035,2051085,DEMO_WARD_03,DEMO Ward 03,35.377,0.0346,0.2967,13.8,65.99,0.194,7.244,467.84,563.75,16010.29,DEMO / SYNTHETIC DATA
DEMO_G_1185,18.5469555,73.8540997,379065,2051085,DEMO_WARD_03,DEMO Ward 03,34.311,0.4806,0.2541,48.24,50.27,0.2007,6.901,279.08,558.92,7178.41,DEMO / SYNTHETIC DATA
DEMO_G_1186,18.5469572,73.8543839,379095,2051085,DEMO_WARD_03,DEMO Ward 03,33.274,0.1756,-0.0199,13.47,51.4,0.1304,3.405,281.3,565.34,9204.69,DEMO / SYNTHETIC DATA
DEMO_G_1187,18.546959,73.8546681,379125,2051085,DEMO_WARD_03,DEMO Ward 03,32.363,0.277,0.0924,18.02,46.95,0.2183,5.61,94.97,559.26,9197.89,DEMO / SYNTHETIC DATA
DEMO_G_1188,18.5469607,73.8549523,379155,2051085,DEMO_WARD_03,DEMO Ward 03,33.377,0.3571,-0.0164,23.1,50.27,0.1798,4.346,231.12,565.54,10582.63,DEMO / SYNTHETIC DATA
DEMO_G_1189,18.5469624,73.8552366,379185,2051085,DEMO_WARD_03,DEMO Ward 03,31.203,0.3639,-0.0293,30.63,51.36,0.1954,4.356,326.68,565.75,9177.15,DEMO / SYNTHETIC DATA
DEMO_G_1190,18.5469641,73.8555208,379215,2051085,DEMO_WARD_03,DEMO Ward 03,36.11,0.117,0.1673,8.83,66.83,0.1525,3.842,395.27,567.11,8389.47,DEMO / SYNTHETIC DATA
DEMO_G_1191,18.5469659,73.855805,379245,2051085,DEMO_WARD_03,DEMO Ward 03,32.173,0.2996,-0.0321,41.1,42.5,0.2025,5.714,131.77,558.55,11020.37,DEMO / SYNTHETIC DATA
DEMO_G_1192,18.5469676,73.8560892,379275,2051085,DEMO_WARD_03,DEMO Ward 03,32.576,0.3379,0.0633,26.95,46.98,0.1126,3.742,404.37,567.34,5908.61,DEMO / SYNTHETIC DATA
DEMO_G_1193,18.5469693,73.8563734,379305,2051085,DEMO_WARD_03,DEMO Ward 03,32.828,0.3606,0.0709,27.47,41.49,0.2312,4.276,436.77,563.96,7063.96,DEMO / SYNTHETIC DATA
DEMO_G_1194,18.546971,73.8566577,379335,2051085,DEMO_WARD_03,DEMO Ward 03,35.202,0.3063,0.1495,26.96,51.05,0.1631,7.195,286.33,562.24,13752.01,DEMO / SYNTHETIC DATA
DEMO_G_1195,18.5469727,73.8569419,379365,2051085,DEMO_WARD_03,DEMO Ward 03,36.345,0.0949,0.1267,15.83,63.16,0.1764,6.567,495.59,559.02,14929.63,DEMO / SYNTHETIC DATA
DEMO_G_1196,18.5469745,73.8572261,379395,2051085,DEMO_WARD_03,DEMO Ward 03,32.876,0.3081,0.2746,32.16,52.75,0.2405,6.091,248.73,558.79,15892.46,DEMO / SYNTHETIC DATA
DEMO_G_1197,18.5469762,73.8575103,379425,2051085,DEMO_WARD_03,DEMO Ward 03,32.244,0.2337,0.1442,18.34,46.72,0.1834,6.683,225.15,558.63,8203.4,DEMO / SYNTHETIC DATA
DEMO_G_1198,18.5469779,73.8577945,379455,2051085,DEMO_WARD_03,DEMO Ward 03,35.231,0.2229,0.1401,28.89,47.14,0.1622,4.348,410.31,562.66,10674.99,DEMO / SYNTHETIC DATA
DEMO_G_1199,18.5469796,73.8580787,379485,2051085,DEMO_WARD_03,DEMO Ward 03,37.103,0.1426,0.2813,20.6,65.72,0.1958,5.627,423.82,564.5,10396.25,DEMO / SYNTHETIC DATA
DEMO_G_1200,18.5469813,73.858363,379515,2051085,DEMO_WARD_03,DEMO Ward 03,33.593,0.2572,0.3222,30.54,75.62,0.2391,4.54,263.88,562.02,12634.28,DEMO / SYNTHETIC DATA
DEMO_G_1201,18.5471503,73.8415923,377745,2051115,DEMO_WARD_01,DEMO Ward 01,31.097,0.5175,0.0929,34.16,36.63,0.1266,4.876,230.49,560.15,8817.14,DEMO / SYNTHETIC DATA
DEMO_G_1202,18.547152,73.8418765,377775,2051115,DEMO_WARD_01,DEMO Ward 01,25.198,0.3246,-0.1934,50.52,16.11,0.2581,0.166,189.06,566.17,3301.08,DEMO / SYNTHETIC DATA
DEMO_G_1203,18.5471538,73.8421607,377805,2051115,DEMO_WARD_01,DEMO Ward 01,33.038,0.327,0.2523,33.9,26.52,0.1809,3.022,126.8,559.88,7460.27,DEMO / SYNTHETIC DATA
DEMO_G_1204,18.5471555,73.8424449,377835,2051115,DEMO_WARD_01,DEMO Ward 01,28.916,0.3498,0.015,32.03,32.88,0.2058,4.237,266.65,565.05,6207.74,DEMO / SYNTHETIC DATA
DEMO_G_1205,18.5471573,73.8427292,377865,2051115,DEMO_WARD_01,DEMO Ward 01,31.791,0.4417,0.1017,27.33,44.18,0.2417,5.583,244.15,571.46,9298.74,DEMO / SYNTHETIC DATA
DEMO_G_1206,18.547159,73.8430134,377895,2051115,DEMO_WARD_01,DEMO Ward 01,37.476,0.1796,0.2742,2.41,62.17,0.1527,4.956,404.7,566.33,10659.77,DEMO / SYNTHETIC DATA
DEMO_G_1207,18.5471607,73.8432976,377925,2051115,DEMO_WARD_01,DEMO Ward 01,33.198,0.3095,0.0685,25.84,45.22,0.1886,4.82,194.47,565.06,8780.16,DEMO / SYNTHETIC DATA
DEMO_G_1208,18.5471625,73.8435818,377955,2051115,DEMO_WARD_01,DEMO Ward 01,34.114,0.1389,0.2192,20.71,56.58,0.2457,8.511,372.73,563.08,15440.7,DEMO / SYNTHETIC DATA
DEMO_G_1209,18.5471642,73.843866,377985,2051115,DEMO_WARD_01,DEMO Ward 01,32.858,0.3,0.1782,31.75,41.98,0.1853,8.284,252.56,561.63,14140.43,DEMO / SYNTHETIC DATA
DEMO_G_1210,18.547166,73.8441502,378015,2051115,DEMO_WARD_01,DEMO Ward 01,36.88,0.1636,0.259,9.8,57.2,0.216,9.312,528.75,559.69,16508.24,DEMO / SYNTHETIC DATA
DEMO_G_1211,18.5471677,73.8444345,378045,2051115,DEMO_WARD_01,DEMO Ward 01,33.415,0.2384,0.2416,33.9,61.0,0.2025,4.501,314.57,556.73,13461.37,DEMO / SYNTHETIC DATA
DEMO_G_1212,18.5471694,73.8447187,378075,2051115,DEMO_WARD_01,DEMO Ward 01,36.478,0.0985,0.2584,10.67,62.83,0.2225,6.15,230.87,561.25,18397.78,DEMO / SYNTHETIC DATA
DEMO_G_1213,18.5471712,73.8450029,378105,2051115,DEMO_WARD_01,DEMO Ward 01,36.062,0.2094,0.3746,35.04,59.35,0.1843,4.923,368.64,562.24,13954.95,DEMO / SYNTHETIC DATA
DEMO_G_1214,18.5471729,73.8452871,378135,2051115,DEMO_WARD_01,DEMO Ward 01,39.007,0.1323,0.2781,8.94,75.02,0.1777,6.835,577.63,564.09,14721.36,DEMO / SYNTHETIC DATA
DEMO_G_1215,18.5471747,73.8455713,378165,2051115,DEMO_WARD_01,DEMO Ward 01,32.934,0.244,0.124,21.8,66.54,0.1194,5.531,332.1,557.39,7780.03,DEMO / SYNTHETIC DATA
DEMO_G_1216,18.5471764,73.8458555,378195,2051115,DEMO_WARD_01,DEMO Ward 01,35.297,0.2282,0.127,23.01,43.71,0.1618,5.809,430.35,564.78,13007.05,DEMO / SYNTHETIC DATA
DEMO_G_1217,18.5471781,73.8461398,378225,2051115,DEMO_WARD_01,DEMO Ward 01,37.025,0.1503,0.2774,21.8,72.16,0.1091,7.583,576.17,564.22,16352.8,DEMO / SYNTHETIC DATA
DEMO_G_1218,18.5471799,73.846424,378255,2051115,DEMO_WARD_01,DEMO Ward 01,34.917,0.1733,0.1822,13.38,60.08,0.2394,6.432,350.39,562.27,15006.1,DEMO / SYNTHETIC DATA
DEMO_G_1219,18.5471816,73.8467082,378285,2051115,DEMO_WARD_01,DEMO Ward 01,35.194,0.1049,0.1834,15.76,74.19,0.1699,6.254,446.88,564.11,13976.18,DEMO / SYNTHETIC DATA
DEMO_G_1220,18.5471833,73.8469924,378315,2051115,DEMO_WARD_01,DEMO Ward 01,32.484,0.3935,0.0755,36.19,43.8,0.1606,5.486,186.14,561.55,4654.71,DEMO / SYNTHETIC DATA
DEMO_G_1221,18.5471851,73.8472766,378345,2051115,DEMO_WARD_02,DEMO Ward 02,33.887,0.1711,0.381,19.05,61.11,0.252,6.343,424.61,562.53,10749.91,DEMO / SYNTHETIC DATA
DEMO_G_1222,18.5471868,73.8475609,378375,2051115,DEMO_WARD_02,DEMO Ward 02,32.263,0.2698,0.2434,40.2,68.38,0.1811,5.808,441.5,556.77,9052.81,DEMO / SYNTHETIC DATA
DEMO_G_1223,18.5471886,73.8478451,378405,2051115,DEMO_WARD_02,DEMO Ward 02,36.168,0.3226,0.0337,19.69,35.48,0.2106,3.305,92.81,562.2,6864.36,DEMO / SYNTHETIC DATA
DEMO_G_1224,18.5471903,73.8481293,378435,2051115,DEMO_WARD_02,DEMO Ward 02,36.697,0.3728,0.0705,42.27,54.09,0.1894,6.8,399.05,563.63,11954.35,DEMO / SYNTHETIC DATA
DEMO_G_1225,18.547192,73.8484135,378465,2051115,DEMO_WARD_02,DEMO Ward 02,33.778,0.268,0.3474,23.35,55.49,0.1543,7.279,396.21,566.87,11354.07,DEMO / SYNTHETIC DATA
DEMO_G_1226,18.5471938,73.8486977,378495,2051115,DEMO_WARD_02,DEMO Ward 02,36.036,0.1873,0.1139,22.77,61.85,0.2125,7.13,275.27,556.5,9496.19,DEMO / SYNTHETIC DATA
DEMO_G_1227,18.5471955,73.8489819,378525,2051115,DEMO_WARD_02,DEMO Ward 02,32.06,0.2184,0.1396,30.82,56.21,0.2508,5.03,380.47,563.89,12819.54,DEMO / SYNTHETIC DATA
DEMO_G_1228,18.5471972,73.8492662,378555,2051115,DEMO_WARD_02,DEMO Ward 02,33.616,0.3913,0.1612,30.97,71.85,0.1794,3.293,219.52,558.93,10049.02,DEMO / SYNTHETIC DATA
DEMO_G_1229,18.5471989,73.8495504,378585,2051115,DEMO_WARD_02,DEMO Ward 02,34.56,0.3543,0.1082,26.81,52.91,0.2131,4.122,188.33,560.35,11179.57,DEMO / SYNTHETIC DATA
DEMO_G_1230,18.5472007,73.8498346,378615,2051115,DEMO_WARD_02,DEMO Ward 02,31.565,0.3436,0.1039,30.73,59.23,0.307,6.876,549.76,558.57,14221.82,DEMO / SYNTHETIC DATA
DEMO_G_1231,18.5472024,73.8501188,378645,2051115,DEMO_WARD_02,DEMO Ward 02,30.879,0.3723,-0.0002,49.19,43.03,0.2329,4.104,290.21,556.47,9060.94,DEMO / SYNTHETIC DATA
DEMO_G_1232,18.5472041,73.850403,378675,2051115,DEMO_WARD_02,DEMO Ward 02,30.147,0.288,-0.2039,34.59,32.86,0.192,4.863,415.69,563.0,8738.98,DEMO / SYNTHETIC DATA
DEMO_G_1233,18.5472059,73.8506873,378705,2051115,DEMO_WARD_02,DEMO Ward 02,26.631,0.6083,-0.2357,61.23,39.59,0.264,2.343,242.65,563.34,6182.66,DEMO / SYNTHETIC DATA
DEMO_G_1234,18.5472076,73.8509715,378735,2051115,DEMO_WARD_02,DEMO Ward 02,31.292,0.6057,-0.22,33.55,30.85,0.2068,0.823,194.92,566.08,6477.64,DEMO / SYNTHETIC DATA
DEMO_G_1235,18.5472093,73.8512557,378765,2051115,DEMO_WARD_02,DEMO Ward 02,32.362,0.514,-0.1296,37.17,37.43,0.2259,4.697,253.29,560.86,5756.35,DEMO / SYNTHETIC DATA
DEMO_G_1236,18.5472111,73.8515399,378795,2051115,DEMO_WARD_02,DEMO Ward 02,31.652,0.4512,0.1657,33.26,38.32,0.1932,5.386,206.74,558.96,6774.98,DEMO / SYNTHETIC DATA
DEMO_G_1237,18.5472128,73.8518241,378825,2051115,DEMO_WARD_02,DEMO Ward 02,33.304,0.2912,0.1852,23.67,47.72,0.1941,2.6,212.36,562.7,13382.49,DEMO / SYNTHETIC DATA
DEMO_G_1238,18.5472145,73.8521083,378855,2051115,DEMO_WARD_02,DEMO Ward 02,32.933,0.1523,0.076,15.64,51.86,0.2925,6.652,373.78,561.32,8647.39,DEMO / SYNTHETIC DATA
DEMO_G_1239,18.5472162,73.8523926,378885,2051115,DEMO_WARD_02,DEMO Ward 02,28.811,0.522,-0.177,32.5,28.05,0.2376,2.136,132.31,557.29,10125.15,DEMO / SYNTHETIC DATA
DEMO_G_1240,18.547218,73.8526768,378915,2051115,DEMO_WARD_02,DEMO Ward 02,31.332,0.31,-0.0148,35.86,56.57,0.2185,2.672,199.71,560.89,6975.86,DEMO / SYNTHETIC DATA
DEMO_G_1241,18.5472197,73.852961,378945,2051115,DEMO_WARD_03,DEMO Ward 03,31.127,0.3628,0.0105,39.04,30.12,0.2133,1.137,393.84,559.71,8204.98,DEMO / SYNTHETIC DATA
DEMO_G_1242,18.5472214,73.8532452,378975,2051115,DEMO_WARD_03,DEMO Ward 03,34.589,0.2979,0.0612,26.41,59.47,0.2753,3.966,387.1,567.22,12927.51,DEMO / SYNTHETIC DATA
DEMO_G_1243,18.5472232,73.8535294,379005,2051115,DEMO_WARD_03,DEMO Ward 03,29.23,0.36,-0.1158,33.08,31.94,0.1714,1.638,139.34,558.01,3001.53,DEMO / SYNTHETIC DATA
DEMO_G_1244,18.5472249,73.8538137,379035,2051115,DEMO_WARD_03,DEMO Ward 03,30.339,0.4643,-0.0625,36.72,36.44,0.2322,4.412,152.51,562.81,6569.93,DEMO / SYNTHETIC DATA
DEMO_G_1245,18.5472266,73.8540979,379065,2051115,DEMO_WARD_03,DEMO Ward 03,30.516,0.376,0.0838,20.64,29.36,0.2113,3.208,150.79,562.34,6193.63,DEMO / SYNTHETIC DATA
DEMO_G_1246,18.5472283,73.8543821,379095,2051115,DEMO_WARD_03,DEMO Ward 03,30.948,0.4434,-0.0058,34.74,37.32,0.1908,1.061,373.65,560.11,7090.68,DEMO / SYNTHETIC DATA
DEMO_G_1247,18.54723,73.8546663,379125,2051115,DEMO_WARD_03,DEMO Ward 03,35.056,0.2691,0.1967,34.27,53.21,0.1519,4.688,429.07,566.2,12272.62,DEMO / SYNTHETIC DATA
DEMO_G_1248,18.5472318,73.8549505,379155,2051115,DEMO_WARD_03,DEMO Ward 03,32.852,0.4431,0.2162,27.07,42.7,0.1983,3.605,233.77,558.85,5941.79,DEMO / SYNTHETIC DATA
DEMO_G_1249,18.5472335,73.8552348,379185,2051115,DEMO_WARD_03,DEMO Ward 03,33.095,0.2357,0.1351,33.57,48.62,0.2087,7.218,252.94,557.46,8820.58,DEMO / SYNTHETIC DATA
DEMO_G_1250,18.5472352,73.855519,379215,2051115,DEMO_WARD_03,DEMO Ward 03,32.706,0.3858,0.1519,38.28,42.26,0.1426,3.527,235.23,562.8,7781.73,DEMO / SYNTHETIC DATA
DEMO_G_1251,18.5472369,73.8558032,379245,2051115,DEMO_WARD_03,DEMO Ward 03,36.245,0.2115,0.2674,7.22,58.96,0.2085,7.199,393.98,559.62,7546.74,DEMO / SYNTHETIC DATA
DEMO_G_1252,18.5472387,73.8560874,379275,2051115,DEMO_WARD_03,DEMO Ward 03,33.898,0.3897,0.0246,29.97,44.54,0.134,4.592,198.56,563.75,9595.56,DEMO / SYNTHETIC DATA
DEMO_G_1253,18.5472404,73.8563716,379305,2051115,DEMO_WARD_03,DEMO Ward 03,30.952,0.3747,0.2476,30.71,63.79,0.234,4.417,307.97,563.03,9820.0,DEMO / SYNTHETIC DATA
DEMO_G_1254,18.5472421,73.8566558,379335,2051115,DEMO_WARD_03,DEMO Ward 03,35.463,0.3505,0.1682,28.99,85.06,0.1759,5.269,434.81,567.1,16500.46,DEMO / SYNTHETIC DATA
DEMO_G_1255,18.5472438,73.8569401,379365,2051115,DEMO_WARD_03,DEMO Ward 03,36.551,0.1207,0.392,32.48,60.42,0.2111,7.495,382.75,556.82,16517.34,DEMO / SYNTHETIC DATA
DEMO_G_1256,18.5472455,73.8572243,379395,2051115,DEMO_WARD_03,DEMO Ward 03,37.059,0.0901,0.2356,20.68,76.88,0.1716,7.408,449.84,562.62,15789.84,DEMO / SYNTHETIC DATA
DEMO_G_1257,18.5472473,73.8575085,379425,2051115,DEMO_WARD_03,DEMO Ward 03,36.138,0.033,0.2918,12.96,79.19,0.2485,8.802,553.61,554.79,14022.08,DEMO / SYNTHETIC DATA
DEMO_G_1258,18.547249,73.8577927,379455,2051115,DEMO_WARD_03,DEMO Ward 03,34.19,0.2677,0.2038,29.03,47.82,0.2621,6.705,314.0,562.66,9209.21,DEMO / SYNTHETIC DATA
DEMO_G_1259,18.5472507,73.8580769,379485,2051115,DEMO_WARD_03,DEMO Ward 03,31.704,0.3473,0.1123,40.71,64.06,0.1952,5.854,393.97,560.12,10528.92,DEMO / SYNTHETIC DATA
DEMO_G_1260,18.5472524,73.8583612,379515,2051115,DEMO_WARD_03,DEMO Ward 03,35.128,0.3048,0.306,22.33,48.23,0.1619,5.342,406.28,558.2,11365.48,DEMO / SYNTHETIC DATA
DEMO_G_1261,18.5474214,73.8415905,377745,2051145,DEMO_WARD_01,DEMO Ward 01,36.809,0.2771,0.307,19.16,58.6,0.1741,7.138,452.39,566.91,9681.8,DEMO / SYNTHETIC DATA
DEMO_G_1262,18.5474231,73.8418747,377775,2051145,DEMO_WARD_01,DEMO Ward 01,29.908,0.4159,-0.1107,43.42,18.92,0.1707,1.633,235.51,561.92,3790.37,DEMO / SYNTHETIC DATA
DEMO_G_1263,18.5474249,73.8421589,377805,2051145,DEMO_WARD_01,DEMO Ward 01,32.031,0.3258,0.0437,19.55,56.22,0.2439,4.671,301.21,559.96,10438.5,DEMO / SYNTHETIC DATA
DEMO_G_1264,18.5474266,73.8424431,377835,2051145,DEMO_WARD_01,DEMO Ward 01,32.425,0.2342,-0.0132,21.32,33.55,0.2304,4.086,178.4,559.35,6849.52,DEMO / SYNTHETIC DATA
DEMO_G_1265,18.5474284,73.8427273,377865,2051145,DEMO_WARD_01,DEMO Ward 01,32.373,0.2684,0.1598,18.48,47.28,0.2172,7.544,293.37,563.42,8761.75,DEMO / SYNTHETIC DATA
DEMO_G_1266,18.5474301,73.8430115,377895,2051145,DEMO_WARD_01,DEMO Ward 01,32.609,0.3004,-0.0003,38.73,34.04,0.2003,3.205,158.22,559.48,4329.1,DEMO / SYNTHETIC DATA
DEMO_G_1267,18.5474318,73.8432958,377925,2051145,DEMO_WARD_01,DEMO Ward 01,34.813,0.337,0.0035,32.78,42.51,0.167,2.586,263.61,571.38,6845.85,DEMO / SYNTHETIC DATA
DEMO_G_1268,18.5474336,73.84358,377955,2051145,DEMO_WARD_01,DEMO Ward 01,35.977,0.3337,0.1921,36.83,49.5,0.175,5.042,438.19,556.07,6205.94,DEMO / SYNTHETIC DATA
DEMO_G_1269,18.5474353,73.8438642,377985,2051145,DEMO_WARD_01,DEMO Ward 01,31.485,0.1666,0.0944,33.39,40.79,0.1616,5.659,455.72,567.71,10405.18,DEMO / SYNTHETIC DATA
DEMO_G_1270,18.5474371,73.8441484,378015,2051145,DEMO_WARD_01,DEMO Ward 01,38.902,0.2291,0.36,39.07,58.36,0.1922,5.413,241.75,564.57,11162.99,DEMO / SYNTHETIC DATA
DEMO_G_1271,18.5474388,73.8444326,378045,2051145,DEMO_WARD_01,DEMO Ward 01,34.913,0.1235,0.2129,3.08,51.33,0.1711,3.955,316.83,562.62,12119.6,DEMO / SYNTHETIC DATA
DEMO_G_1272,18.5474405,73.8447169,378075,2051145,DEMO_WARD_01,DEMO Ward 01,34.523,0.1122,0.1015,17.67,59.98,0.2118,4.2,393.16,562.1,12164.17,DEMO / SYNTHETIC DATA
DEMO_G_1273,18.5474423,73.8450011,378105,2051145,DEMO_WARD_01,DEMO Ward 01,31.854,0.4404,0.1867,49.92,39.19,0.2196,3.932,291.59,563.95,5652.66,DEMO / SYNTHETIC DATA
DEMO_G_1274,18.547444,73.8452853,378135,2051145,DEMO_WARD_01,DEMO Ward 01,34.914,0.2009,0.207,20.95,61.68,0.1437,5.877,303.75,557.13,9724.21,DEMO / SYNTHETIC DATA
DEMO_G_1275,18.5474458,73.8455695,378165,2051145,DEMO_WARD_01,DEMO Ward 01,31.736,0.4097,0.094,30.85,37.3,0.194,3.893,0.0,561.44,5503.24,DEMO / SYNTHETIC DATA
DEMO_G_1276,18.5474475,73.8458537,378195,2051145,DEMO_WARD_01,DEMO Ward 01,33.964,0.2687,0.1592,37.78,73.21,0.1665,7.077,561.44,554.56,11370.65,DEMO / SYNTHETIC DATA
DEMO_G_1277,18.5474492,73.8461379,378225,2051145,DEMO_WARD_01,DEMO Ward 01,33.238,0.2346,0.1221,27.53,70.31,0.1488,5.656,403.77,554.26,7266.24,DEMO / SYNTHETIC DATA
DEMO_G_1278,18.547451,73.8464222,378255,2051145,DEMO_WARD_01,DEMO Ward 01,33.213,0.3827,0.2658,40.28,36.19,0.2303,4.458,309.17,559.27,10601.18,DEMO / SYNTHETIC DATA
DEMO_G_1279,18.5474527,73.8467064,378285,2051145,DEMO_WARD_01,DEMO Ward 01,37.073,0.1725,0.2141,8.52,66.14,0.1529,5.519,350.87,558.98,13575.53,DEMO / SYNTHETIC DATA
DEMO_G_1280,18.5474544,73.8469906,378315,2051145,DEMO_WARD_01,DEMO Ward 01,35.005,0.2017,0.2148,31.5,72.21,0.1283,5.773,448.12,564.17,10889.22,DEMO / SYNTHETIC DATA
DEMO_G_1281,18.5474562,73.8472748,378345,2051145,DEMO_WARD_02,DEMO Ward 02,38.309,0.1945,0.1887,20.66,63.2,0.2342,6.194,299.53,557.39,7027.54,DEMO / SYNTHETIC DATA
DEMO_G_1282,18.5474579,73.847559,378375,2051145,DEMO_WARD_02,DEMO Ward 02,30.614,0.4094,0.0592,50.53,44.14,0.2226,6.398,332.23,563.42,9000.77,DEMO / SYNTHETIC DATA
DEMO_G_1283,18.5474596,73.8478433,378405,2051145,DEMO_WARD_02,DEMO Ward 02,34.877,0.3335,0.0683,34.86,59.62,0.1871,5.818,274.52,558.41,10793.65,DEMO / SYNTHETIC DATA
DEMO_G_1284,18.5474614,73.8481275,378435,2051145,DEMO_WARD_02,DEMO Ward 02,33.913,0.0486,0.2061,23.61,70.6,0.2307,4.854,309.07,557.72,12323.35,DEMO / SYNTHETIC DATA
DEMO_G_1285,18.5474631,73.8484117,378465,2051145,DEMO_WARD_02,DEMO Ward 02,30.541,0.4453,0.1387,40.86,45.57,0.2614,4.839,235.21,567.45,10322.15,DEMO / SYNTHETIC DATA
DEMO_G_1286,18.5474648,73.8486959,378495,2051145,DEMO_WARD_02,DEMO Ward 02,34.616,0.1239,0.182,11.41,57.1,0.229,4.888,183.18,564.99,12002.04,DEMO / SYNTHETIC DATA
DEMO_G_1287,18.5474666,73.8489801,378525,2051145,DEMO_WARD_02,DEMO Ward 02,34.626,0.3076,0.2829,38.22,55.97,0.1708,6.768,281.49,565.69,14278.36,DEMO / SYNTHETIC DATA
DEMO_G_1288,18.5474683,73.8492643,378555,2051145,DEMO_WARD_02,DEMO Ward 02,32.748,0.3379,0.12,19.39,41.53,0.1702,4.306,361.06,569.84,9139.33,DEMO / SYNTHETIC DATA
DEMO_G_1289,18.54747,73.8495486,378585,2051145,DEMO_WARD_02,DEMO Ward 02,32.214,0.4108,-0.0358,23.32,46.51,0.2057,3.999,186.27,564.87,8938.04,DEMO / SYNTHETIC DATA
DEMO_G_1290,18.5474718,73.8498328,378615,2051145,DEMO_WARD_02,DEMO Ward 02,33.839,0.2581,-0.0352,30.38,37.93,0.2281,5.366,407.56,555.08,8440.28,DEMO / SYNTHETIC DATA
DEMO_G_1291,18.5474735,73.850117,378645,2051145,DEMO_WARD_02,DEMO Ward 02,32.656,0.3046,0.0687,30.7,31.04,0.1442,2.886,177.63,553.98,5717.46,DEMO / SYNTHETIC DATA
DEMO_G_1292,18.5474752,73.8504012,378675,2051145,DEMO_WARD_02,DEMO Ward 02,29.209,0.541,-0.0201,46.91,50.76,0.2296,2.987,397.56,569.34,2179.81,DEMO / SYNTHETIC DATA
DEMO_G_1293,18.547477,73.8506854,378705,2051145,DEMO_WARD_02,DEMO Ward 02,30.779,0.3177,0.1384,31.99,35.21,0.1512,3.645,115.22,557.02,9873.1,DEMO / SYNTHETIC DATA
DEMO_G_1294,18.5474787,73.8509697,378735,2051145,DEMO_WARD_02,DEMO Ward 02,33.077,0.2663,0.0026,28.73,46.74,0.2013,5.897,451.25,563.16,11296.91,DEMO / SYNTHETIC DATA
DEMO_G_1295,18.5474804,73.8512539,378765,2051145,DEMO_WARD_02,DEMO Ward 02,32.151,0.2821,-0.0341,13.38,33.33,0.1922,4.977,197.25,561.09,3226.37,DEMO / SYNTHETIC DATA
DEMO_G_1296,18.5474821,73.8515381,378795,2051145,DEMO_WARD_02,DEMO Ward 02,33.496,0.3648,0.1309,22.18,38.64,0.2249,4.659,292.77,558.29,6831.5,DEMO / SYNTHETIC DATA
DEMO_G_1297,18.5474839,73.8518223,378825,2051145,DEMO_WARD_02,DEMO Ward 02,31.36,0.3392,-0.04,31.33,19.34,0.2034,4.448,60.37,563.38,5447.74,DEMO / SYNTHETIC DATA
DEMO_G_1298,18.5474856,73.8521065,378855,2051145,DEMO_WARD_02,DEMO Ward 02,32.541,0.2655,0.0325,24.99,25.21,0.2061,5.012,91.31,562.35,4654.65,DEMO / SYNTHETIC DATA
DEMO_G_1299,18.5474873,73.8523908,378885,2051145,DEMO_WARD_02,DEMO Ward 02,29.085,0.5718,0.1843,39.16,31.03,0.2375,3.494,119.16,558.68,7718.94,DEMO / SYNTHETIC DATA
DEMO_G_1300,18.5474891,73.852675,378915,2051145,DEMO_WARD_02,DEMO Ward 02,27.876,0.3743,-0.0544,35.96,24.7,0.2383,4.468,37.38,560.02,3409.93,DEMO / SYNTHETIC DATA
DEMO_G_1301,18.5474908,73.8529592,378945,2051145,DEMO_WARD_03,DEMO Ward 03,32.757,0.4507,0.0324,35.2,31.56,0.2965,2.12,44.94,561.16,8676.3,DEMO / SYNTHETIC DATA
DEMO_G_1302,18.5474925,73.8532434,378975,2051145,DEMO_WARD_03,DEMO Ward 03,27.072,0.5561,-0.0454,53.21,30.21,0.2693,1.2,0.0,556.7,5683.69,DEMO / SYNTHETIC DATA
DEMO_G_1303,18.5474942,73.8535276,379005,2051145,DEMO_WARD_03,DEMO Ward 03,29.216,0.4386,-0.0843,43.64,17.15,0.1539,1.29,233.84,569.25,7077.0,DEMO / SYNTHETIC DATA
DEMO_G_1304,18.547496,73.8538118,379035,2051145,DEMO_WARD_03,DEMO Ward 03,32.445,0.3605,0.0328,29.86,37.31,0.1762,3.349,184.22,568.02,4877.9,DEMO / SYNTHETIC DATA
DEMO_G_1305,18.5474977,73.8540961,379065,2051145,DEMO_WARD_03,DEMO Ward 03,30.64,0.3348,-0.0491,36.51,33.49,0.2837,4.202,224.54,564.38,13832.58,DEMO / SYNTHETIC DATA
DEMO_G_1306,18.5474994,73.8543803,379095,2051145,DEMO_WARD_03,DEMO Ward 03,32.235,0.3652,0.0252,33.47,21.37,0.2284,3.854,174.65,559.23,7029.55,DEMO / SYNTHETIC DATA
DEMO_G_1307,18.5475011,73.8546645,379125,2051145,DEMO_WARD_03,DEMO Ward 03,33.343,0.2671,0.0267,19.13,45.11,0.159,3.034,183.03,562.95,7994.3,DEMO / SYNTHETIC DATA
DEMO_G_1308,18.5475029,73.8549487,379155,2051145,DEMO_WARD_03,DEMO Ward 03,35.472,0.3206,0.2185,29.3,53.43,0.1914,4.955,377.9,571.44,8245.68,DEMO / SYNTHETIC DATA
DEMO_G_1309,18.5475046,73.8552329,379185,2051145,DEMO_WARD_03,DEMO Ward 03,33.08,0.294,0.1208,28.93,38.71,0.1564,4.613,240.96,558.46,12980.24,DEMO / SYNTHETIC DATA
DEMO_G_1310,18.5475063,73.8555172,379215,2051145,DEMO_WARD_03,DEMO Ward 03,29.465,0.3839,-0.0507,56.26,60.69,0.2633,2.581,251.85,570.46,11713.68,DEMO / SYNTHETIC DATA
DEMO_G_1311,18.547508,73.8558014,379245,2051145,DEMO_WARD_03,DEMO Ward 03,34.668,0.1391,0.3074,16.03,59.09,0.2241,5.768,417.67,562.67,11781.6,DEMO / SYNTHETIC DATA
DEMO_G_1312,18.5475098,73.8560856,379275,2051145,DEMO_WARD_03,DEMO Ward 03,34.462,0.2027,0.0286,24.32,55.96,0.1538,3.553,272.11,567.16,10247.53,DEMO / SYNTHETIC DATA
DEMO_G_1313,18.5475115,73.8563698,379305,2051145,DEMO_WARD_03,DEMO Ward 03,36.808,0.1548,0.2377,27.35,68.38,0.1087,5.865,455.05,556.75,11614.08,DEMO / SYNTHETIC DATA
DEMO_G_1314,18.5475132,73.856654,379335,2051145,DEMO_WARD_03,DEMO Ward 03,35.242,0.2085,0.1183,30.1,52.62,0.2119,5.428,400.93,567.56,4138.25,DEMO / SYNTHETIC DATA
DEMO_G_1315,18.5475149,73.8569383,379365,2051145,DEMO_WARD_03,DEMO Ward 03,39.36,0.1288,0.3737,0.0,84.23,0.2056,7.458,415.21,564.62,19365.28,DEMO / SYNTHETIC DATA
DEMO_G_1316,18.5475166,73.8572225,379395,2051145,DEMO_WARD_03,DEMO Ward 03,32.765,0.26,0.1245,26.83,40.56,0.219,4.402,305.91,559.94,6337.07,DEMO / SYNTHETIC DATA
DEMO_G_1317,18.5475184,73.8575067,379425,2051145,DEMO_WARD_03,DEMO Ward 03,36.927,0.284,0.3165,24.54,74.67,0.1703,4.59,341.11,555.12,17063.3,DEMO / SYNTHETIC DATA
DEMO_G_1318,18.5475201,73.8577909,379455,2051145,DEMO_WARD_03,DEMO Ward 03,32.606,0.3195,0.079,27.62,38.06,0.1708,4.652,330.32,560.6,11559.11,DEMO / SYNTHETIC DATA
DEMO_G_1319,18.5475218,73.8580751,379485,2051145,DEMO_WARD_03,DEMO Ward 03,34.954,0.1772,0.3354,22.47,69.28,0.1575,5.864,350.41,564.67,10047.68,DEMO / SYNTHETIC DATA
DEMO_G_1320,18.5475235,73.8583594,379515,2051145,DEMO_WARD_03,DEMO Ward 03,37.727,0.2093,0.2787,20.69,60.44,0.1442,4.797,397.12,562.56,12203.03,DEMO / SYNTHETIC DATA
DEMO_G_1321,18.5476925,73.8415886,377745,2051175,DEMO_WARD_01,DEMO Ward 01,35.81,0.1546,0.0684,30.03,57.94,0.1121,7.069,460.89,562.02,9823.65,DEMO / SYNTHETIC DATA
DEMO_G_1322,18.5476942,73.8418728,377775,2051175,DEMO_WARD_01,DEMO Ward 01,34.107,0.2545,0.247,23.85,50.01,0.1399,3.224,367.27,559.52,10919.62,DEMO / SYNTHETIC DATA
DEMO_G_1323,18.547696,73.8421571,377805,2051175,DEMO_WARD_01,DEMO Ward 01,33.165,0.2669,0.0898,31.22,33.56,0.1734,4.371,267.63,564.04,8480.24,DEMO / SYNTHETIC DATA
DEMO_G_1324,18.5476977,73.8424413,377835,2051175,DEMO_WARD_01,DEMO Ward 01,36.581,0.0227,0.241,3.79,64.94,0.1858,6.191,276.7,557.98,12063.28,DEMO / SYNTHETIC DATA
DEMO_G_1325,18.5476994,73.8427255,377865,2051175,DEMO_WARD_01,DEMO Ward 01,33.246,0.2633,0.144,23.03,57.67,0.2194,3.614,362.32,560.61,14399.61,DEMO / SYNTHETIC DATA
DEMO_G_1326,18.5477012,73.8430097,377895,2051175,DEMO_WARD_01,DEMO Ward 01,33.711,0.2813,0.1239,17.03,62.5,0.1967,4.998,361.03,561.39,15947.56,DEMO / SYNTHETIC DATA
DEMO_G_1327,18.5477029,73.8432939,377925,2051175,DEMO_WARD_01,DEMO Ward 01,30.628,0.4348,0.0495,34.43,58.03,0.2377,5.688,238.08,558.03,9299.83,DEMO / SYNTHETIC DATA
DEMO_G_1328,18.5477047,73.8435782,377955,2051175,DEMO_WARD_01,DEMO Ward 01,32.67,0.1456,0.023,2.33,41.45,0.1737,5.284,350.5,564.51,13410.33,DEMO / SYNTHETIC DATA
DEMO_G_1329,18.5477064,73.8438624,377985,2051175,DEMO_WARD_01,DEMO Ward 01,31.534,0.397,0.0541,27.31,48.37,0.2306,4.029,275.76,555.49,12391.21,DEMO / SYNTHETIC DATA
DEMO_G_1330,18.5477081,73.8441466,378015,2051175,DEMO_WARD_01,DEMO Ward 01,36.284,0.3379,0.2477,35.27,43.16,0.1969,4.968,437.5,561.81,4991.39,DEMO / SYNTHETIC DATA
DEMO_G_1331,18.5477099,73.8444308,378045,2051175,DEMO_WARD_01,DEMO Ward 01,37.782,0.0106,0.3194,11.99,62.77,0.2112,5.993,582.71,559.74,17682.14,DEMO / SYNTHETIC DATA
DEMO_G_1332,18.5477116,73.844715,378075,2051175,DEMO_WARD_01,DEMO Ward 01,37.146,0.2394,0.4304,41.47,72.09,0.1869,5.574,454.65,566.6,13931.3,DEMO / SYNTHETIC DATA
DEMO_G_1333,18.5477134,73.8449992,378105,2051175,DEMO_WARD_01,DEMO Ward 01,33.581,0.2497,0.3497,23.92,83.23,0.206,6.664,519.49,564.02,15272.0,DEMO / SYNTHETIC DATA
DEMO_G_1334,18.5477151,73.8452835,378135,2051175,DEMO_WARD_01,DEMO Ward 01,33.667,0.3402,0.2086,32.98,57.42,0.2178,5.781,442.99,562.05,12387.7,DEMO / SYNTHETIC DATA
DEMO_G_1335,18.5477168,73.8455677,378165,2051175,DEMO_WARD_01,DEMO Ward 01,34.103,0.308,0.2336,26.74,61.85,0.167,4.88,205.5,555.86,12848.32,DEMO / SYNTHETIC DATA
DEMO_G_1336,18.5477186,73.8458519,378195,2051175,DEMO_WARD_01,DEMO Ward 01,32.663,0.256,0.0717,37.61,49.98,0.2049,5.415,267.25,563.67,11605.39,DEMO / SYNTHETIC DATA
DEMO_G_1337,18.5477203,73.8461361,378225,2051175,DEMO_WARD_01,DEMO Ward 01,37.45,0.0241,0.2729,17.08,67.9,0.173,6.312,422.83,566.48,8971.7,DEMO / SYNTHETIC DATA
DEMO_G_1338,18.5477221,73.8464203,378255,2051175,DEMO_WARD_01,DEMO Ward 01,37.297,0.3038,0.4052,25.68,65.67,0.1506,4.91,424.03,560.38,18151.13,DEMO / SYNTHETIC DATA
DEMO_G_1339,18.5477238,73.8467046,378285,2051175,DEMO_WARD_01,DEMO Ward 01,32.948,0.2825,0.2571,20.22,44.56,0.2725,4.467,328.63,570.7,15051.6,DEMO / SYNTHETIC DATA
DEMO_G_1340,18.5477255,73.8469888,378315,2051175,DEMO_WARD_01,DEMO Ward 01,35.49,0.1594,0.2,34.9,57.36,0.2189,6.279,459.82,561.9,12642.15,DEMO / SYNTHETIC DATA
DEMO_G_1341,18.5477273,73.847273,378345,2051175,DEMO_WARD_02,DEMO Ward 02,37.641,0.1252,0.1242,21.92,68.41,0.1206,8.23,350.0,558.98,10211.65,DEMO / SYNTHETIC DATA
DEMO_G_1342,18.547729,73.8475572,378375,2051175,DEMO_WARD_02,DEMO Ward 02,32.094,0.3631,0.0652,35.54,58.06,0.1722,5.24,188.4,564.61,9796.73,DEMO / SYNTHETIC DATA
DEMO_G_1343,18.5477307,73.8478414,378405,2051175,DEMO_WARD_02,DEMO Ward 02,36.392,0.3296,0.2505,25.67,51.29,0.2278,5.408,245.27,561.39,14761.96,DEMO / SYNTHETIC DATA
DEMO_G_1344,18.5477325,73.8481257,378435,2051175,DEMO_WARD_02,DEMO Ward 02,30.827,0.3272,0.0009,32.5,48.38,0.2027,3.921,355.02,564.13,10192.28,DEMO / SYNTHETIC DATA
DEMO_G_1345,18.5477342,73.8484099,378465,2051175,DEMO_WARD_02,DEMO Ward 02,35.109,0.2255,0.3501,24.17,51.59,0.1774,5.287,255.04,561.04,7891.1,DEMO / SYNTHETIC DATA
DEMO_G_1346,18.5477359,73.8486941,378495,2051175,DEMO_WARD_02,DEMO Ward 02,31.949,0.3511,0.1053,22.14,29.6,0.2132,5.034,238.62,561.58,11135.43,DEMO / SYNTHETIC DATA
DEMO_G_1347,18.5477377,73.8489783,378525,2051175,DEMO_WARD_02,DEMO Ward 02,30.327,0.2681,0.0121,22.45,43.04,0.1866,4.611,305.91,557.95,9363.17,DEMO / SYNTHETIC DATA
DEMO_G_1348,18.5477394,73.8492625,378555,2051175,DEMO_WARD_02,DEMO Ward 02,30.167,0.2638,-0.0561,15.87,33.39,0.2446,3.257,50.81,562.42,6882.81,DEMO / SYNTHETIC DATA
DEMO_G_1349,18.5477411,73.8495468,378585,2051175,DEMO_WARD_02,DEMO Ward 02,31.63,0.3844,0.0484,15.5,41.17,0.1772,4.331,412.76,568.13,9393.2,DEMO / SYNTHETIC DATA
DEMO_G_1350,18.5477429,73.849831,378615,2051175,DEMO_WARD_02,DEMO Ward 02,36.296,0.2564,-0.0473,13.56,55.67,0.1498,4.915,135.11,566.47,7400.2,DEMO / SYNTHETIC DATA
DEMO_G_1351,18.5477446,73.8501152,378645,2051175,DEMO_WARD_02,DEMO Ward 02,29.211,0.2586,-0.1703,21.66,26.83,0.2074,1.804,185.05,560.27,4200.71,DEMO / SYNTHETIC DATA
DEMO_G_1352,18.5477463,73.8503994,378675,2051175,DEMO_WARD_02,DEMO Ward 02,35.089,0.4742,0.0161,41.41,40.26,0.1347,4.706,176.22,560.03,4608.4,DEMO / SYNTHETIC DATA
DEMO_G_1353,18.5477481,73.8506836,378705,2051175,DEMO_WARD_02,DEMO Ward 02,31.132,0.4989,0.0807,48.36,34.88,0.2054,4.434,138.17,563.61,11980.79,DEMO / SYNTHETIC DATA
DEMO_G_1354,18.5477498,73.8509678,378735,2051175,DEMO_WARD_02,DEMO Ward 02,29.389,0.5366,-0.1036,31.24,36.48,0.2471,4.953,273.17,561.41,4645.53,DEMO / SYNTHETIC DATA
DEMO_G_1355,18.5477515,73.8512521,378765,2051175,DEMO_WARD_02,DEMO Ward 02,31.247,0.3564,-0.0377,35.85,21.98,0.2233,3.615,173.04,560.67,4928.68,DEMO / SYNTHETIC DATA
DEMO_G_1356,18.5477532,73.8515363,378795,2051175,DEMO_WARD_02,DEMO Ward 02,35.557,0.3702,0.2461,40.6,63.63,0.1741,6.147,385.05,558.0,6932.5,DEMO / SYNTHETIC DATA
DEMO_G_1357,18.547755,73.8518205,378825,2051175,DEMO_WARD_02,DEMO Ward 02,34.368,0.3487,0.075,22.13,45.64,0.1436,4.554,289.2,557.49,9848.18,DEMO / SYNTHETIC DATA
DEMO_G_1358,18.5477567,73.8521047,378855,2051175,DEMO_WARD_02,DEMO Ward 02,33.745,0.3434,0.0625,44.99,36.57,0.2271,4.048,350.09,560.28,2952.97,DEMO / SYNTHETIC DATA
DEMO_G_1359,18.5477584,73.8523889,378885,2051175,DEMO_WARD_02,DEMO Ward 02,31.98,0.3277,0.0395,42.89,51.34,0.1946,5.401,298.21,565.42,12878.69,DEMO / SYNTHETIC DATA
DEMO_G_1360,18.5477601,73.8526732,378915,2051175,DEMO_WARD_02,DEMO Ward 02,35.149,0.189,0.2358,5.51,43.46,0.2168,4.422,250.45,564.45,5611.56,DEMO / SYNTHETIC DATA
DEMO_G_1361,18.5477619,73.8529574,378945,2051175,DEMO_WARD_03,DEMO Ward 03,32.486,0.4141,0.0644,22.38,40.04,0.2481,3.372,239.47,566.69,5736.06,DEMO / SYNTHETIC DATA
DEMO_G_1362,18.5477636,73.8532416,378975,2051175,DEMO_WARD_03,DEMO Ward 03,31.861,0.3138,0.1523,8.07,36.71,0.1918,4.989,245.11,566.89,11130.01,DEMO / SYNTHETIC DATA
DEMO_G_1363,18.5477653,73.8535258,379005,2051175,DEMO_WARD_03,DEMO Ward 03,27.474,0.4505,0.1167,47.66,36.82,0.2786,3.634,277.14,563.89,6353.64,DEMO / SYNTHETIC DATA
DEMO_G_1364,18.5477671,73.85381,379035,2051175,DEMO_WARD_03,DEMO Ward 03,33.616,0.3948,0.1044,31.52,41.91,0.2503,5.815,299.2,562.49,12266.31,DEMO / SYNTHETIC DATA
DEMO_G_1365,18.5477688,73.8540943,379065,2051175,DEMO_WARD_03,DEMO Ward 03,34.244,0.4485,0.1079,39.76,58.17,0.2086,5.49,372.67,562.31,13962.47,DEMO / SYNTHETIC DATA
DEMO_G_1366,18.5477705,73.8543785,379095,2051175,DEMO_WARD_03,DEMO Ward 03,30.942,0.322,0.0305,26.91,40.2,0.2159,3.122,188.25,565.95,6495.66,DEMO / SYNTHETIC DATA
DEMO_G_1367,18.5477722,73.8546627,379125,2051175,DEMO_WARD_03,DEMO Ward 03,34.795,0.3327,0.2707,49.44,41.43,0.245,5.671,253.94,561.79,11518.28,DEMO / SYNTHETIC DATA
DEMO_G_1368,18.547774,73.8549469,379155,2051175,DEMO_WARD_03,DEMO Ward 03,30.792,0.3462,-0.0881,47.91,39.26,0.1755,4.284,309.15,562.3,8368.84,DEMO / SYNTHETIC DATA
DEMO_G_1369,18.5477757,73.8552311,379185,2051175,DEMO_WARD_03,DEMO Ward 03,32.444,0.4699,0.1361,43.76,30.73,0.196,5.14,133.96,565.01,8547.1,DEMO / SYNTHETIC DATA
DEMO_G_1370,18.5477774,73.8555154,379215,2051175,DEMO_WARD_03,DEMO Ward 03,31.799,0.36,0.2027,30.17,46.74,0.2253,4.138,412.72,557.94,4827.9,DEMO / SYNTHETIC DATA
DEMO_G_1371,18.5477791,73.8557996,379245,2051175,DEMO_WARD_03,DEMO Ward 03,29.903,0.4139,-0.0357,46.95,47.76,0.2058,3.587,247.89,568.93,9785.98,DEMO / SYNTHETIC DATA
DEMO_G_1372,18.5477808,73.8560838,379275,2051175,DEMO_WARD_03,DEMO Ward 03,32.645,0.3426,0.0992,31.31,63.58,0.314,4.606,223.24,560.0,6320.55,DEMO / SYNTHETIC DATA
DEMO_G_1373,18.5477826,73.856368,379305,2051175,DEMO_WARD_03,DEMO Ward 03,34.237,0.2158,0.2065,17.98,67.08,0.2023,4.528,444.68,563.68,10836.29,DEMO / SYNTHETIC DATA
DEMO_G_1374,18.5477843,73.8566522,379335,2051175,DEMO_WARD_03,DEMO Ward 03,36.265,0.2842,0.0412,28.73,63.76,0.1526,5.043,275.29,557.61,10867.4,DEMO / SYNTHETIC DATA
DEMO_G_1375,18.547786,73.8569365,379365,2051175,DEMO_WARD_03,DEMO Ward 03,33.954,0.1692,0.2401,21.53,63.93,0.2857,4.715,496.07,558.02,12902.57,DEMO / SYNTHETIC DATA
DEMO_G_1376,18.5477877,73.8572207,379395,2051175,DEMO_WARD_03,DEMO Ward 03,36.171,0.2065,0.1316,13.44,57.51,0.2025,5.01,304.58,562.55,13494.66,DEMO / SYNTHETIC DATA
DEMO_G_1377,18.5477894,73.8575049,379425,2051175,DEMO_WARD_03,DEMO Ward 03,38.292,0.0871,0.4202,10.1,74.15,0.1877,6.45,501.74,565.36,12154.68,DEMO / SYNTHETIC DATA
DEMO_G_1378,18.5477912,73.8577891,379455,2051175,DEMO_WARD_03,DEMO Ward 03,37.75,0.0534,0.209,20.26,65.33,0.1154,5.52,525.4,562.47,13309.93,DEMO / SYNTHETIC DATA
DEMO_G_1379,18.5477929,73.8580733,379485,2051175,DEMO_WARD_03,DEMO Ward 03,30.963,0.1275,0.0299,21.82,56.15,0.2044,7.044,331.04,565.64,10865.78,DEMO / SYNTHETIC DATA
DEMO_G_1380,18.5477946,73.8583576,379515,2051175,DEMO_WARD_03,DEMO Ward 03,39.634,-0.0439,0.2421,0.0,70.61,0.1911,9.011,390.66,557.51,17928.25,DEMO / SYNTHETIC DATA
DEMO_G_1381,18.5479636,73.8415868,377745,2051205,DEMO_WARD_01,DEMO Ward 01,31.537,0.4671,0.044,33.37,19.1,0.2378,2.959,252.02,563.5,5064.98,DEMO / SYNTHETIC DATA
DEMO_G_1382,18.5479653,73.841871,377775,2051205,DEMO_WARD_01,DEMO Ward 01,33.668,0.2551,-0.0557,32.64,44.96,0.2143,4.559,329.38,562.33,6317.3,DEMO / SYNTHETIC DATA
DEMO_G_1383,18.547967,73.8421552,377805,2051205,DEMO_WARD_01,DEMO Ward 01,31.575,0.4098,0.0829,40.99,36.46,0.1891,3.647,166.66,562.07,8067.75,DEMO / SYNTHETIC DATA
DEMO_G_1384,18.5479688,73.8424395,377835,2051205,DEMO_WARD_01,DEMO Ward 01,32.476,0.4106,0.0444,32.97,44.78,0.1542,1.588,233.08,563.21,7927.66,DEMO / SYNTHETIC DATA
DEMO_G_1385,18.5479705,73.8427237,377865,2051205,DEMO_WARD_01,DEMO Ward 01,31.673,0.3462,0.2073,20.43,37.61,0.1724,3.212,165.51,565.63,6516.56,DEMO / SYNTHETIC DATA
DEMO_G_1386,18.5479723,73.8430079,377895,2051205,DEMO_WARD_01,DEMO Ward 01,33.727,0.2042,0.159,34.93,64.77,0.2446,5.6,305.48,553.99,9036.71,DEMO / SYNTHETIC DATA
DEMO_G_1387,18.547974,73.8432921,377925,2051205,DEMO_WARD_01,DEMO Ward 01,31.16,0.3834,0.2346,33.15,48.26,0.179,4.425,297.44,565.68,5142.88,DEMO / SYNTHETIC DATA
DEMO_G_1388,18.5479758,73.8435763,377955,2051205,DEMO_WARD_01,DEMO Ward 01,34.797,0.3642,0.1281,23.35,48.29,0.1847,5.868,194.79,561.53,12356.84,DEMO / SYNTHETIC DATA
DEMO_G_1389,18.5479775,73.8438605,377985,2051205,DEMO_WARD_01,DEMO Ward 01,35.012,0.1399,0.2878,18.39,72.28,0.1318,4.161,433.26,562.52,13437.46,DEMO / SYNTHETIC DATA
DEMO_G_1390,18.5479792,73.8441448,378015,2051205,DEMO_WARD_01,DEMO Ward 01,35.989,0.1844,0.3335,18.06,54.45,0.24,8.019,476.66,566.95,13895.14,DEMO / SYNTHETIC DATA
DEMO_G_1391,18.547981,73.844429,378045,2051205,DEMO_WARD_01,DEMO Ward 01,32.215,0.2745,0.1316,14.81,62.98,0.2217,2.889,250.61,563.83,10659.67,DEMO / SYNTHETIC DATA
DEMO_G_1392,18.5479827,73.8447132,378075,2051205,DEMO_WARD_01,DEMO Ward 01,37.859,0.1027,0.3328,10.76,59.78,0.2058,9.477,382.68,561.99,19446.24,DEMO / SYNTHETIC DATA
DEMO_G_1393,18.5479845,73.8449974,378105,2051205,DEMO_WARD_01,DEMO Ward 01,34.66,0.1049,0.1379,25.92,54.87,0.1939,5.378,369.33,567.12,16744.5,DEMO / SYNTHETIC DATA
DEMO_G_1394,18.5479862,73.8452816,378135,2051205,DEMO_WARD_01,DEMO Ward 01,34.192,0.3151,0.1862,33.66,49.84,0.1609,3.9,603.89,564.0,10571.91,DEMO / SYNTHETIC DATA
DEMO_G_1395,18.5479879,73.8455659,378165,2051205,DEMO_WARD_01,DEMO Ward 01,29.699,0.3817,0.264,49.55,35.44,0.1703,5.381,211.59,557.8,9389.59,DEMO / SYNTHETIC DATA
DEMO_G_1396,18.5479897,73.8458501,378195,2051205,DEMO_WARD_01,DEMO Ward 01,35.261,0.0654,0.2026,14.78,53.03,0.2024,3.655,275.76,562.0,12448.69,DEMO / SYNTHETIC DATA
DEMO_G_1397,18.5479914,73.8461343,378225,2051205,DEMO_WARD_01,DEMO Ward 01,34.36,0.2008,0.2146,10.29,70.19,0.1561,5.753,306.15,559.07,13988.57,DEMO / SYNTHETIC DATA
DEMO_G_1398,18.5479931,73.8464185,378255,2051205,DEMO_WARD_01,DEMO Ward 01,34.132,0.16,0.194,25.42,34.49,0.2354,5.295,263.95,557.61,8957.48,DEMO / SYNTHETIC DATA
DEMO_G_1399,18.5479949,73.8467027,378285,2051205,DEMO_WARD_01,DEMO Ward 01,32.718,0.4301,-0.0082,40.76,47.08,0.2356,5.216,177.26,562.14,9958.12,DEMO / SYNTHETIC DATA
DEMO_G_1400,18.5479966,73.846987,378315,2051205,DEMO_WARD_01,DEMO Ward 01,35.456,0.2115,0.4011,15.04,55.16,0.1686,6.057,355.41,557.56,16107.46,DEMO / SYNTHETIC DATA
DEMO_G_1401,18.5479983,73.8472712,378345,2051205,DEMO_WARD_02,DEMO Ward 02,42.017,-0.0731,0.5196,11.1,71.94,0.1913,6.123,571.83,563.77,13034.34,DEMO / SYNTHETIC DATA
DEMO_G_1402,18.5480001,73.8475554,378375,2051205,DEMO_WARD_02,DEMO Ward 02,32.125,0.3838,0.0862,52.82,57.01,0.2042,4.419,159.83,558.56,8890.07,DEMO / SYNTHETIC DATA
DEMO_G_1403,18.5480018,73.8478396,378405,2051205,DEMO_WARD_02,DEMO Ward 02,31.699,0.3978,0.0015,39.1,34.56,0.2268,3.491,257.52,559.11,5490.47,DEMO / SYNTHETIC DATA
DEMO_G_1404,18.5480036,73.8481238,378435,2051205,DEMO_WARD_02,DEMO Ward 02,34.149,0.2917,0.2682,16.31,47.07,0.2063,6.197,410.77,560.43,9007.32,DEMO / SYNTHETIC DATA
DEMO_G_1405,18.5480053,73.8484081,378465,2051205,DEMO_WARD_02,DEMO Ward 02,31.575,0.3557,0.1317,43.22,56.25,0.2121,4.728,366.53,562.86,10579.46,DEMO / SYNTHETIC DATA
DEMO_G_1406,18.548007,73.8486923,378495,2051205,DEMO_WARD_02,DEMO Ward 02,32.986,0.3106,0.1214,29.97,42.51,0.1686,3.807,245.51,563.27,9872.98,DEMO / SYNTHETIC DATA
DEMO_G_1407,18.5480088,73.8489765,378525,2051205,DEMO_WARD_02,DEMO Ward 02,32.962,0.2833,0.0568,37.42,43.56,0.2227,4.891,126.23,570.74,5332.95,DEMO / SYNTHETIC DATA
DEMO_G_1408,18.5480105,73.8492607,378555,2051205,DEMO_WARD_02,DEMO Ward 02,33.833,0.3268,0.0263,34.35,39.55,0.2001,3.562,273.74,558.09,6066.93,DEMO / SYNTHETIC DATA
DEMO_G_1409,18.5480122,73.8495449,378585,2051205,DEMO_WARD_02,DEMO Ward 02,34.659,0.2027,0.1408,37.79,48.73,0.1659,5.804,138.14,558.29,12949.53,DEMO / SYNTHETIC DATA
DEMO_G_1410,18.5480139,73.8498292,378615,2051205,DEMO_WARD_02,DEMO Ward 02,32.142,0.2925,0.0671,24.89,42.29,0.2816,5.339,305.12,560.89,11744.99,DEMO / SYNTHETIC DATA
DEMO_G_1411,18.5480157,73.8501134,378645,2051205,DEMO_WARD_02,DEMO Ward 02,29.085,0.5162,-0.0792,51.45,17.96,0.2551,4.136,134.07,560.16,1956.83,DEMO / SYNTHETIC DATA
DEMO_G_1412,18.5480174,73.8503976,378675,2051205,DEMO_WARD_02,DEMO Ward 02,28.444,0.5912,-0.1574,47.9,29.97,0.2468,2.549,341.31,566.93,3494.36,DEMO / SYNTHETIC DATA
DEMO_G_1413,18.5480191,73.8506818,378705,2051205,DEMO_WARD_02,DEMO Ward 02,36.196,0.2992,0.3799,16.86,58.07,0.2423,3.858,405.44,564.61,11622.24,DEMO / SYNTHETIC DATA
DEMO_G_1414,18.5480209,73.850966,378735,2051205,DEMO_WARD_02,DEMO Ward 02,33.19,0.155,0.1218,32.61,50.29,0.2195,4.528,71.7,561.64,5066.5,DEMO / SYNTHETIC DATA
DEMO_G_1415,18.5480226,73.8512503,378765,2051205,DEMO_WARD_02,DEMO Ward 02,31.173,0.5421,0.0239,53.1,42.1,0.234,2.703,222.81,562.33,5041.44,DEMO / SYNTHETIC DATA
DEMO_G_1416,18.5480243,73.8515345,378795,2051205,DEMO_WARD_02,DEMO Ward 02,30.838,0.4594,-0.1404,50.26,28.15,0.2473,1.71,194.31,565.09,4761.64,DEMO / SYNTHETIC DATA
DEMO_G_1417,18.5480261,73.8518187,378825,2051205,DEMO_WARD_02,DEMO Ward 02,28.936,0.5006,-0.1226,39.01,19.85,0.2492,2.971,192.19,561.21,3572.25,DEMO / SYNTHETIC DATA
DEMO_G_1418,18.5480278,73.8521029,378855,2051205,DEMO_WARD_02,DEMO Ward 02,32.354,0.1877,0.1523,19.36,42.92,0.1728,5.179,458.35,560.56,8418.7,DEMO / SYNTHETIC DATA
DEMO_G_1419,18.5480295,73.8523871,378885,2051205,DEMO_WARD_02,DEMO Ward 02,30.323,0.5217,-0.0278,43.63,27.94,0.2396,4.177,283.91,562.36,4380.59,DEMO / SYNTHETIC DATA
DEMO_G_1420,18.5480312,73.8526714,378915,2051205,DEMO_WARD_02,DEMO Ward 02,30.74,0.3855,-0.026,41.31,15.06,0.2051,3.305,110.25,559.14,423.38,DEMO / SYNTHETIC DATA
DEMO_G_1421,18.548033,73.8529556,378945,2051205,DEMO_WARD_03,DEMO Ward 03,29.887,0.3612,-0.0373,14.72,27.16,0.1832,2.678,222.17,555.25,10834.32,DEMO / SYNTHETIC DATA
DEMO_G_1422,18.5480347,73.8532398,378975,2051205,DEMO_WARD_03,DEMO Ward 03,31.526,0.3895,0.1233,35.27,33.05,0.1902,1.488,30.14,568.09,2509.65,DEMO / SYNTHETIC DATA
DEMO_G_1423,18.5480364,73.853524,379005,2051205,DEMO_WARD_03,DEMO Ward 03,30.915,0.2079,0.0073,19.02,38.77,0.1928,4.286,316.79,563.53,3274.3,DEMO / SYNTHETIC DATA
DEMO_G_1424,18.5480381,73.8538082,379035,2051205,DEMO_WARD_03,DEMO Ward 03,35.488,0.153,0.0974,23.63,57.92,0.1706,5.183,433.65,565.91,11974.13,DEMO / SYNTHETIC DATA
DEMO_G_1425,18.5480399,73.8540925,379065,2051205,DEMO_WARD_03,DEMO Ward 03,32.99,0.2602,0.2834,21.71,43.39,0.2415,5.728,102.47,564.18,7943.62,DEMO / SYNTHETIC DATA
DEMO_G_1426,18.5480416,73.8543767,379095,2051205,DEMO_WARD_03,DEMO Ward 03,29.405,0.5521,0.0167,53.42,27.45,0.1736,2.409,267.21,566.54,4183.71,DEMO / SYNTHETIC DATA
DEMO_G_1427,18.5480433,73.8546609,379125,2051205,DEMO_WARD_03,DEMO Ward 03,32.936,0.2787,0.1916,23.23,52.0,0.1647,3.697,224.14,563.31,12229.57,DEMO / SYNTHETIC DATA
DEMO_G_1428,18.548045,73.8549451,379155,2051205,DEMO_WARD_03,DEMO Ward 03,37.937,0.1864,0.1247,26.2,60.3,0.2257,4.355,317.88,558.56,7235.84,DEMO / SYNTHETIC DATA
DEMO_G_1429,18.5480468,73.8552293,379185,2051205,DEMO_WARD_03,DEMO Ward 03,32.236,0.295,0.0895,24.62,59.58,0.1896,3.634,274.77,568.63,10817.19,DEMO / SYNTHETIC DATA
DEMO_G_1430,18.5480485,73.8555136,379215,2051205,DEMO_WARD_03,DEMO Ward 03,31.029,0.2959,0.0185,13.26,35.34,0.1718,3.178,259.76,561.12,10842.37,DEMO / SYNTHETIC DATA
DEMO_G_1431,18.5480502,73.8557978,379245,2051205,DEMO_WARD_03,DEMO Ward 03,34.709,0.2016,0.1303,23.14,38.06,0.2312,6.01,283.73,562.13,12578.85,DEMO / SYNTHETIC DATA
DEMO_G_1432,18.5480519,73.856082,379275,2051205,DEMO_WARD_03,DEMO Ward 03,35.907,0.1481,0.3088,24.78,66.55,0.1992,5.269,410.35,566.19,12221.14,DEMO / SYNTHETIC DATA
DEMO_G_1433,18.5480537,73.8563662,379305,2051205,DEMO_WARD_03,DEMO Ward 03,33.409,0.2886,0.1978,34.74,47.41,0.2003,3.074,204.97,556.87,6205.21,DEMO / SYNTHETIC DATA
DEMO_G_1434,18.5480554,73.8566504,379335,2051205,DEMO_WARD_03,DEMO Ward 03,34.173,0.3303,0.0231,21.41,44.11,0.1273,4.13,254.38,564.97,6227.32,DEMO / SYNTHETIC DATA
DEMO_G_1435,18.5480571,73.8569347,379365,2051205,DEMO_WARD_03,DEMO Ward 03,28.107,0.4168,-0.0135,30.76,50.31,0.2039,4.781,283.0,561.91,12463.9,DEMO / SYNTHETIC DATA
DEMO_G_1436,18.5480588,73.8572189,379395,2051205,DEMO_WARD_03,DEMO Ward 03,30.632,0.4408,0.0905,36.55,25.13,0.2727,5.068,132.93,559.51,10388.77,DEMO / SYNTHETIC DATA
DEMO_G_1437,18.5480605,73.8575031,379425,2051205,DEMO_WARD_03,DEMO Ward 03,36.175,0.203,0.0902,21.9,67.48,0.0837,4.862,252.97,557.83,13386.44,DEMO / SYNTHETIC DATA
DEMO_G_1438,18.5480623,73.8577873,379455,2051205,DEMO_WARD_03,DEMO Ward 03,38.177,0.2328,0.2778,39.55,78.41,0.1579,7.34,327.84,558.87,16045.54,DEMO / SYNTHETIC DATA
DEMO_G_1439,18.548064,73.8580715,379485,2051205,DEMO_WARD_03,DEMO Ward 03,38.225,-0.0265,0.3033,13.8,48.22,0.1454,4.622,353.3,562.54,12929.04,DEMO / SYNTHETIC DATA
DEMO_G_1440,18.5480657,73.8583558,379515,2051205,DEMO_WARD_03,DEMO Ward 03,37.35,0.1502,0.172,21.84,74.88,0.1897,8.076,664.0,561.18,13667.65,DEMO / SYNTHETIC DATA
DEMO_G_1441,18.5482346,73.841585,377745,2051235,DEMO_WARD_01,DEMO Ward 01,33.765,0.27,0.3053,39.54,29.29,0.2181,4.928,152.61,569.28,8935.36,DEMO / SYNTHETIC DATA
DEMO_G_1442,18.5482364,73.8418692,377775,2051235,DEMO_WARD_01,DEMO Ward 01,28.961,0.37,-0.165,37.04,29.07,0.202,3.773,99.23,559.5,7420.21,DEMO / SYNTHETIC DATA
DEMO_G_1443,18.5482381,73.8421534,377805,2051235,DEMO_WARD_01,DEMO Ward 01,35.08,0.2778,0.1097,26.9,65.2,0.1689,4.441,378.81,564.15,7375.28,DEMO / SYNTHETIC DATA
DEMO_G_1444,18.5482399,73.8424376,377835,2051235,DEMO_WARD_01,DEMO Ward 01,33.613,0.2215,0.1901,24.42,50.13,0.2378,6.308,436.76,563.24,13787.15,DEMO / SYNTHETIC DATA
DEMO_G_1445,18.5482416,73.8427218,377865,2051235,DEMO_WARD_01,DEMO Ward 01,29.506,0.426,0.21,42.31,52.18,0.2061,4.773,220.39,570.08,5575.74,DEMO / SYNTHETIC DATA
DEMO_G_1446,18.5482434,73.8430061,377895,2051235,DEMO_WARD_01,DEMO Ward 01,36.854,0.1784,0.1329,25.16,51.42,0.2032,6.627,503.57,559.69,14616.89,DEMO / SYNTHETIC DATA
DEMO_G_1447,18.5482451,73.8432903,377925,2051235,DEMO_WARD_01,DEMO Ward 01,37.699,0.2127,0.1988,17.75,57.14,0.1745,4.593,546.98,570.97,17223.41,DEMO / SYNTHETIC DATA
DEMO_G_1448,18.5482468,73.8435745,377955,2051235,DEMO_WARD_01,DEMO Ward 01,35.252,0.0804,0.2808,18.8,67.01,0.1759,5.316,369.66,563.68,14158.84,DEMO / SYNTHETIC DATA
DEMO_G_1449,18.5482486,73.8438587,377985,2051235,DEMO_WARD_01,DEMO Ward 01,31.479,0.4645,0.1695,22.4,53.43,0.2412,4.262,299.94,557.65,9804.71,DEMO / SYNTHETIC DATA
DEMO_G_1450,18.5482503,73.8441429,378015,2051235,DEMO_WARD_01,DEMO Ward 01,38.025,0.1274,0.26,28.92,71.65,0.1794,5.462,445.81,557.39,13191.24,DEMO / SYNTHETIC DATA
DEMO_G_1451,18.5482521,73.8444272,378045,2051235,DEMO_WARD_01,DEMO Ward 01,33.575,0.2385,0.1566,33.15,64.17,0.1973,3.1,332.85,557.64,10293.28,DEMO / SYNTHETIC DATA
DEMO_G_1452,18.5482538,73.8447114,378075,2051235,DEMO_WARD_01,DEMO Ward 01,32.643,0.1864,0.1231,20.21,59.95,0.2517,3.014,302.17,560.55,11338.44,DEMO / SYNTHETIC DATA
DEMO_G_1453,18.5482555,73.8449956,378105,2051235,DEMO_WARD_01,DEMO Ward 01,33.683,0.2345,0.2262,14.23,43.82,0.2059,6.981,259.0,570.46,11691.46,DEMO / SYNTHETIC DATA
DEMO_G_1454,18.5482573,73.8452798,378135,2051235,DEMO_WARD_01,DEMO Ward 01,32.797,0.3353,0.1792,34.15,51.18,0.1918,5.431,310.99,555.2,10004.76,DEMO / SYNTHETIC DATA
DEMO_G_1455,18.548259,73.845564,378165,2051235,DEMO_WARD_01,DEMO Ward 01,33.517,0.2998,0.242,17.97,58.35,0.1828,5.097,386.47,566.32,12269.56,DEMO / SYNTHETIC DATA
DEMO_G_1456,18.5482608,73.8458483,378195,2051235,DEMO_WARD_01,DEMO Ward 01,35.768,0.1544,0.1723,15.72,70.05,0.1759,4.429,447.01,561.53,10657.82,DEMO / SYNTHETIC DATA
DEMO_G_1457,18.5482625,73.8461325,378225,2051235,DEMO_WARD_01,DEMO Ward 01,38.687,0.0565,0.2804,7.42,60.7,0.165,6.981,402.68,561.51,13203.46,DEMO / SYNTHETIC DATA
DEMO_G_1458,18.5482642,73.8464167,378255,2051235,DEMO_WARD_01,DEMO Ward 01,35.576,0.2022,0.2527,27.33,68.48,0.1886,7.56,284.01,561.82,12997.17,DEMO / SYNTHETIC DATA
DEMO_G_1459,18.548266,73.8467009,378285,2051235,DEMO_WARD_01,DEMO Ward 01,34.113,0.2196,0.3066,25.29,93.11,0.2204,4.017,283.14,560.71,16567.63,DEMO / SYNTHETIC DATA
DEMO_G_1460,18.5482677,73.8469851,378315,2051235,DEMO_WARD_01,DEMO Ward 01,34.641,0.242,0.2144,13.29,55.18,0.2659,5.46,273.38,562.41,12440.92,DEMO / SYNTHETIC DATA
DEMO_G_1461,18.5482694,73.8472694,378345,2051235,DEMO_WARD_02,DEMO Ward 02,30.373,0.4285,0.138,37.38,33.59,0.1687,3.824,198.46,564.79,3144.96,DEMO / SYNTHETIC DATA
DEMO_G_1462,18.5482712,73.8475536,378375,2051235,DEMO_WARD_02,DEMO Ward 02,33.659,0.1797,0.2368,6.17,37.79,0.2025,7.152,282.35,563.04,9178.91,DEMO / SYNTHETIC DATA
DEMO_G_1463,18.5482729,73.8478378,378405,2051235,DEMO_WARD_02,DEMO Ward 02,35.618,0.2056,0.1758,18.35,38.99,0.18,4.702,389.35,559.7,14428.17,DEMO / SYNTHETIC DATA
DEMO_G_1464,18.5482746,73.848122,378435,2051235,DEMO_WARD_02,DEMO Ward 02,30.823,0.3838,-0.0173,36.93,30.95,0.2113,5.099,285.38,561.2,8182.21,DEMO / SYNTHETIC DATA
DEMO_G_1465,18.5482764,73.8484062,378465,2051235,DEMO_WARD_02,DEMO Ward 02,33.113,0.2826,0.1163,19.0,70.43,0.2058,5.303,466.5,567.28,12572.75,DEMO / SYNTHETIC DATA
DEMO_G_1466,18.5482781,73.8486905,378495,2051235,DEMO_WARD_02,DEMO Ward 02,33.475,0.3483,0.0681,21.43,50.49,0.2195,4.566,276.42,567.59,13518.63,DEMO / SYNTHETIC DATA
DEMO_G_1467,18.5482798,73.8489747,378525,2051235,DEMO_WARD_02,DEMO Ward 02,35.878,0.3076,0.2492,23.61,38.85,0.1643,4.716,403.37,566.2,9385.88,DEMO / SYNTHETIC DATA
DEMO_G_1468,18.5482816,73.8492589,378555,2051235,DEMO_WARD_02,DEMO Ward 02,33.687,0.1886,0.1843,22.1,50.07,0.2435,7.014,237.15,558.98,14068.47,DEMO / SYNTHETIC DATA
DEMO_G_1469,18.5482833,73.8495431,378585,2051235,DEMO_WARD_02,DEMO Ward 02,35.274,0.2974,0.0018,28.87,56.15,0.1951,5.84,277.95,568.81,6904.54,DEMO / SYNTHETIC DATA
DEMO_G_1470,18.548285,73.8498273,378615,2051235,DEMO_WARD_02,DEMO Ward 02,33.322,0.2239,0.2235,25.19,52.46,0.1839,4.345,242.17,556.65,6734.09,DEMO / SYNTHETIC DATA
DEMO_G_1471,18.5482868,73.8501116,378645,2051235,DEMO_WARD_02,DEMO Ward 02,31.291,0.3987,0.2736,22.3,31.82,0.2143,5.757,237.97,562.31,7554.59,DEMO / SYNTHETIC DATA
DEMO_G_1472,18.5482885,73.8503958,378675,2051235,DEMO_WARD_02,DEMO Ward 02,28.825,0.6222,-0.1213,51.16,39.74,0.2432,5.375,47.41,558.99,5009.02,DEMO / SYNTHETIC DATA
DEMO_G_1473,18.5482902,73.85068,378705,2051235,DEMO_WARD_02,DEMO Ward 02,28.931,0.4653,-0.1476,28.85,10.0,0.2136,3.43,130.95,556.72,7760.69,DEMO / SYNTHETIC DATA
DEMO_G_1474,18.548292,73.8509642,378735,2051235,DEMO_WARD_02,DEMO Ward 02,30.739,0.4395,0.2311,42.7,19.4,0.244,0.643,6.48,565.6,6126.73,DEMO / SYNTHETIC DATA
DEMO_G_1475,18.5482937,73.8512484,378765,2051235,DEMO_WARD_02,DEMO Ward 02,31.122,0.4072,0.0627,34.66,51.51,0.1626,3.607,223.25,555.53,5873.83,DEMO / SYNTHETIC DATA
DEMO_G_1476,18.5482954,73.8515327,378795,2051235,DEMO_WARD_02,DEMO Ward 02,31.048,0.4432,-0.135,31.37,35.06,0.2437,3.267,156.64,567.84,3659.19,DEMO / SYNTHETIC DATA
DEMO_G_1477,18.5482971,73.8518169,378825,2051235,DEMO_WARD_02,DEMO Ward 02,32.213,0.2676,-0.0616,23.5,47.31,0.2422,2.79,273.52,562.81,6705.88,DEMO / SYNTHETIC DATA
DEMO_G_1478,18.5482989,73.8521011,378855,2051235,DEMO_WARD_02,DEMO Ward 02,32.105,0.5114,-0.0415,37.99,37.72,0.2009,3.437,72.1,563.36,10553.4,DEMO / SYNTHETIC DATA
DEMO_G_1479,18.5483006,73.8523853,378885,2051235,DEMO_WARD_02,DEMO Ward 02,29.721,0.6304,-0.1376,56.91,23.35,0.26,2.429,151.47,566.84,1926.77,DEMO / SYNTHETIC DATA
DEMO_G_1480,18.5483023,73.8526695,378915,2051235,DEMO_WARD_02,DEMO Ward 02,30.112,0.6417,0.0544,52.03,32.06,0.1949,4.371,189.2,562.93,3812.73,DEMO / SYNTHETIC DATA
DEMO_G_1481,18.5483041,73.8529538,378945,2051235,DEMO_WARD_03,DEMO Ward 03,34.371,0.3093,0.0571,17.9,41.05,0.1879,5.088,158.67,565.77,11074.03,DEMO / SYNTHETIC DATA
DEMO_G_1482,18.5483058,73.853238,378975,2051235,DEMO_WARD_03,DEMO Ward 03,28.87,0.5539,-0.0353,50.0,30.57,0.216,3.071,189.36,563.69,13726.15,DEMO / SYNTHETIC DATA
DEMO_G_1483,18.5483075,73.8535222,379005,2051235,DEMO_WARD_03,DEMO Ward 03,33.353,0.326,0.0967,26.07,38.34,0.1819,4.0,130.56,564.39,2919.29,DEMO / SYNTHETIC DATA
DEMO_G_1484,18.5483092,73.8538064,379035,2051235,DEMO_WARD_03,DEMO Ward 03,33.586,0.3233,0.0252,32.35,43.76,0.2357,2.097,268.44,565.36,5628.43,DEMO / SYNTHETIC DATA
DEMO_G_1485,18.548311,73.8540906,379065,2051235,DEMO_WARD_03,DEMO Ward 03,29.861,0.5299,0.0328,53.57,20.48,0.1475,1.181,0.0,565.37,5914.4,DEMO / SYNTHETIC DATA
DEMO_G_1486,18.5483127,73.8543749,379095,2051235,DEMO_WARD_03,DEMO Ward 03,31.5,0.4119,0.0223,33.44,39.0,0.1947,5.621,332.73,566.4,6408.04,DEMO / SYNTHETIC DATA
DEMO_G_1487,18.5483144,73.8546591,379125,2051235,DEMO_WARD_03,DEMO Ward 03,33.858,0.3134,-0.0385,30.15,43.72,0.2449,5.363,223.44,560.37,1788.67,DEMO / SYNTHETIC DATA
DEMO_G_1488,18.5483161,73.8549433,379155,2051235,DEMO_WARD_03,DEMO Ward 03,31.257,0.322,0.0657,30.49,36.88,0.2046,4.364,290.07,563.69,7783.49,DEMO / SYNTHETIC DATA
DEMO_G_1489,18.5483179,73.8552275,379185,2051235,DEMO_WARD_03,DEMO Ward 03,32.768,0.3389,0.0303,18.81,47.8,0.1707,5.13,303.62,555.64,9934.12,DEMO / SYNTHETIC DATA
DEMO_G_1490,18.5483196,73.8555117,379215,2051235,DEMO_WARD_03,DEMO Ward 03,29.98,0.1893,0.1305,24.71,38.29,0.3002,5.774,354.32,565.28,10739.85,DEMO / SYNTHETIC DATA
DEMO_G_1491,18.5483213,73.855796,379245,2051235,DEMO_WARD_03,DEMO Ward 03,35.528,0.1331,0.459,13.32,66.67,0.1943,4.693,295.26,564.19,14309.6,DEMO / SYNTHETIC DATA
DEMO_G_1492,18.548323,73.8560802,379275,2051235,DEMO_WARD_03,DEMO Ward 03,31.009,0.3297,0.1187,37.96,38.14,0.2617,3.047,261.86,562.36,5929.45,DEMO / SYNTHETIC DATA
DEMO_G_1493,18.5483247,73.8563644,379305,2051235,DEMO_WARD_03,DEMO Ward 03,32.069,0.3625,0.1232,27.92,36.24,0.2317,3.928,265.61,555.77,7676.89,DEMO / SYNTHETIC DATA
DEMO_G_1494,18.5483265,73.8566486,379335,2051235,DEMO_WARD_03,DEMO Ward 03,29.507,0.4864,-0.0569,32.85,43.21,0.2208,5.617,446.11,561.34,9575.01,DEMO / SYNTHETIC DATA
DEMO_G_1495,18.5483282,73.8569328,379365,2051235,DEMO_WARD_03,DEMO Ward 03,32.208,0.3887,0.1393,42.31,49.1,0.1622,4.271,301.23,565.27,7799.5,DEMO / SYNTHETIC DATA
DEMO_G_1496,18.5483299,73.8572171,379395,2051235,DEMO_WARD_03,DEMO Ward 03,32.127,0.3541,0.2545,23.38,46.25,0.199,7.168,169.65,567.56,12209.74,DEMO / SYNTHETIC DATA
DEMO_G_1497,18.5483316,73.8575013,379425,2051235,DEMO_WARD_03,DEMO Ward 03,36.92,0.1985,0.2997,12.92,72.11,0.2007,6.587,419.91,569.76,14450.5,DEMO / SYNTHETIC DATA
DEMO_G_1498,18.5483333,73.8577855,379455,2051235,DEMO_WARD_03,DEMO Ward 03,34.829,0.152,0.0867,15.85,44.91,0.1866,3.379,472.08,572.56,15016.24,DEMO / SYNTHETIC DATA
DEMO_G_1499,18.5483351,73.8580697,379485,2051235,DEMO_WARD_03,DEMO Ward 03,37.035,0.105,0.2642,5.58,65.83,0.1942,8.276,484.86,559.72,10561.33,DEMO / SYNTHETIC DATA
DEMO_G_1500,18.5483368,73.858354,379515,2051235,DEMO_WARD_03,DEMO Ward 03,38.975,0.186,0.4196,9.93,83.29,0.1936,9.794,434.65,561.46,20394.94,DEMO / SYNTHETIC DATA
DEMO_G_1501,18.5485057,73.8415831,377745,2051265,DEMO_WARD_01,DEMO Ward 01,32.489,0.4211,-0.1056,27.11,30.73,0.1677,5.329,118.32,562.76,3010.8,DEMO / SYNTHETIC DATA
DEMO_G_1502,18.5485075,73.8418674,377775,2051265,DEMO_WARD_01,DEMO Ward 01,36.911,0.2644,0.1985,21.87,52.51,0.1175,6.738,198.89,563.12,8285.91,DEMO / SYNTHETIC DATA
DEMO_G_1503,18.5485092,73.8421516,377805,2051265,DEMO_WARD_01,DEMO Ward 01,31.127,0.3169,0.0108,46.56,23.28,0.2018,1.849,188.79,563.49,5772.05,DEMO / SYNTHETIC DATA
DEMO_G_1504,18.548511,73.8424358,377835,2051265,DEMO_WARD_01,DEMO Ward 01,31.222,0.4667,0.054,37.71,34.91,0.174,4.81,167.01,558.26,11376.98,DEMO / SYNTHETIC DATA
DEMO_G_1505,18.5485127,73.84272,377865,2051265,DEMO_WARD_01,DEMO Ward 01,34.079,0.2253,0.1146,18.14,32.97,0.2168,7.062,127.19,562.81,8885.11,DEMO / SYNTHETIC DATA
DEMO_G_1506,18.5485144,73.8430042,377895,2051265,DEMO_WARD_01,DEMO Ward 01,32.117,0.2258,0.0408,35.71,37.94,0.196,2.984,208.78,562.57,3926.86,DEMO / SYNTHETIC DATA
DEMO_G_1507,18.5485162,73.8432885,377925,2051265,DEMO_WARD_01,DEMO Ward 01,36.096,0.2941,0.362,26.03,52.24,0.1924,5.18,417.42,557.47,15548.89,DEMO / SYNTHETIC DATA
DEMO_G_1508,18.5485179,73.8435727,377955,2051265,DEMO_WARD_01,DEMO Ward 01,33.217,0.2951,0.0409,22.93,48.36,0.1835,5.796,204.05,563.06,8284.35,DEMO / SYNTHETIC DATA
DEMO_G_1509,18.5485197,73.8438569,377985,2051265,DEMO_WARD_01,DEMO Ward 01,33.374,0.246,0.0797,22.88,50.2,0.207,5.73,300.21,558.94,9377.51,DEMO / SYNTHETIC DATA
DEMO_G_1510,18.5485214,73.8441411,378015,2051265,DEMO_WARD_01,DEMO Ward 01,36.312,0.2397,0.375,34.09,72.35,0.2346,3.867,360.86,569.39,11726.33,DEMO / SYNTHETIC DATA
DEMO_G_1511,18.5485232,73.8444253,378045,2051265,DEMO_WARD_01,DEMO Ward 01,33.73,0.3382,0.1336,28.27,43.09,0.1777,6.407,344.5,567.11,11058.67,DEMO / SYNTHETIC DATA
DEMO_G_1512,18.5485249,73.8447096,378075,2051265,DEMO_WARD_01,DEMO Ward 01,31.656,0.3211,0.0514,32.31,42.06,0.1891,3.327,197.74,558.44,8076.2,DEMO / SYNTHETIC DATA
DEMO_G_1513,18.5485266,73.8449938,378105,2051265,DEMO_WARD_01,DEMO Ward 01,34.994,0.2243,0.1679,20.54,54.97,0.2104,6.123,325.36,563.27,12154.28,DEMO / SYNTHETIC DATA
DEMO_G_1514,18.5485284,73.845278,378135,2051265,DEMO_WARD_01,DEMO Ward 01,34.584,0.1761,0.1024,22.93,50.43,0.1898,5.075,382.09,571.53,13368.07,DEMO / SYNTHETIC DATA
DEMO_G_1515,18.5485301,73.8455622,378165,2051265,DEMO_WARD_01,DEMO Ward 01,32.781,0.2318,-0.0226,33.17,59.39,0.2028,3.692,424.05,565.83,6491.49,DEMO / SYNTHETIC DATA
DEMO_G_1516,18.5485318,73.8458464,378195,2051265,DEMO_WARD_01,DEMO Ward 01,34.78,0.1607,0.2541,12.05,62.06,0.2711,6.387,529.59,561.5,13786.77,DEMO / SYNTHETIC DATA
DEMO_G_1517,18.5485336,73.8461307,378225,2051265,DEMO_WARD_01,DEMO Ward 01,36.374,0.153,0.1464,19.25,47.55,0.1809,6.768,255.81,561.74,10892.19,DEMO / SYNTHETIC DATA
DEMO_G_1518,18.5485353,73.8464149,378255,2051265,DEMO_WARD_01,DEMO Ward 01,31.995,0.2024,0.2733,28.09,54.32,0.2084,5.599,387.91,567.75,10866.33,DEMO / SYNTHETIC DATA
DEMO_G_1519,18.5485371,73.8466991,378285,2051265,DEMO_WARD_01,DEMO Ward 01,34.162,0.339,0.1671,19.42,48.22,0.1725,5.501,312.08,565.7,6128.34,DEMO / SYNTHETIC DATA
DEMO_G_1520,18.5485388,73.8469833,378315,2051265,DEMO_WARD_01,DEMO Ward 01,29.505,0.5336,-0.0242,38.29,29.75,0.2426,2.235,350.61,560.55,5498.02,DEMO / SYNTHETIC DATA
DEMO_G_1521,18.5485405,73.8472675,378345,2051265,DEMO_WARD_02,DEMO Ward 02,34.217,0.2671,0.1343,20.95,57.15,0.2232,5.469,324.96,563.22,12371.26,DEMO / SYNTHETIC DATA
DEMO_G_1522,18.5485423,73.8475518,378375,2051265,DEMO_WARD_02,DEMO Ward 02,32.75,0.2648,-0.0974,19.31,55.45,0.1444,3.197,181.95,564.96,8054.2,DEMO / SYNTHETIC DATA
DEMO_G_1523,18.548544,73.847836,378405,2051265,DEMO_WARD_02,DEMO Ward 02,30.582,0.4436,-0.039,34.99,38.89,0.1921,3.912,19.41,559.22,4809.42,DEMO / SYNTHETIC DATA
DEMO_G_1524,18.5485457,73.8481202,378435,2051265,DEMO_WARD_02,DEMO Ward 02,28.622,0.5018,0.3122,37.51,59.17,0.2717,1.339,141.62,566.86,10886.37,DEMO / SYNTHETIC DATA
DEMO_G_1525,18.5485475,73.8484044,378465,2051265,DEMO_WARD_02,DEMO Ward 02,35.219,0.2881,0.1657,41.02,39.92,0.2463,6.451,492.27,562.96,4962.49,DEMO / SYNTHETIC DATA
DEMO_G_1526,18.5485492,73.8486886,378495,2051265,DEMO_WARD_02,DEMO Ward 02,40.392,-0.042,0.3645,1.64,68.91,0.1675,6.722,486.96,559.7,14506.57,DEMO / SYNTHETIC DATA
DEMO_G_1527,18.5485509,73.8489729,378525,2051265,DEMO_WARD_02,DEMO Ward 02,35.963,0.3228,0.2302,49.68,61.54,0.2035,3.905,264.55,564.67,10060.77,DEMO / SYNTHETIC DATA
DEMO_G_1528,18.5485527,73.8492571,378555,2051265,DEMO_WARD_02,DEMO Ward 02,31.05,0.2158,0.126,22.49,42.52,0.2157,4.104,352.04,567.11,14774.22,DEMO / SYNTHETIC DATA
DEMO_G_1529,18.5485544,73.8495413,378585,2051265,DEMO_WARD_02,DEMO Ward 02,34.222,0.4972,0.1085,54.53,28.59,0.1737,5.333,254.52,566.89,14994.21,DEMO / SYNTHETIC DATA
DEMO_G_1530,18.5485561,73.8498255,378615,2051265,DEMO_WARD_02,DEMO Ward 02,35.232,0.4321,0.1145,46.73,57.13,0.2434,5.941,265.99,557.31,13946.15,DEMO / SYNTHETIC DATA
DEMO_G_1531,18.5485579,73.8501097,378645,2051265,DEMO_WARD_02,DEMO Ward 02,35.445,0.4481,0.1818,45.96,43.09,0.2038,5.071,225.23,557.79,6716.29,DEMO / SYNTHETIC DATA
DEMO_G_1532,18.5485596,73.850394,378675,2051265,DEMO_WARD_02,DEMO Ward 02,30.765,0.5279,-0.0612,41.23,31.61,0.2515,0.517,87.18,558.86,4559.01,DEMO / SYNTHETIC DATA
DEMO_G_1533,18.5485613,73.8506782,378705,2051265,DEMO_WARD_02,DEMO Ward 02,28.422,0.5629,-0.0027,61.68,27.6,0.2712,3.347,142.48,559.44,6926.88,DEMO / SYNTHETIC DATA
DEMO_G_1534,18.548563,73.8509624,378735,2051265,DEMO_WARD_02,DEMO Ward 02,29.506,0.5324,-0.1359,33.91,32.76,0.1443,2.659,173.72,562.12,5879.53,DEMO / SYNTHETIC DATA
DEMO_G_1535,18.5485648,73.8512466,378765,2051265,DEMO_WARD_02,DEMO Ward 02,33.773,0.2723,0.0612,29.49,37.55,0.2462,4.29,249.34,565.39,6741.19,DEMO / SYNTHETIC DATA
DEMO_G_1536,18.5485665,73.8515308,378795,2051265,DEMO_WARD_02,DEMO Ward 02,32.181,0.3084,-0.0036,38.14,44.04,0.2254,5.393,258.52,562.44,8927.41,DEMO / SYNTHETIC DATA
DEMO_G_1537,18.5485682,73.8518151,378825,2051265,DEMO_WARD_02,DEMO Ward 02,31.319,0.3542,-0.1635,25.59,25.77,0.1926,1.858,303.53,557.86,4525.62,DEMO / SYNTHETIC DATA
DEMO_G_1538,18.54857,73.8520993,378855,2051265,DEMO_WARD_02,DEMO Ward 02,28.011,0.5547,-0.081,33.17,21.1,0.2612,2.19,223.21,562.99,3346.79,DEMO / SYNTHETIC DATA
DEMO_G_1539,18.5485717,73.8523835,378885,2051265,DEMO_WARD_02,DEMO Ward 02,31.201,0.4678,0.1332,30.93,33.19,0.1892,3.371,11.42,553.77,12266.14,DEMO / SYNTHETIC DATA
DEMO_G_1540,18.5485734,73.8526677,378915,2051265,DEMO_WARD_02,DEMO Ward 02,33.224,0.3561,-0.1228,19.82,33.18,0.1687,2.016,40.17,564.16,5753.06,DEMO / SYNTHETIC DATA
DEMO_G_1541,18.5485751,73.852952,378945,2051265,DEMO_WARD_03,DEMO Ward 03,31.034,0.4444,-0.116,32.29,24.57,0.1674,4.919,166.8,565.96,5963.43,DEMO / SYNTHETIC DATA
DEMO_G_1542,18.5485769,73.8532362,378975,2051265,DEMO_WARD_03,DEMO Ward 03,31.999,0.4534,-0.082,21.5,22.8,0.2239,1.554,273.54,561.92,7379.76,DEMO / SYNTHETIC DATA
DEMO_G_1543,18.5485786,73.8535204,379005,2051265,DEMO_WARD_03,DEMO Ward 03,32.249,0.4161,0.0809,36.54,45.91,0.2385,3.857,209.96,564.5,7145.62,DEMO / SYNTHETIC DATA
DEMO_G_1544,18.5485803,73.8538046,379035,2051265,DEMO_WARD_03,DEMO Ward 03,34.834,0.3069,0.0932,23.54,41.72,0.2044,3.957,204.14,558.9,9307.33,DEMO / SYNTHETIC DATA
DEMO_G_1545,18.548582,73.8540888,379065,2051265,DEMO_WARD_03,DEMO Ward 03,30.822,0.5106,0.2781,40.8,34.93,0.1752,5.238,420.35,563.75,7708.38,DEMO / SYNTHETIC DATA
DEMO_G_1546,18.5485838,73.8543731,379095,2051265,DEMO_WARD_03,DEMO Ward 03,32.216,0.3017,0.0235,24.07,25.83,0.1913,0.582,67.67,571.07,579.59,DEMO / SYNTHETIC DATA
DEMO_G_1547,18.5485855,73.8546573,379125,2051265,DEMO_WARD_03,DEMO Ward 03,36.665,0.2871,0.2165,30.45,70.71,0.2025,3.618,343.53,563.62,16011.18,DEMO / SYNTHETIC DATA
DEMO_G_1548,18.5485872,73.8549415,379155,2051265,DEMO_WARD_03,DEMO Ward 03,33.595,0.4125,0.1418,29.37,39.77,0.2193,2.573,198.52,559.78,8805.02,DEMO / SYNTHETIC DATA
DEMO_G_1549,18.5485889,73.8552257,379185,2051265,DEMO_WARD_03,DEMO Ward 03,32.931,0.4734,0.0151,41.46,35.0,0.1287,5.095,392.6,559.12,6898.82,DEMO / SYNTHETIC DATA
DEMO_G_1550,18.5485907,73.8555099,379215,2051265,DEMO_WARD_03,DEMO Ward 03,35.707,0.1379,0.1548,0.0,56.52,0.2198,5.761,335.92,568.5,11891.39,DEMO / SYNTHETIC DATA
DEMO_G_1551,18.5485924,73.8557942,379245,2051265,DEMO_WARD_03,DEMO Ward 03,33.758,0.3834,0.0863,31.62,53.05,0.1666,5.118,266.12,558.63,5138.83,DEMO / SYNTHETIC DATA
DEMO_G_1552,18.5485941,73.8560784,379275,2051265,DEMO_WARD_03,DEMO Ward 03,36.715,0.2469,0.3053,17.85,59.18,0.2041,4.434,504.5,569.11,9065.33,DEMO / SYNTHETIC DATA
DEMO_G_1553,18.5485958,73.8563626,379305,2051265,DEMO_WARD_03,DEMO Ward 03,31.765,0.287,0.0006,28.18,49.78,0.2476,3.206,505.38,562.37,10006.4,DEMO / SYNTHETIC DATA
DEMO_G_1554,18.5485976,73.8566468,379335,2051265,DEMO_WARD_03,DEMO Ward 03,30.171,0.295,0.1531,25.86,39.88,0.1725,5.366,117.09,568.96,9181.81,DEMO / SYNTHETIC DATA
DEMO_G_1555,18.5485993,73.856931,379365,2051265,DEMO_WARD_03,DEMO Ward 03,37.038,0.2524,0.0201,33.13,57.2,0.1581,3.394,370.65,561.89,8566.87,DEMO / SYNTHETIC DATA
DEMO_G_1556,18.548601,73.8572153,379395,2051265,DEMO_WARD_03,DEMO Ward 03,37.486,0.1985,0.1386,26.64,81.36,0.2033,5.648,305.41,562.42,12728.61,DEMO / SYNTHETIC DATA
DEMO_G_1557,18.5486027,73.8574995,379425,2051265,DEMO_WARD_03,DEMO Ward 03,36.554,0.1546,0.2227,18.6,64.94,0.1685,6.484,506.5,561.72,12978.33,DEMO / SYNTHETIC DATA
DEMO_G_1558,18.5486044,73.8577837,379455,2051265,DEMO_WARD_03,DEMO Ward 03,31.749,0.2843,0.0106,34.89,45.49,0.1793,3.486,227.07,565.4,6631.26,DEMO / SYNTHETIC DATA
DEMO_G_1559,18.5486062,73.8580679,379485,2051265,DEMO_WARD_03,DEMO Ward 03,34.847,0.0639,0.3264,7.61,50.05,0.1703,6.968,400.97,560.6,11717.49,DEMO / SYNTHETIC DATA
DEMO_G_1560,18.5486079,73.8583522,379515,2051265,DEMO_WARD_03,DEMO Ward 03,34.161,0.2498,0.2349,34.3,57.52,0.2151,7.998,467.92,558.81,13212.05,DEMO / SYNTHETIC DATA
DEMO_G_1561,18.5487768,73.8415813,377745,2051295,DEMO_WARD_01,DEMO Ward 01,27.684,0.5364,-0.0225,43.1,15.03,0.1999,2.629,27.12,563.32,5287.56,DEMO / SYNTHETIC DATA
DEMO_G_1562,18.5487786,73.8418655,377775,2051295,DEMO_WARD_01,DEMO Ward 01,35.63,0.2493,0.0976,30.73,41.66,0.1362,5.614,205.27,564.72,11257.56,DEMO / SYNTHETIC DATA
DEMO_G_1563,18.5487803,73.8421498,377805,2051295,DEMO_WARD_01,DEMO Ward 01,31.15,0.3188,0.06,41.6,46.89,0.2286,4.233,277.9,566.36,13834.8,DEMO / SYNTHETIC DATA
DEMO_G_1564,18.5487821,73.842434,377835,2051295,DEMO_WARD_01,DEMO Ward 01,34.65,0.3726,0.0117,28.84,55.74,0.2221,3.974,419.77,572.49,9481.76,DEMO / SYNTHETIC DATA
DEMO_G_1565,18.5487838,73.8427182,377865,2051295,DEMO_WARD_01,DEMO Ward 01,32.23,0.3313,0.2637,36.07,53.48,0.2324,5.835,275.79,556.79,9976.71,DEMO / SYNTHETIC DATA
DEMO_G_1566,18.5487855,73.8430024,377895,2051295,DEMO_WARD_01,DEMO Ward 01,30.826,0.2478,0.0132,31.47,30.92,0.1837,2.791,47.34,566.85,3278.82,DEMO / SYNTHETIC DATA
DEMO_G_1567,18.5487873,73.8432866,377925,2051295,DEMO_WARD_01,DEMO Ward 01,31.766,0.3349,0.1442,42.85,59.59,0.2695,7.324,554.05,565.15,10636.68,DEMO / SYNTHETIC DATA
DEMO_G_1568,18.548789,73.8435709,377955,2051295,DEMO_WARD_01,DEMO Ward 01,34.539,0.404,0.207,40.62,46.34,0.1466,6.119,295.87,559.34,8929.54,DEMO / SYNTHETIC DATA
DEMO_G_1569,18.5487908,73.8438551,377985,2051295,DEMO_WARD_01,DEMO Ward 01,32.066,0.403,0.0731,25.6,43.14,0.2277,3.735,319.85,566.87,7247.41,DEMO / SYNTHETIC DATA
DEMO_G_1570,18.5487925,73.8441393,378015,2051295,DEMO_WARD_01,DEMO Ward 01,34.347,0.2335,0.1008,14.04,48.69,0.2415,4.882,286.06,561.7,9636.26,DEMO / SYNTHETIC DATA
DEMO_G_1571,18.5487942,73.8444235,378045,2051295,DEMO_WARD_01,DEMO Ward 01,34.961,0.1687,0.2082,26.46,53.18,0.1487,4.762,332.69,569.32,13400.28,DEMO / SYNTHETIC DATA
DEMO_G_1572,18.548796,73.8447077,378075,2051295,DEMO_WARD_01,DEMO Ward 01,34.376,0.3115,0.1515,15.39,47.65,0.21,6.487,193.73,562.88,11251.27,DEMO / SYNTHETIC DATA
DEMO_G_1573,18.5487977,73.844992,378105,2051295,DEMO_WARD_01,DEMO Ward 01,30.083,0.3111,-0.0484,27.68,40.36,0.1442,5.088,273.82,556.91,10161.58,DEMO / SYNTHETIC DATA
DEMO_G_1574,18.5487995,73.8452762,378135,2051295,DEMO_WARD_01,DEMO Ward 01,29.887,0.3931,0.0972,39.51,52.66,0.2091,3.395,153.42,565.16,7589.17,DEMO / SYNTHETIC DATA
DEMO_G_1575,18.5488012,73.8455604,378165,2051295,DEMO_WARD_01,DEMO Ward 01,30.267,0.3488,0.0803,40.32,36.78,0.1944,3.022,162.66,566.52,3766.41,DEMO / SYNTHETIC DATA
DEMO_G_1576,18.5488029,73.8458446,378195,2051295,DEMO_WARD_01,DEMO Ward 01,29.778,0.5274,-0.111,36.97,43.98,0.1851,2.598,191.02,568.73,12238.71,DEMO / SYNTHETIC DATA
DEMO_G_1577,18.5488047,73.8461288,378225,2051295,DEMO_WARD_01,DEMO Ward 01,32.549,0.2767,0.0885,9.48,48.55,0.1877,3.64,523.72,561.42,11247.33,DEMO / SYNTHETIC DATA
DEMO_G_1578,18.5488064,73.8464131,378255,2051295,DEMO_WARD_01,DEMO Ward 01,32.887,0.3313,0.1619,28.94,54.7,0.1961,6.097,380.56,562.43,9856.87,DEMO / SYNTHETIC DATA
DEMO_G_1579,18.5488081,73.8466973,378285,2051295,DEMO_WARD_01,DEMO Ward 01,33.953,0.1614,0.2475,14.34,52.0,0.1715,3.239,327.05,561.72,10691.14,DEMO / SYNTHETIC DATA
DEMO_G_1580,18.5488099,73.8469815,378315,2051295,DEMO_WARD_01,DEMO Ward 01,35.425,0.181,0.2462,16.3,62.23,0.2403,6.618,313.28,561.36,13151.59,DEMO / SYNTHETIC DATA
DEMO_G_1581,18.5488116,73.8472657,378345,2051295,DEMO_WARD_02,DEMO Ward 02,31.626,0.3043,0.2509,19.54,43.02,0.2904,4.931,128.27,558.65,11970.79,DEMO / SYNTHETIC DATA
DEMO_G_1582,18.5488133,73.8475499,378375,2051295,DEMO_WARD_02,DEMO Ward 02,31.698,0.4369,0.0986,33.04,24.1,0.2133,4.023,472.19,561.92,6421.2,DEMO / SYNTHETIC DATA
DEMO_G_1583,18.5488151,73.8478342,378405,2051295,DEMO_WARD_02,DEMO Ward 02,30.93,0.3625,-0.0299,27.7,23.86,0.1946,3.032,224.98,569.8,5440.75,DEMO / SYNTHETIC DATA
DEMO_G_1584,18.5488168,73.8481184,378435,2051295,DEMO_WARD_02,DEMO Ward 02,33.211,0.2551,-0.0783,24.62,56.67,0.1444,3.482,308.76,562.88,3467.43,DEMO / SYNTHETIC DATA
DEMO_G_1585,18.5488186,73.8484026,378465,2051295,DEMO_WARD_02,DEMO Ward 02,32.046,0.2875,0.1148,27.9,31.97,0.1487,5.752,140.86,557.37,8366.0,DEMO / SYNTHETIC DATA
DEMO_G_1586,18.5488203,73.8486868,378495,2051295,DEMO_WARD_02,DEMO Ward 02,32.871,0.1377,0.0832,23.66,56.23,0.1565,5.352,189.82,564.68,10251.55,DEMO / SYNTHETIC DATA
DEMO_G_1587,18.548822,73.848971,378525,2051295,DEMO_WARD_02,DEMO Ward 02,30.574,0.3948,-0.1493,34.3,42.5,0.2199,1.706,232.12,566.27,5345.56,DEMO / SYNTHETIC DATA
DEMO_G_1588,18.5488237,73.8492553,378555,2051295,DEMO_WARD_02,DEMO Ward 02,33.243,0.3554,-0.0359,34.68,30.89,0.1776,5.362,323.3,558.19,5862.32,DEMO / SYNTHETIC DATA
DEMO_G_1589,18.5488255,73.8495395,378585,2051295,DEMO_WARD_02,DEMO Ward 02,32.734,0.489,0.0206,56.28,41.58,0.2463,4.359,352.48,566.9,2040.97,DEMO / SYNTHETIC DATA
DEMO_G_1590,18.5488272,73.8498237,378615,2051295,DEMO_WARD_02,DEMO Ward 02,30.605,0.3765,-0.2362,44.94,29.61,0.2205,3.587,212.59,564.93,4895.87,DEMO / SYNTHETIC DATA
DEMO_G_1591,18.5488289,73.8501079,378645,2051295,DEMO_WARD_02,DEMO Ward 02,31.194,0.4984,-0.0938,46.0,33.47,0.165,5.999,25.26,568.15,9061.39,DEMO / SYNTHETIC DATA
DEMO_G_1592,18.5488307,73.8503922,378675,2051295,DEMO_WARD_02,DEMO Ward 02,28.993,0.3817,0.0004,27.75,22.61,0.2342,1.424,180.01,567.84,3918.08,DEMO / SYNTHETIC DATA
DEMO_G_1593,18.5488324,73.8506764,378705,2051295,DEMO_WARD_02,DEMO Ward 02,32.637,0.3195,-0.0171,34.63,38.96,0.1637,4.291,117.55,562.2,2065.03,DEMO / SYNTHETIC DATA
DEMO_G_1594,18.5488341,73.8509606,378735,2051295,DEMO_WARD_02,DEMO Ward 02,33.554,0.4391,0.0725,31.0,38.58,0.1625,4.208,368.64,569.01,3552.99,DEMO / SYNTHETIC DATA
DEMO_G_1595,18.5488359,73.8512448,378765,2051295,DEMO_WARD_02,DEMO Ward 02,34.553,0.3201,0.1671,41.03,35.28,0.1721,3.588,266.88,569.17,7853.44,DEMO / SYNTHETIC DATA
DEMO_G_1596,18.5488376,73.851529,378795,2051295,DEMO_WARD_02,DEMO Ward 02,26.665,0.4197,0.0363,41.03,12.01,0.3026,1.072,210.12,560.22,5652.88,DEMO / SYNTHETIC DATA
DEMO_G_1597,18.5488393,73.8518133,378825,2051295,DEMO_WARD_02,DEMO Ward 02,28.091,0.3986,-0.1414,32.84,16.28,0.2285,3.282,164.2,566.8,3078.0,DEMO / SYNTHETIC DATA
DEMO_G_1598,18.5488411,73.8520975,378855,2051295,DEMO_WARD_02,DEMO Ward 02,32.64,0.4456,0.2501,42.18,41.63,0.1898,5.565,173.75,567.48,10701.08,DEMO / SYNTHETIC DATA
DEMO_G_1599,18.5488428,73.8523817,378885,2051295,DEMO_WARD_02,DEMO Ward 02,28.373,0.577,-0.0902,48.55,19.16,0.2508,2.15,227.84,562.54,1559.57,DEMO / SYNTHETIC DATA
DEMO_G_1600,18.5488445,73.8526659,378915,2051295,DEMO_WARD_02,DEMO Ward 02,32.505,0.3029,0.0426,36.25,47.66,0.1717,3.246,264.44,560.57,8761.54,DEMO / SYNTHETIC DATA
DEMO_G_1601,18.5488462,73.8529501,378945,2051295,DEMO_WARD_03,DEMO Ward 03,30.837,0.4196,-0.0093,35.43,29.46,0.1839,4.051,374.32,558.93,6765.91,DEMO / SYNTHETIC DATA
DEMO_G_1602,18.548848,73.8532344,378975,2051295,DEMO_WARD_03,DEMO Ward 03,34.156,0.2302,0.0306,32.18,38.95,0.1723,2.542,169.29,560.65,0.0,DEMO / SYNTHETIC DATA
DEMO_G_1603,18.5488497,73.8535186,379005,2051295,DEMO_WARD_03,DEMO Ward 03,32.174,0.27,0.089,18.04,40.85,0.2929,5.584,224.67,565.81,4547.07,DEMO / SYNTHETIC DATA
DEMO_G_1604,18.5488514,73.8538028,379035,2051295,DEMO_WARD_03,DEMO Ward 03,30.087,0.4444,-0.0891,37.94,18.12,0.1989,4.776,275.63,558.85,5296.13,DEMO / SYNTHETIC DATA
DEMO_G_1605,18.5488531,73.854087,379065,2051295,DEMO_WARD_03,DEMO Ward 03,27.168,0.4877,-0.215,48.04,12.05,0.1897,1.917,0.0,563.21,1414.83,DEMO / SYNTHETIC DATA
DEMO_G_1606,18.5488549,73.8543712,379095,2051295,DEMO_WARD_03,DEMO Ward 03,31.078,0.5248,-0.023,41.35,29.37,0.1904,4.157,263.98,559.02,4204.69,DEMO / SYNTHETIC DATA
DEMO_G_1607,18.5488566,73.8546555,379125,2051295,DEMO_WARD_03,DEMO Ward 03,36.25,0.2384,0.176,34.4,60.65,0.2141,5.67,186.29,564.59,10817.52,DEMO / SYNTHETIC DATA
DEMO_G_1608,18.5488583,73.8549397,379155,2051295,DEMO_WARD_03,DEMO Ward 03,34.04,0.5179,0.1239,38.32,25.54,0.1632,3.033,237.39,562.13,7212.04,DEMO / SYNTHETIC DATA
DEMO_G_1609,18.54886,73.8552239,379185,2051295,DEMO_WARD_03,DEMO Ward 03,34.857,0.4757,0.2227,46.33,48.13,0.1584,5.417,311.94,563.95,13173.34,DEMO / SYNTHETIC DATA
DEMO_G_1610,18.5488618,73.8555081,379215,2051295,DEMO_WARD_03,DEMO Ward 03,34.892,0.305,0.1803,25.75,52.59,0.1796,5.354,134.92,567.39,5046.73,DEMO / SYNTHETIC DATA
DEMO_G_1611,18.5488635,73.8557924,379245,2051295,DEMO_WARD_03,DEMO Ward 03,35.989,0.1003,0.2207,17.74,64.14,0.0969,6.089,425.21,565.07,12474.95,DEMO / SYNTHETIC DATA
DEMO_G_1612,18.5488652,73.8560766,379275,2051295,DEMO_WARD_03,DEMO Ward 03,36.077,0.2517,0.2678,23.22,61.08,0.0948,2.978,198.07,556.45,10391.44,DEMO / SYNTHETIC DATA
DEMO_G_1613,18.5488669,73.8563608,379305,2051295,DEMO_WARD_03,DEMO Ward 03,34.238,0.0938,0.2194,13.08,75.59,0.2242,6.416,449.13,566.11,14441.86,DEMO / SYNTHETIC DATA
DEMO_G_1614,18.5488686,73.856645,379335,2051295,DEMO_WARD_03,DEMO Ward 03,33.505,0.3111,0.048,22.17,42.59,0.1598,3.025,399.59,567.26,9167.8,DEMO / SYNTHETIC DATA
DEMO_G_1615,18.5488704,73.8569292,379365,2051295,DEMO_WARD_03,DEMO Ward 03,35.349,0.0222,0.3844,6.39,72.74,0.1484,7.289,409.77,558.03,14483.61,DEMO / SYNTHETIC DATA
DEMO_G_1616,18.5488721,73.8572135,379395,2051295,DEMO_WARD_03,DEMO Ward 03,38.524,-0.0286,0.1128,0.0,54.86,0.1694,5.541,374.07,565.18,10870.89,DEMO / SYNTHETIC DATA
DEMO_G_1617,18.5488738,73.8574977,379425,2051295,DEMO_WARD_03,DEMO Ward 03,33.341,0.2326,0.1611,24.68,55.8,0.15,5.74,470.01,561.8,13607.36,DEMO / SYNTHETIC DATA
DEMO_G_1618,18.5488755,73.8577819,379455,2051295,DEMO_WARD_03,DEMO Ward 03,33.708,0.1832,0.038,8.94,26.68,0.2017,4.427,302.54,560.76,8750.87,DEMO / SYNTHETIC DATA
DEMO_G_1619,18.5488772,73.8580661,379485,2051295,DEMO_WARD_03,DEMO Ward 03,35.281,0.2695,0.2271,26.36,64.8,0.2368,7.256,322.64,567.86,11983.39,DEMO / SYNTHETIC DATA
DEMO_G_1620,18.548879,73.8583504,379515,2051295,DEMO_WARD_03,DEMO Ward 03,32.886,0.1751,0.1787,13.71,59.61,0.2035,5.872,293.46,560.91,11172.88,DEMO / SYNTHETIC DATA
DEMO_G_1621,18.5490479,73.8415795,377745,2051325,DEMO_WARD_01,DEMO Ward 01,32.859,0.1538,0.0974,27.67,42.96,0.1398,2.056,317.1,569.09,8190.06,DEMO / SYNTHETIC DATA
DEMO_G_1622,18.5490497,73.8418637,377775,2051325,DEMO_WARD_01,DEMO Ward 01,32.603,0.254,-0.0876,35.75,42.45,0.2605,3.724,297.95,567.8,6848.41,DEMO / SYNTHETIC DATA
DEMO_G_1623,18.5490514,73.8421479,377805,2051325,DEMO_WARD_01,DEMO Ward 01,33.542,0.5017,0.0229,39.95,48.76,0.1677,5.701,185.09,561.01,9470.87,DEMO / SYNTHETIC DATA
DEMO_G_1624,18.5490531,73.8424321,377835,2051325,DEMO_WARD_01,DEMO Ward 01,31.88,0.4772,-0.0302,47.67,33.97,0.1504,5.753,46.89,561.52,8013.33,DEMO / SYNTHETIC DATA
DEMO_G_1625,18.5490549,73.8427164,377865,2051325,DEMO_WARD_01,DEMO Ward 01,32.568,0.2962,0.0559,22.03,55.25,0.0916,3.941,307.6,564.23,8708.52,DEMO / SYNTHETIC DATA
DEMO_G_1626,18.5490566,73.8430006,377895,2051325,DEMO_WARD_01,DEMO Ward 01,32.87,0.2242,0.0648,25.4,56.02,0.1665,3.673,313.1,568.04,11901.52,DEMO / SYNTHETIC DATA
DEMO_G_1627,18.5490584,73.8432848,377925,2051325,DEMO_WARD_01,DEMO Ward 01,35.79,0.1224,0.0786,16.5,61.86,0.1798,5.113,417.04,559.81,8550.0,DEMO / SYNTHETIC DATA
DEMO_G_1628,18.5490601,73.843569,377955,2051325,DEMO_WARD_01,DEMO Ward 01,31.96,0.4555,-0.0773,36.32,44.78,0.2149,1.824,358.8,562.97,4534.82,DEMO / SYNTHETIC DATA
DEMO_G_1629,18.5490618,73.8438533,377985,2051325,DEMO_WARD_01,DEMO Ward 01,36.684,0.1888,0.273,21.15,69.62,0.2058,7.218,373.75,564.27,10279.0,DEMO / SYNTHETIC DATA
DEMO_G_1630,18.5490636,73.8441375,378015,2051325,DEMO_WARD_01,DEMO Ward 01,33.749,0.2806,0.2002,19.64,42.21,0.1555,4.263,222.42,564.5,11115.47,DEMO / SYNTHETIC DATA
DEMO_G_1631,18.5490653,73.8444217,378045,2051325,DEMO_WARD_01,DEMO Ward 01,32.119,0.3562,0.0478,17.02,56.06,0.2688,4.158,496.09,562.06,8988.21,DEMO / SYNTHETIC DATA
DEMO_G_1632,18.5490671,73.8447059,378075,2051325,DEMO_WARD_01,DEMO Ward 01,35.218,0.0998,0.0491,15.37,70.08,0.2292,7.265,479.27,559.35,14194.07,DEMO / SYNTHETIC DATA
DEMO_G_1633,18.5490688,73.8449901,378105,2051325,DEMO_WARD_01,DEMO Ward 01,36.206,0.2497,0.2768,28.55,71.63,0.2263,7.364,298.92,564.13,14961.81,DEMO / SYNTHETIC DATA
DEMO_G_1634,18.5490705,73.8452744,378135,2051325,DEMO_WARD_01,DEMO Ward 01,39.472,0.1454,0.3695,20.3,95.55,0.2049,5.871,478.15,565.39,18403.75,DEMO / SYNTHETIC DATA
DEMO_G_1635,18.5490723,73.8455586,378165,2051325,DEMO_WARD_01,DEMO Ward 01,37.523,0.0724,0.243,8.25,70.46,0.2498,6.192,536.02,566.54,12698.01,DEMO / SYNTHETIC DATA
DEMO_G_1636,18.549074,73.8458428,378195,2051325,DEMO_WARD_01,DEMO Ward 01,30.829,0.3034,0.0247,31.02,45.77,0.1773,2.471,198.97,566.53,9851.59,DEMO / SYNTHETIC DATA
DEMO_G_1637,18.5490758,73.846127,378225,2051325,DEMO_WARD_01,DEMO Ward 01,34.651,0.2494,0.1884,29.31,66.82,0.2227,4.95,337.73,562.31,11002.89,DEMO / SYNTHETIC DATA
DEMO_G_1638,18.5490775,73.8464112,378255,2051325,DEMO_WARD_01,DEMO Ward 01,30.526,0.3543,0.1013,27.08,51.51,0.2293,2.381,267.27,570.05,11841.39,DEMO / SYNTHETIC DATA
DEMO_G_1639,18.5490792,73.8466955,378285,2051325,DEMO_WARD_01,DEMO Ward 01,32.598,0.305,0.0446,12.45,34.73,0.1937,4.275,143.83,564.2,10760.64,DEMO / SYNTHETIC DATA
DEMO_G_1640,18.549081,73.8469797,378315,2051325,DEMO_WARD_01,DEMO Ward 01,33.066,0.3086,0.3368,31.17,53.23,0.2876,5.623,286.68,563.16,9773.24,DEMO / SYNTHETIC DATA
DEMO_G_1641,18.5490827,73.8472639,378345,2051325,DEMO_WARD_02,DEMO Ward 02,33.789,0.3121,0.1075,40.15,47.55,0.2,4.256,414.43,562.81,6182.62,DEMO / SYNTHETIC DATA
DEMO_G_1642,18.5490844,73.8475481,378375,2051325,DEMO_WARD_02,DEMO Ward 02,34.329,0.2618,0.2222,21.87,55.41,0.2504,6.161,286.67,562.0,13448.3,DEMO / SYNTHETIC DATA
DEMO_G_1643,18.5490862,73.8478323,378405,2051325,DEMO_WARD_02,DEMO Ward 02,32.833,0.4844,-0.0802,50.21,42.83,0.2408,3.769,324.5,563.44,9936.01,DEMO / SYNTHETIC DATA
DEMO_G_1644,18.5490879,73.8481166,378435,2051325,DEMO_WARD_02,DEMO Ward 02,30.832,0.4361,0.0796,32.76,30.14,0.2811,4.742,118.72,559.2,8331.34,DEMO / SYNTHETIC DATA
DEMO_G_1645,18.5490896,73.8484008,378465,2051325,DEMO_WARD_02,DEMO Ward 02,32.351,0.3655,0.1137,21.41,41.46,0.2497,4.702,415.5,560.55,13898.96,DEMO / SYNTHETIC DATA
DEMO_G_1646,18.5490914,73.848685,378495,2051325,DEMO_WARD_02,DEMO Ward 02,33.403,0.3346,0.166,27.38,50.14,0.1217,5.901,245.52,556.28,10871.54,DEMO / SYNTHETIC DATA
DEMO_G_1647,18.5490931,73.8489692,378525,2051325,DEMO_WARD_02,DEMO Ward 02,36.336,0.4143,0.0929,30.3,46.67,0.2064,2.366,82.51,571.22,6975.97,DEMO / SYNTHETIC DATA
DEMO_G_1648,18.5490948,73.8492535,378555,2051325,DEMO_WARD_02,DEMO Ward 02,37.12,0.2524,0.1179,20.94,29.54,0.1089,2.289,81.97,567.22,6335.53,DEMO / SYNTHETIC DATA
DEMO_G_1649,18.5490966,73.8495377,378585,2051325,DEMO_WARD_02,DEMO Ward 02,31.023,0.5513,0.0301,45.87,49.19,0.1713,2.642,309.09,564.86,5017.62,DEMO / SYNTHETIC DATA
DEMO_G_1650,18.5490983,73.8498219,378615,2051325,DEMO_WARD_02,DEMO Ward 02,30.073,0.3631,0.0441,34.11,28.5,0.2564,4.531,142.75,564.21,4375.65,DEMO / SYNTHETIC DATA
DEMO_G_1651,18.5491,73.8501061,378645,2051325,DEMO_WARD_02,DEMO Ward 02,31.907,0.337,0.009,31.62,31.1,0.2123,1.96,18.82,568.19,3231.77,DEMO / SYNTHETIC DATA
DEMO_G_1652,18.5491018,73.8503903,378675,2051325,DEMO_WARD_02,DEMO Ward 02,28.917,0.4603,-0.0501,56.08,13.93,0.245,3.237,199.13,560.93,6415.6,DEMO / SYNTHETIC DATA
DEMO_G_1653,18.5491035,73.8506746,378705,2051325,DEMO_WARD_02,DEMO Ward 02,32.072,0.3097,0.0254,33.7,32.69,0.2028,5.497,304.05,571.68,8673.33,DEMO / SYNTHETIC DATA
DEMO_G_1654,18.5491052,73.8509588,378735,2051325,DEMO_WARD_02,DEMO Ward 02,28.033,0.4578,-0.1289,41.25,25.97,0.2237,1.821,82.52,559.44,6029.85,DEMO / SYNTHETIC DATA
DEMO_G_1655,18.549107,73.851243,378765,2051325,DEMO_WARD_02,DEMO Ward 02,31.947,0.5707,0.0791,51.36,39.94,0.2567,1.862,208.01,563.61,6732.85,DEMO / SYNTHETIC DATA
DEMO_G_1656,18.5491087,73.8515272,378795,2051325,DEMO_WARD_02,DEMO Ward 02,32.922,0.3721,0.0268,23.71,32.73,0.1538,3.735,171.72,569.28,6734.25,DEMO / SYNTHETIC DATA
DEMO_G_1657,18.5491104,73.8518114,378825,2051325,DEMO_WARD_02,DEMO Ward 02,30.643,0.4842,-0.0252,44.89,19.0,0.1757,4.486,125.26,562.42,10305.9,DEMO / SYNTHETIC DATA
DEMO_G_1658,18.5491121,73.8520957,378855,2051325,DEMO_WARD_02,DEMO Ward 02,33.492,0.4805,0.0236,53.03,45.31,0.2161,4.084,419.38,564.78,7445.68,DEMO / SYNTHETIC DATA
DEMO_G_1659,18.5491139,73.8523799,378885,2051325,DEMO_WARD_02,DEMO Ward 02,33.34,0.5166,0.3338,32.7,36.57,0.1417,4.947,223.42,565.81,6782.68,DEMO / SYNTHETIC DATA
DEMO_G_1660,18.5491156,73.8526641,378915,2051325,DEMO_WARD_02,DEMO Ward 02,33.513,0.4072,0.0379,31.2,46.52,0.1641,4.301,338.5,566.04,12500.83,DEMO / SYNTHETIC DATA
DEMO_G_1661,18.5491173,73.8529483,378945,2051325,DEMO_WARD_03,DEMO Ward 03,30.011,0.3383,-0.1867,26.71,30.13,0.2633,4.812,323.99,560.79,11045.84,DEMO / SYNTHETIC DATA
DEMO_G_1662,18.549119,73.8532326,378975,2051325,DEMO_WARD_03,DEMO Ward 03,34.877,0.3204,0.0375,29.02,33.15,0.2162,6.152,187.78,566.29,6857.37,DEMO / SYNTHETIC DATA
DEMO_G_1663,18.5491208,73.8535168,379005,2051325,DEMO_WARD_03,DEMO Ward 03,32.901,0.4621,-0.0221,34.58,46.75,0.2228,4.55,231.66,562.52,5176.78,DEMO / SYNTHETIC DATA
DEMO_G_1664,18.5491225,73.853801,379035,2051325,DEMO_WARD_03,DEMO Ward 03,28.088,0.6765,0.0614,40.89,24.14,0.2316,3.081,330.14,567.34,10314.03,DEMO / SYNTHETIC DATA
DEMO_G_1665,18.5491242,73.8540852,379065,2051325,DEMO_WARD_03,DEMO Ward 03,32.907,0.4573,-0.0243,33.26,37.6,0.2511,2.91,48.59,565.5,802.47,DEMO / SYNTHETIC DATA
DEMO_G_1666,18.5491259,73.8543694,379095,2051325,DEMO_WARD_03,DEMO Ward 03,30.419,0.3175,0.0701,16.36,43.93,0.1522,1.702,200.08,558.54,8117.28,DEMO / SYNTHETIC DATA
DEMO_G_1667,18.5491277,73.8546537,379125,2051325,DEMO_WARD_03,DEMO Ward 03,29.962,0.3531,0.0711,28.15,28.06,0.1889,3.089,76.04,570.55,7817.04,DEMO / SYNTHETIC DATA
DEMO_G_1668,18.5491294,73.8549379,379155,2051325,DEMO_WARD_03,DEMO Ward 03,28.831,0.4307,-0.0345,41.48,32.17,0.216,3.013,216.5,568.94,7412.49,DEMO / SYNTHETIC DATA
DEMO_G_1669,18.5491311,73.8552221,379185,2051325,DEMO_WARD_03,DEMO Ward 03,33.432,0.3951,0.1917,39.01,49.16,0.2291,5.945,593.43,558.53,12601.86,DEMO / SYNTHETIC DATA
DEMO_G_1670,18.5491328,73.8555063,379215,2051325,DEMO_WARD_03,DEMO Ward 03,37.713,0.2593,0.2977,24.64,61.07,0.1719,5.936,290.17,564.52,11323.26,DEMO / SYNTHETIC DATA
DEMO_G_1671,18.5491346,73.8557905,379245,2051325,DEMO_WARD_03,DEMO Ward 03,31.349,0.2661,0.1825,24.47,46.7,0.2554,4.154,335.02,562.83,9179.33,DEMO / SYNTHETIC DATA
DEMO_G_1672,18.5491363,73.8560748,379275,2051325,DEMO_WARD_03,DEMO Ward 03,34.626,0.1655,0.125,0.0,51.55,0.2058,4.552,221.06,567.96,12336.58,DEMO / SYNTHETIC DATA
DEMO_G_1673,18.549138,73.856359,379305,2051325,DEMO_WARD_03,DEMO Ward 03,35.729,0.3355,0.1845,29.8,49.86,0.1886,6.464,440.9,563.1,14303.45,DEMO / SYNTHETIC DATA
DEMO_G_1674,18.5491397,73.8566432,379335,2051325,DEMO_WARD_03,DEMO Ward 03,33.379,0.2732,-0.0925,23.17,64.78,0.1838,6.879,350.56,562.53,16502.64,DEMO / SYNTHETIC DATA
DEMO_G_1675,18.5491415,73.8569274,379365,2051325,DEMO_WARD_03,DEMO Ward 03,30.845,0.3949,0.0487,33.82,34.8,0.1949,2.791,139.32,566.74,9428.61,DEMO / SYNTHETIC DATA
DEMO_G_1676,18.5491432,73.8572117,379395,2051325,DEMO_WARD_03,DEMO Ward 03,32.899,0.2414,0.3008,16.22,60.15,0.1942,6.49,276.97,565.69,12337.22,DEMO / SYNTHETIC DATA
DEMO_G_1677,18.5491449,73.8574959,379425,2051325,DEMO_WARD_03,DEMO Ward 03,33.25,0.2638,0.1659,33.4,38.58,0.1532,4.561,390.54,562.93,15221.7,DEMO / SYNTHETIC DATA
DEMO_G_1678,18.5491466,73.8577801,379455,2051325,DEMO_WARD_03,DEMO Ward 03,33.8,0.226,0.2537,36.26,44.39,0.2219,6.191,372.35,568.25,12040.8,DEMO / SYNTHETIC DATA
DEMO_G_1679,18.5491483,73.8580643,379485,2051325,DEMO_WARD_03,DEMO Ward 03,35.003,0.2957,0.0633,48.01,54.13,0.1973,7.15,389.87,565.1,11177.48,DEMO / SYNTHETIC DATA
DEMO_G_1680,18.5491501,73.8583485,379515,2051325,DEMO_WARD_03,DEMO Ward 03,35.421,0.1397,0.0685,21.35,37.72,0.1694,5.166,440.62,563.66,11474.23,DEMO / SYNTHETIC DATA
DEMO_G_1681,18.549319,73.8415777,377745,2051355,DEMO_WARD_01,DEMO Ward 01,30.941,0.3729,0.1109,31.25,18.94,0.2005,3.819,299.44,561.23,897.05,DEMO / SYNTHETIC DATA
DEMO_G_1682,18.5493207,73.8418619,377775,2051355,DEMO_WARD_01,DEMO Ward 01,31.069,0.2987,0.0611,24.09,55.61,0.2277,4.064,249.12,566.92,4467.17,DEMO / SYNTHETIC DATA
DEMO_G_1683,18.5493225,73.8421461,377805,2051355,DEMO_WARD_01,DEMO Ward 01,32.22,0.3106,0.2118,29.32,38.0,0.2071,4.124,295.6,566.05,11872.95,DEMO / SYNTHETIC DATA
DEMO_G_1684,18.5493242,73.8424303,377835,2051355,DEMO_WARD_01,DEMO Ward 01,27.772,0.5721,-0.0299,41.55,30.97,0.2571,2.878,122.9,563.94,5101.62,DEMO / SYNTHETIC DATA
DEMO_G_1685,18.549326,73.8427145,377865,2051355,DEMO_WARD_01,DEMO Ward 01,35.249,0.3283,0.2439,31.86,60.84,0.1019,5.511,461.57,560.61,4971.66,DEMO / SYNTHETIC DATA
DEMO_G_1686,18.5493277,73.8429988,377895,2051355,DEMO_WARD_01,DEMO Ward 01,28.135,0.4574,-0.0845,30.0,20.08,0.2062,2.431,122.85,560.95,6201.17,DEMO / SYNTHETIC DATA
DEMO_G_1687,18.5493295,73.843283,377925,2051355,DEMO_WARD_01,DEMO Ward 01,31.307,0.3255,0.0111,33.21,44.11,0.1655,4.044,442.63,567.72,5916.8,DEMO / SYNTHETIC DATA
DEMO_G_1688,18.5493312,73.8435672,377955,2051355,DEMO_WARD_01,DEMO Ward 01,32.357,0.302,0.2197,21.21,46.12,0.2023,4.38,141.69,567.16,7436.84,DEMO / SYNTHETIC DATA
DEMO_G_1689,18.5493329,73.8438514,377985,2051355,DEMO_WARD_01,DEMO Ward 01,33.918,0.2895,0.1508,19.3,62.16,0.2263,5.217,366.73,565.55,11367.32,DEMO / SYNTHETIC DATA
DEMO_G_1690,18.5493347,73.8441356,378015,2051355,DEMO_WARD_01,DEMO Ward 01,33.731,0.2388,0.205,18.61,53.44,0.2278,5.369,277.7,570.46,11340.56,DEMO / SYNTHETIC DATA
DEMO_G_1691,18.5493364,73.8444199,378045,2051355,DEMO_WARD_01,DEMO Ward 01,34.864,0.2994,0.2332,13.07,68.7,0.2207,5.962,275.61,561.36,8173.06,DEMO / SYNTHETIC DATA
DEMO_G_1692,18.5493382,73.8447041,378075,2051355,DEMO_WARD_01,DEMO Ward 01,33.645,0.3055,0.1801,40.7,68.81,0.2577,6.012,378.63,565.09,12654.08,DEMO / SYNTHETIC DATA
DEMO_G_1693,18.5493399,73.8449883,378105,2051355,DEMO_WARD_01,DEMO Ward 01,36.29,0.2636,0.227,12.07,54.45,0.1859,3.512,292.62,568.44,9732.44,DEMO / SYNTHETIC DATA
DEMO_G_1694,18.5493416,73.8452725,378135,2051355,DEMO_WARD_01,DEMO Ward 01,34.705,0.2791,0.0995,27.81,46.12,0.2201,6.185,471.9,573.94,13929.41,DEMO / SYNTHETIC DATA
DEMO_G_1695,18.5493434,73.8455568,378165,2051355,DEMO_WARD_01,DEMO Ward 01,33.136,0.4518,0.1717,42.37,49.25,0.0979,4.275,360.07,559.06,12227.26,DEMO / SYNTHETIC DATA
DEMO_G_1696,18.5493451,73.845841,378195,2051355,DEMO_WARD_01,DEMO Ward 01,33.146,0.1963,0.2511,35.25,62.01,0.1665,7.803,325.55,561.78,11013.67,DEMO / SYNTHETIC DATA
DEMO_G_1697,18.5493468,73.8461252,378225,2051355,DEMO_WARD_01,DEMO Ward 01,34.463,0.3487,0.12,27.26,59.55,0.2534,4.154,279.6,564.36,11151.86,DEMO / SYNTHETIC DATA
DEMO_G_1698,18.5493486,73.8464094,378255,2051355,DEMO_WARD_01,DEMO Ward 01,35.252,0.2109,0.2184,10.49,40.69,0.1811,4.564,378.99,561.37,11995.83,DEMO / SYNTHETIC DATA
DEMO_G_1699,18.5493503,73.8466936,378285,2051355,DEMO_WARD_01,DEMO Ward 01,34.397,0.3941,0.2069,42.09,43.96,0.1902,4.308,313.7,565.13,4160.98,DEMO / SYNTHETIC DATA
DEMO_G_1700,18.5493521,73.8469779,378315,2051355,DEMO_WARD_01,DEMO Ward 01,35.081,0.2465,0.1293,30.74,54.89,0.1539,4.057,333.43,562.19,5897.21,DEMO / SYNTHETIC DATA
DEMO_G_1701,18.5493538,73.8472621,378345,2051355,DEMO_WARD_02,DEMO Ward 02,37.427,0.2041,0.1735,31.3,63.04,0.1028,6.775,295.49,564.59,9089.09,DEMO / SYNTHETIC DATA
DEMO_G_1702,18.5493555,73.8475463,378375,2051355,DEMO_WARD_02,DEMO Ward 02,30.524,0.4125,0.1567,36.62,51.22,0.2594,4.686,288.6,561.38,7871.42,DEMO / SYNTHETIC DATA
DEMO_G_1703,18.5493573,73.8478305,378405,2051355,DEMO_WARD_02,DEMO Ward 02,34.515,0.2309,0.2461,21.22,58.73,0.1911,5.49,317.43,566.24,14510.21,DEMO / SYNTHETIC DATA
DEMO_G_1704,18.549359,73.8481147,378435,2051355,DEMO_WARD_02,DEMO Ward 02,31.576,0.3852,0.0283,16.3,31.06,0.182,4.523,460.8,566.55,6463.66,DEMO / SYNTHETIC DATA
DEMO_G_1705,18.5493607,73.848399,378465,2051355,DEMO_WARD_02,DEMO Ward 02,32.554,0.4552,0.1424,27.23,41.83,0.2605,4.916,274.85,566.74,9680.43,DEMO / SYNTHETIC DATA
DEMO_G_1706,18.5493625,73.8486832,378495,2051355,DEMO_WARD_02,DEMO Ward 02,26.664,0.3471,-0.2667,26.53,22.17,0.2205,3.229,0.0,568.99,5637.65,DEMO / SYNTHETIC DATA
DEMO_G_1707,18.5493642,73.8489674,378525,2051355,DEMO_WARD_02,DEMO Ward 02,28.598,0.4092,0.0377,43.43,21.68,0.2738,2.782,389.44,567.0,5735.92,DEMO / SYNTHETIC DATA
DEMO_G_1708,18.5493659,73.8492516,378555,2051355,DEMO_WARD_02,DEMO Ward 02,30.647,0.4668,-0.0215,37.44,32.57,0.2667,2.878,263.46,570.28,5292.93,DEMO / SYNTHETIC DATA
DEMO_G_1709,18.5493677,73.8495359,378585,2051355,DEMO_WARD_02,DEMO Ward 02,30.693,0.4346,-0.0871,30.91,29.34,0.1755,2.404,32.55,561.58,1563.4,DEMO / SYNTHETIC DATA
DEMO_G_1710,18.5493694,73.8498201,378615,2051355,DEMO_WARD_02,DEMO Ward 02,32.147,0.3566,-0.1562,22.63,39.2,0.2432,4.877,337.44,563.47,8554.81,DEMO / SYNTHETIC DATA
DEMO_G_1711,18.5493711,73.8501043,378645,2051355,DEMO_WARD_02,DEMO Ward 02,35.423,0.5202,-0.0348,43.26,60.8,0.2385,3.128,241.23,566.22,7982.05,DEMO / SYNTHETIC DATA
DEMO_G_1712,18.5493729,73.8503885,378675,2051355,DEMO_WARD_02,DEMO Ward 02,31.409,0.3243,0.0317,29.48,34.82,0.203,2.463,229.21,568.62,8329.54,DEMO / SYNTHETIC DATA
DEMO_G_1713,18.5493746,73.8506727,378705,2051355,DEMO_WARD_02,DEMO Ward 02,33.996,0.2079,0.1311,17.87,39.35,0.226,4.199,167.9,560.28,8961.66,DEMO / SYNTHETIC DATA
DEMO_G_1714,18.5493763,73.850957,378735,2051355,DEMO_WARD_02,DEMO Ward 02,32.231,0.278,-0.0201,21.27,31.33,0.2246,2.977,150.31,563.09,1042.89,DEMO / SYNTHETIC DATA
DEMO_G_1715,18.549378,73.8512412,378765,2051355,DEMO_WARD_02,DEMO Ward 02,31.065,0.4046,-0.0224,25.43,34.82,0.2341,3.165,190.95,558.35,9058.31,DEMO / SYNTHETIC DATA
DEMO_G_1716,18.5493798,73.8515254,378795,2051355,DEMO_WARD_02,DEMO Ward 02,32.517,0.4893,0.0818,42.49,31.07,0.2041,4.122,132.45,563.04,4432.12,DEMO / SYNTHETIC DATA
DEMO_G_1717,18.5493815,73.8518096,378825,2051355,DEMO_WARD_02,DEMO Ward 02,29.437,0.3404,-0.0564,30.71,40.06,0.1865,3.143,123.98,562.68,5924.89,DEMO / SYNTHETIC DATA
DEMO_G_1718,18.5493832,73.8520939,378855,2051355,DEMO_WARD_02,DEMO Ward 02,27.947,0.4801,-0.1834,33.67,16.02,0.2184,2.466,0.0,565.26,5135.08,DEMO / SYNTHETIC DATA
DEMO_G_1719,18.549385,73.8523781,378885,2051355,DEMO_WARD_02,DEMO Ward 02,31.894,0.2741,-0.0428,23.04,36.54,0.2183,3.751,287.67,564.38,7066.13,DEMO / SYNTHETIC DATA
DEMO_G_1720,18.5493867,73.8526623,378915,2051355,DEMO_WARD_02,DEMO Ward 02,27.927,0.599,0.0734,37.16,28.64,0.1778,2.303,155.93,561.42,5647.26,DEMO / SYNTHETIC DATA
DEMO_G_1721,18.5493884,73.8529465,378945,2051355,DEMO_WARD_03,DEMO Ward 03,31.459,0.4009,0.1572,53.47,26.11,0.2688,4.146,130.94,564.12,7784.89,DEMO / SYNTHETIC DATA
DEMO_G_1722,18.5493901,73.8532307,378975,2051355,DEMO_WARD_03,DEMO Ward 03,34.782,0.4812,-0.0262,32.87,32.06,0.1408,0.838,171.67,564.73,3587.1,DEMO / SYNTHETIC DATA
DEMO_G_1723,18.5493919,73.853515,379005,2051355,DEMO_WARD_03,DEMO Ward 03,32.776,0.4457,0.1431,22.5,37.02,0.1757,4.181,127.66,566.19,5099.93,DEMO / SYNTHETIC DATA
DEMO_G_1724,18.5493936,73.8537992,379035,2051355,DEMO_WARD_03,DEMO Ward 03,33.389,0.1978,0.1116,27.86,38.21,0.185,3.803,300.42,555.75,7130.61,DEMO / SYNTHETIC DATA
DEMO_G_1725,18.5493953,73.8540834,379065,2051355,DEMO_WARD_03,DEMO Ward 03,33.825,0.3956,0.1834,14.33,48.38,0.1583,3.327,381.31,567.89,4837.19,DEMO / SYNTHETIC DATA
DEMO_G_1726,18.549397,73.8543676,379095,2051355,DEMO_WARD_03,DEMO Ward 03,34.182,0.3747,0.1063,29.55,25.24,0.1785,2.788,127.87,559.55,6872.48,DEMO / SYNTHETIC DATA
DEMO_G_1727,18.5493988,73.8546519,379125,2051355,DEMO_WARD_03,DEMO Ward 03,27.788,0.299,-0.2041,17.81,28.45,0.2722,5.787,152.19,559.06,1843.59,DEMO / SYNTHETIC DATA
DEMO_G_1728,18.5494005,73.8549361,379155,2051355,DEMO_WARD_03,DEMO Ward 03,32.82,0.3449,0.1543,33.0,53.75,0.2273,7.377,425.8,561.9,9078.33,DEMO / SYNTHETIC DATA
DEMO_G_1729,18.5494022,73.8552203,379185,2051355,DEMO_WARD_03,DEMO Ward 03,31.534,0.2917,0.0789,34.03,42.65,0.1458,4.571,346.69,562.78,11679.28,DEMO / SYNTHETIC DATA
DEMO_G_1730,18.5494039,73.8555045,379215,2051355,DEMO_WARD_03,DEMO Ward 03,35.801,0.3159,0.2392,33.7,60.36,0.1877,4.971,0.0,564.56,10393.36,DEMO / SYNTHETIC DATA
DEMO_G_1731,18.5494057,73.8557887,379245,2051355,DEMO_WARD_03,DEMO Ward 03,32.185,0.3855,0.066,30.66,37.57,0.1983,5.495,288.47,566.28,7996.64,DEMO / SYNTHETIC DATA
DEMO_G_1732,18.5494074,73.856073,379275,2051355,DEMO_WARD_03,DEMO Ward 03,34.106,0.3283,0.0231,26.63,44.79,0.2345,4.229,548.61,565.95,8295.43,DEMO / SYNTHETIC DATA
DEMO_G_1733,18.5494091,73.8563572,379305,2051355,DEMO_WARD_03,DEMO Ward 03,34.676,0.0598,-0.0676,5.82,50.21,0.1088,4.316,278.26,561.11,8130.93,DEMO / SYNTHETIC DATA
DEMO_G_1734,18.5494108,73.8566414,379335,2051355,DEMO_WARD_03,DEMO Ward 03,36.984,0.291,0.2547,32.88,54.46,0.1624,6.485,287.11,564.02,13169.84,DEMO / SYNTHETIC DATA
DEMO_G_1735,18.5494125,73.8569256,379365,2051355,DEMO_WARD_03,DEMO Ward 03,34.999,0.2351,0.2479,21.62,57.63,0.1745,4.215,347.48,569.22,8210.55,DEMO / SYNTHETIC DATA
DEMO_G_1736,18.5494143,73.8572099,379395,2051355,DEMO_WARD_03,DEMO Ward 03,37.037,0.1703,0.4319,11.34,60.17,0.1475,6.25,548.46,561.65,14643.65,DEMO / SYNTHETIC DATA
DEMO_G_1737,18.549416,73.8574941,379425,2051355,DEMO_WARD_03,DEMO Ward 03,33.695,0.249,0.113,23.09,63.94,0.2175,5.526,467.89,565.86,11315.99,DEMO / SYNTHETIC DATA
DEMO_G_1738,18.5494177,73.8577783,379455,2051355,DEMO_WARD_03,DEMO Ward 03,33.411,0.2994,0.2093,35.94,37.23,0.1928,5.768,230.06,560.49,12862.42,DEMO / SYNTHETIC DATA
DEMO_G_1739,18.5494194,73.8580625,379485,2051355,DEMO_WARD_03,DEMO Ward 03,32.756,0.2825,0.1577,28.73,62.04,0.2177,3.812,605.88,565.93,10168.04,DEMO / SYNTHETIC DATA
DEMO_G_1740,18.5494211,73.8583467,379515,2051355,DEMO_WARD_03,DEMO Ward 03,32.895,0.3041,0.1547,43.92,55.97,0.2442,6.948,352.28,563.9,11976.29,DEMO / SYNTHETIC DATA
DEMO_G_1741,18.5495901,73.8415758,377745,2051385,DEMO_WARD_01,DEMO Ward 01,31.006,0.4574,0.0207,50.44,28.5,0.2035,5.373,166.97,574.32,7429.9,DEMO / SYNTHETIC DATA
DEMO_G_1742,18.5495918,73.8418601,377775,2051385,DEMO_WARD_01,DEMO Ward 01,31.515,0.4065,0.0131,35.2,39.47,0.14,3.582,216.74,562.15,5855.24,DEMO / SYNTHETIC DATA
DEMO_G_1743,18.5495936,73.8421443,377805,2051385,DEMO_WARD_01,DEMO Ward 01,33.428,0.4403,0.0534,36.86,27.26,0.1472,4.479,331.62,573.97,9321.13,DEMO / SYNTHETIC DATA
DEMO_G_1744,18.5495953,73.8424285,377835,2051385,DEMO_WARD_01,DEMO Ward 01,31.775,0.3945,-0.0162,39.74,30.42,0.1674,3.234,258.68,563.33,8168.51,DEMO / SYNTHETIC DATA
DEMO_G_1745,18.5495971,73.8427127,377865,2051385,DEMO_WARD_01,DEMO Ward 01,31.458,0.3843,0.1143,44.87,46.71,0.1673,6.654,335.64,568.82,6694.85,DEMO / SYNTHETIC DATA
DEMO_G_1746,18.5495988,73.8429969,377895,2051385,DEMO_WARD_01,DEMO Ward 01,30.594,0.299,0.0349,15.6,41.86,0.1734,3.566,343.63,560.69,9149.83,DEMO / SYNTHETIC DATA
DEMO_G_1747,18.5496005,73.8432812,377925,2051385,DEMO_WARD_01,DEMO Ward 01,33.636,0.3154,0.1362,26.58,57.72,0.2047,5.551,138.02,557.68,7906.79,DEMO / SYNTHETIC DATA
DEMO_G_1748,18.5496023,73.8435654,377955,2051385,DEMO_WARD_01,DEMO Ward 01,31.664,0.3822,-0.0011,39.85,22.14,0.1391,3.916,228.75,563.85,9064.25,DEMO / SYNTHETIC DATA
DEMO_G_1749,18.549604,73.8438496,377985,2051385,DEMO_WARD_01,DEMO Ward 01,33.336,0.2656,0.1516,29.72,54.54,0.1888,7.455,172.7,568.68,9609.75,DEMO / SYNTHETIC DATA
DEMO_G_1750,18.5496058,73.8441338,378015,2051385,DEMO_WARD_01,DEMO Ward 01,36.417,0.1811,0.229,21.07,72.98,0.2033,3.7,468.02,564.48,15392.96,DEMO / SYNTHETIC DATA
DEMO_G_1751,18.5496075,73.844418,378045,2051385,DEMO_WARD_01,DEMO Ward 01,33.691,0.2441,0.1049,9.44,50.39,0.1821,5.673,343.54,559.72,12472.47,DEMO / SYNTHETIC DATA
DEMO_G_1752,18.5496092,73.8447023,378075,2051385,DEMO_WARD_01,DEMO Ward 01,31.69,0.3762,0.0546,40.61,59.45,0.2277,4.708,342.93,567.21,7179.12,DEMO / SYNTHETIC DATA
DEMO_G_1753,18.549611,73.8449865,378105,2051385,DEMO_WARD_01,DEMO Ward 01,33.811,0.3119,0.2276,34.03,68.69,0.2554,5.98,439.88,569.04,11282.28,DEMO / SYNTHETIC DATA
DEMO_G_1754,18.5496127,73.8452707,378135,2051385,DEMO_WARD_01,DEMO Ward 01,35.357,0.3011,0.076,32.49,51.21,0.1443,7.659,360.36,565.14,11623.56,DEMO / SYNTHETIC DATA
DEMO_G_1755,18.5496145,73.8455549,378165,2051385,DEMO_WARD_01,DEMO Ward 01,33.77,0.212,0.1759,0.56,29.87,0.1915,5.262,224.07,553.5,12056.54,DEMO / SYNTHETIC DATA
DEMO_G_1756,18.5496162,73.8458392,378195,2051385,DEMO_WARD_01,DEMO Ward 01,31.434,0.2821,0.1888,30.98,41.38,0.1834,5.057,392.57,558.74,14669.12,DEMO / SYNTHETIC DATA
DEMO_G_1757,18.5496179,73.8461234,378225,2051385,DEMO_WARD_01,DEMO Ward 01,35.532,0.1997,0.1769,19.34,64.8,0.2413,5.441,392.98,562.72,11724.08,DEMO / SYNTHETIC DATA
DEMO_G_1758,18.5496197,73.8464076,378255,2051385,DEMO_WARD_01,DEMO Ward 01,33.17,0.2888,0.1002,24.78,34.39,0.1599,3.486,327.97,561.06,8584.95,DEMO / SYNTHETIC DATA
DEMO_G_1759,18.5496214,73.8466918,378285,2051385,DEMO_WARD_01,DEMO Ward 01,34.707,0.3967,0.0631,28.5,41.05,0.1985,4.705,263.91,561.61,12042.95,DEMO / SYNTHETIC DATA
DEMO_G_1760,18.5496231,73.846976,378315,2051385,DEMO_WARD_01,DEMO Ward 01,37.425,0.1603,0.1964,3.95,75.99,0.2109,7.433,455.57,556.19,11142.44,DEMO / SYNTHETIC DATA
DEMO_G_1761,18.5496249,73.8472603,378345,2051385,DEMO_WARD_02,DEMO Ward 02,30.543,0.4221,0.0975,22.91,48.34,0.2526,4.317,181.03,567.37,10974.9,DEMO / SYNTHETIC DATA
DEMO_G_1762,18.5496266,73.8475445,378375,2051385,DEMO_WARD_02,DEMO Ward 02,30.4,0.2404,0.047,24.22,47.24,0.2474,4.758,317.57,566.04,9500.94,DEMO / SYNTHETIC DATA
DEMO_G_1763,18.5496283,73.8478287,378405,2051385,DEMO_WARD_02,DEMO Ward 02,31.029,0.2243,0.1566,23.55,56.14,0.1947,5.282,294.74,561.33,12338.7,DEMO / SYNTHETIC DATA
DEMO_G_1764,18.5496301,73.8481129,378435,2051385,DEMO_WARD_02,DEMO Ward 02,32.64,0.3163,0.0356,45.26,43.12,0.1786,3.079,367.31,567.99,7331.39,DEMO / SYNTHETIC DATA
DEMO_G_1765,18.5496318,73.8483972,378465,2051385,DEMO_WARD_02,DEMO Ward 02,34.945,0.3044,0.1496,21.56,28.46,0.1287,4.426,411.47,563.7,15588.36,DEMO / SYNTHETIC DATA
DEMO_G_1766,18.5496336,73.8486814,378495,2051385,DEMO_WARD_02,DEMO Ward 02,33.487,0.2763,0.087,26.71,48.89,0.2729,5.403,222.87,558.36,6644.31,DEMO / SYNTHETIC DATA
DEMO_G_1767,18.5496353,73.8489656,378525,2051385,DEMO_WARD_02,DEMO Ward 02,32.743,0.0909,0.2723,11.77,50.76,0.2508,5.932,122.86,573.26,9224.9,DEMO / SYNTHETIC DATA
DEMO_G_1768,18.549637,73.8492498,378555,2051385,DEMO_WARD_02,DEMO Ward 02,34.754,0.3838,0.2239,35.83,32.21,0.1929,7.223,117.96,573.75,8196.19,DEMO / SYNTHETIC DATA
DEMO_G_1769,18.5496387,73.849534,378585,2051385,DEMO_WARD_02,DEMO Ward 02,29.111,0.375,-0.0612,31.04,40.11,0.2251,4.874,0.0,569.48,8996.5,DEMO / SYNTHETIC DATA
DEMO_G_1770,18.5496405,73.8498183,378615,2051385,DEMO_WARD_02,DEMO Ward 02,32.559,0.3915,0.0961,34.33,35.27,0.2375,4.345,254.42,571.66,8609.38,DEMO / SYNTHETIC DATA
DEMO_G_1771,18.5496422,73.8501025,378645,2051385,DEMO_WARD_02,DEMO Ward 02,33.663,0.4181,-0.0481,28.36,31.91,0.2095,1.482,319.77,562.54,5601.99,DEMO / SYNTHETIC DATA
DEMO_G_1772,18.5496439,73.8503867,378675,2051385,DEMO_WARD_02,DEMO Ward 02,33.492,0.3598,-0.0174,37.95,33.65,0.2121,4.001,147.21,558.79,4182.27,DEMO / SYNTHETIC DATA
DEMO_G_1773,18.5496457,73.8506709,378705,2051385,DEMO_WARD_02,DEMO Ward 02,30.285,0.4527,-0.0572,22.5,28.12,0.2379,3.244,257.86,561.66,7328.52,DEMO / SYNTHETIC DATA
DEMO_G_1774,18.5496474,73.8509552,378735,2051385,DEMO_WARD_02,DEMO Ward 02,27.891,0.4481,-0.0011,31.36,16.35,0.2503,1.909,108.91,561.45,3658.72,DEMO / SYNTHETIC DATA
DEMO_G_1775,18.5496491,73.8512394,378765,2051385,DEMO_WARD_02,DEMO Ward 02,32.007,0.1965,0.017,20.5,44.22,0.206,1.711,265.1,567.97,4715.05,DEMO / SYNTHETIC DATA
DEMO_G_1776,18.5496509,73.8515236,378795,2051385,DEMO_WARD_02,DEMO Ward 02,32.114,0.5001,0.1216,36.85,29.79,0.2241,2.058,206.47,571.76,5993.57,DEMO / SYNTHETIC DATA
DEMO_G_1777,18.5496526,73.8518078,378825,2051385,DEMO_WARD_02,DEMO Ward 02,32.166,0.5108,-0.1004,41.44,24.52,0.185,2.898,123.03,568.89,6787.84,DEMO / SYNTHETIC DATA
DEMO_G_1778,18.5496543,73.852092,378855,2051385,DEMO_WARD_02,DEMO Ward 02,37.514,0.2182,0.0517,9.67,33.14,0.127,2.451,137.54,558.98,6931.32,DEMO / SYNTHETIC DATA
DEMO_G_1779,18.549656,73.8523763,378885,2051385,DEMO_WARD_02,DEMO Ward 02,29.526,0.4047,-0.0232,29.45,29.32,0.1967,2.207,154.42,563.69,4786.34,DEMO / SYNTHETIC DATA
DEMO_G_1780,18.5496578,73.8526605,378915,2051385,DEMO_WARD_02,DEMO Ward 02,29.39,0.3616,0.1299,47.08,49.8,0.2625,3.535,326.82,568.04,6904.87,DEMO / SYNTHETIC DATA
DEMO_G_1781,18.5496595,73.8529447,378945,2051385,DEMO_WARD_03,DEMO Ward 03,33.912,0.4028,0.0209,37.01,27.9,0.1761,3.796,207.18,564.49,4518.61,DEMO / SYNTHETIC DATA
DEMO_G_1782,18.5496612,73.8532289,378975,2051385,DEMO_WARD_03,DEMO Ward 03,30.6,0.3261,-0.0624,30.66,45.02,0.1712,4.608,333.59,563.79,6380.84,DEMO / SYNTHETIC DATA
DEMO_G_1783,18.549663,73.8535132,379005,2051385,DEMO_WARD_03,DEMO Ward 03,28.593,0.5433,0.0201,44.14,41.26,0.2086,3.157,75.17,566.22,4794.66,DEMO / SYNTHETIC DATA
DEMO_G_1784,18.5496647,73.8537974,379035,2051385,DEMO_WARD_03,DEMO Ward 03,30.278,0.4778,0.0323,49.42,31.75,0.2325,3.742,190.84,566.6,4738.62,DEMO / SYNTHETIC DATA
DEMO_G_1785,18.5496664,73.8540816,379065,2051385,DEMO_WARD_03,DEMO Ward 03,26.756,0.6107,-0.2176,48.14,24.71,0.2158,1.396,225.07,570.95,2986.49,DEMO / SYNTHETIC DATA
DEMO_G_1786,18.5496681,73.8543658,379095,2051385,DEMO_WARD_03,DEMO Ward 03,32.513,0.4405,0.1538,35.33,46.72,0.1233,4.116,343.18,564.19,9089.25,DEMO / SYNTHETIC DATA
DEMO_G_1787,18.5496699,73.85465,379125,2051385,DEMO_WARD_03,DEMO Ward 03,31.47,0.4818,0.0247,34.63,46.26,0.1703,4.428,181.47,566.36,4866.95,DEMO / SYNTHETIC DATA
DEMO_G_1788,18.5496716,73.8549343,379155,2051385,DEMO_WARD_03,DEMO Ward 03,32.584,0.3138,0.1487,32.17,64.75,0.1737,6.664,225.48,574.5,8258.25,DEMO / SYNTHETIC DATA
DEMO_G_1789,18.5496733,73.8552185,379185,2051385,DEMO_WARD_03,DEMO Ward 03,35.173,0.2516,0.2136,20.14,41.85,0.2125,4.294,211.69,560.11,10000.06,DEMO / SYNTHETIC DATA
DEMO_G_1790,18.549675,73.8555027,379215,2051385,DEMO_WARD_03,DEMO Ward 03,35.429,0.2686,0.1991,31.89,39.89,0.2007,7.308,330.99,564.15,9724.27,DEMO / SYNTHETIC DATA
DEMO_G_1791,18.5496767,73.8557869,379245,2051385,DEMO_WARD_03,DEMO Ward 03,33.316,0.3086,0.0199,40.28,66.2,0.2201,3.374,210.71,567.11,11009.4,DEMO / SYNTHETIC DATA
DEMO_G_1792,18.5496785,73.8560712,379275,2051385,DEMO_WARD_03,DEMO Ward 03,28.866,0.5018,-0.2061,62.47,28.71,0.2443,1.024,331.59,565.75,970.26,DEMO / SYNTHETIC DATA
DEMO_G_1793,18.5496802,73.8563554,379305,2051385,DEMO_WARD_03,DEMO Ward 03,32.292,0.3894,0.0184,34.29,40.09,0.1527,2.371,103.49,564.36,8098.69,DEMO / SYNTHETIC DATA
DEMO_G_1794,18.5496819,73.8566396,379335,2051385,DEMO_WARD_03,DEMO Ward 03,33.125,0.1903,0.2557,10.25,46.99,0.2035,5.414,362.02,561.32,11260.2,DEMO / SYNTHETIC DATA
DEMO_G_1795,18.5496836,73.8569238,379365,2051385,DEMO_WARD_03,DEMO Ward 03,38.748,0.1536,0.1549,9.22,70.95,0.1508,5.574,320.86,565.41,7489.9,DEMO / SYNTHETIC DATA
DEMO_G_1796,18.5496854,73.8572081,379395,2051385,DEMO_WARD_03,DEMO Ward 03,35.679,0.1501,0.0856,22.96,58.38,0.1917,7.073,296.84,560.0,12911.63,DEMO / SYNTHETIC DATA
DEMO_G_1797,18.5496871,73.8574923,379425,2051385,DEMO_WARD_03,DEMO Ward 03,32.931,0.3334,0.3616,26.8,64.69,0.1474,6.186,246.03,563.11,14007.56,DEMO / SYNTHETIC DATA
DEMO_G_1798,18.5496888,73.8577765,379455,2051385,DEMO_WARD_03,DEMO Ward 03,31.512,0.2952,0.1251,52.17,54.14,0.2314,4.097,351.47,564.83,10797.82,DEMO / SYNTHETIC DATA
DEMO_G_1799,18.5496905,73.8580607,379485,2051385,DEMO_WARD_03,DEMO Ward 03,38.521,0.1012,0.3931,15.07,78.5,0.1352,7.603,532.05,560.85,14753.98,DEMO / SYNTHETIC DATA
DEMO_G_1800,18.5496922,73.8583449,379515,2051385,DEMO_WARD_03,DEMO Ward 03,34.66,0.1746,0.3719,18.55,71.76,0.2011,7.499,394.4,565.92,15690.87,DEMO / SYNTHETIC DATA
DEMO_G_1801,18.5498612,73.841574,377745,2051415,DEMO_WARD_04,DEMO Ward 04,30.073,0.283,-0.0524,23.21,21.14,0.1488,2.734,210.28,563.4,8827.51,DEMO / SYNTHETIC DATA
DEMO_G_1802,18.5498629,73.8418582,377775,2051415,DEMO_WARD_04,DEMO Ward 04,31.26,0.3346,-0.0551,30.96,36.2,0.1926,2.97,170.25,565.13,9431.73,DEMO / SYNTHETIC DATA
DEMO_G_1803,18.5498647,73.8421424,377805,2051415,DEMO_WARD_04,DEMO Ward 04,32.424,0.3342,0.1084,18.2,42.39,0.2146,4.023,245.84,556.11,7534.48,DEMO / SYNTHETIC DATA
DEMO_G_1804,18.5498664,73.8424267,377835,2051415,DEMO_WARD_04,DEMO Ward 04,38.409,0.1357,0.0854,14.83,71.15,0.1693,4.305,462.0,560.07,12972.63,DEMO / SYNTHETIC DATA
DEMO_G_1805,18.5498681,73.8427109,377865,2051415,DEMO_WARD_04,DEMO Ward 04,31.403,0.4723,0.0531,44.98,32.55,0.1853,5.44,150.87,559.47,5301.2,DEMO / SYNTHETIC DATA
DEMO_G_1806,18.5498699,73.8429951,377895,2051415,DEMO_WARD_04,DEMO Ward 04,34.094,0.2919,0.094,17.7,50.14,0.2781,4.957,205.95,560.9,8192.02,DEMO / SYNTHETIC DATA
DEMO_G_1807,18.5498716,73.8432793,377925,2051415,DEMO_WARD_04,DEMO Ward 04,31.62,0.2854,-0.014,23.25,28.45,0.1598,3.47,149.73,562.65,3268.3,DEMO / SYNTHETIC DATA
DEMO_G_1808,18.5498734,73.8435636,377955,2051415,DEMO_WARD_04,DEMO Ward 04,30.441,0.333,-0.1167,36.55,26.29,0.2012,5.739,162.3,574.2,7383.94,DEMO / SYNTHETIC DATA
DEMO_G_1809,18.5498751,73.8438478,377985,2051415,DEMO_WARD_04,DEMO Ward 04,33.458,0.3405,0.1597,25.88,45.38,0.2292,4.563,311.85,561.07,7483.48,DEMO / SYNTHETIC DATA
DEMO_G_1810,18.5498769,73.844132,378015,2051415,DEMO_WARD_04,DEMO Ward 04,34.718,0.2133,0.1594,13.44,62.38,0.227,5.069,407.51,564.45,11282.04,DEMO / SYNTHETIC DATA
DEMO_G_1811,18.5498786,73.8444162,378045,2051415,DEMO_WARD_04,DEMO Ward 04,33.303,0.3467,0.1773,26.97,40.0,0.2041,4.318,129.63,572.55,6050.91,DEMO / SYNTHETIC DATA
DEMO_G_1812,18.5498803,73.8447004,378075,2051415,DEMO_WARD_04,DEMO Ward 04,36.748,0.2923,0.1345,20.37,70.48,0.1679,6.372,163.89,566.82,10996.04,DEMO / SYNTHETIC DATA
DEMO_G_1813,18.5498821,73.8449847,378105,2051415,DEMO_WARD_04,DEMO Ward 04,32.336,0.2039,0.1339,12.54,56.55,0.2185,6.587,289.4,561.64,12145.17,DEMO / SYNTHETIC DATA
DEMO_G_1814,18.5498838,73.8452689,378135,2051415,DEMO_WARD_04,DEMO Ward 04,33.14,0.2646,0.0594,24.8,60.61,0.2077,3.205,255.37,562.21,14214.38,DEMO / SYNTHETIC DATA
DEMO_G_1815,18.5498855,73.8455531,378165,2051415,DEMO_WARD_04,DEMO Ward 04,35.455,0.3134,0.253,27.74,60.7,0.2804,7.351,331.05,562.73,12684.57,DEMO / SYNTHETIC DATA
DEMO_G_1816,18.5498873,73.8458373,378195,2051415,DEMO_WARD_04,DEMO Ward 04,33.356,0.3161,0.2128,19.91,55.98,0.1763,4.505,372.76,565.77,17438.23,DEMO / SYNTHETIC DATA
DEMO_G_1817,18.549889,73.8461216,378225,2051415,DEMO_WARD_04,DEMO Ward 04,36.68,0.155,0.3046,23.05,55.01,0.2538,7.008,496.04,558.2,10198.81,DEMO / SYNTHETIC DATA
DEMO_G_1818,18.5498908,73.8464058,378255,2051415,DEMO_WARD_04,DEMO Ward 04,37.013,0.08,0.1841,8.69,60.93,0.1608,6.031,537.45,565.12,15310.97,DEMO / SYNTHETIC DATA
DEMO_G_1819,18.5498925,73.84669,378285,2051415,DEMO_WARD_04,DEMO Ward 04,34.665,0.2195,0.157,30.17,44.62,0.1762,5.79,420.72,562.7,6039.15,DEMO / SYNTHETIC DATA
DEMO_G_1820,18.5498942,73.8469742,378315,2051415,DEMO_WARD_04,DEMO Ward 04,30.937,0.4169,0.1344,46.59,31.46,0.2603,5.202,255.97,562.69,6143.3,DEMO / SYNTHETIC DATA
DEMO_G_1821,18.549896,73.8472584,378345,2051415,DEMO_WARD_05,DEMO Ward 05,35.131,0.3032,0.395,32.0,57.4,0.1594,3.384,321.33,559.37,8958.22,DEMO / SYNTHETIC DATA
DEMO_G_1822,18.5498977,73.8475427,378375,2051415,DEMO_WARD_05,DEMO Ward 05,29.264,0.3843,-0.0424,40.69,41.65,0.1987,4.09,75.94,564.16,7884.27,DEMO / SYNTHETIC DATA
DEMO_G_1823,18.5498994,73.8478269,378405,2051415,DEMO_WARD_05,DEMO Ward 05,36.494,0.1973,0.1925,23.04,66.23,0.1058,4.599,437.83,564.37,10664.36,DEMO / SYNTHETIC DATA
DEMO_G_1824,18.5499012,73.8481111,378435,2051415,DEMO_WARD_05,DEMO Ward 05,34.131,0.2679,0.0531,33.6,57.15,0.2416,2.755,191.6,569.91,11620.61,DEMO / SYNTHETIC DATA
DEMO_G_1825,18.5499029,73.8483953,378465,2051415,DEMO_WARD_05,DEMO Ward 05,31.348,0.2712,-0.0713,36.02,38.12,0.1671,3.748,306.71,564.76,7385.72,DEMO / SYNTHETIC DATA
DEMO_G_1826,18.5499046,73.8486796,378495,2051415,DEMO_WARD_05,DEMO Ward 05,32.01,0.4086,-0.0102,34.2,46.68,0.1779,5.829,175.72,568.62,9143.44,DEMO / SYNTHETIC DATA
DEMO_G_1827,18.5499064,73.8489638,378525,2051415,DEMO_WARD_05,DEMO Ward 05,30.655,0.4637,-0.1757,29.41,26.94,0.2175,2.373,249.35,566.81,5106.51,DEMO / SYNTHETIC DATA
DEMO_G_1828,18.5499081,73.849248,378555,2051415,DEMO_WARD_05,DEMO Ward 05,29.214,0.3443,-0.0484,37.61,27.03,0.2265,3.161,287.37,556.76,3242.09,DEMO / SYNTHETIC DATA
DEMO_G_1829,18.5499098,73.8495322,378585,2051415,DEMO_WARD_05,DEMO Ward 05,32.571,0.2127,0.0156,12.24,34.46,0.2722,3.735,316.66,563.29,10303.32,DEMO / SYNTHETIC DATA
DEMO_G_1830,18.5499116,73.8498164,378615,2051415,DEMO_WARD_05,DEMO Ward 05,31.237,0.5333,0.0083,57.08,14.2,0.1997,2.383,192.78,563.14,8680.63,DEMO / SYNTHETIC DATA
DEMO_G_1831,18.5499133,73.8501007,378645,2051415,DEMO_WARD_05,DEMO Ward 05,31.433,0.3782,-0.0028,28.5,55.63,0.2295,3.915,239.1,563.88,9819.39,DEMO / SYNTHETIC DATA
DEMO_G_1832,18.549915,73.8503849,378675,2051415,DEMO_WARD_05,DEMO Ward 05,27.528,0.566,-0.2382,54.73,32.25,0.1825,3.198,218.02,564.2,714.24,DEMO / SYNTHETIC DATA
DEMO_G_1833,18.5499168,73.8506691,378705,2051415,DEMO_WARD_05,DEMO Ward 05,33.362,0.3744,-0.12,32.71,40.14,0.2035,5.666,129.87,566.41,10172.16,DEMO / SYNTHETIC DATA
DEMO_G_1834,18.5499185,73.8509533,378735,2051415,DEMO_WARD_05,DEMO Ward 05,33.143,0.3921,0.0805,38.52,39.19,0.2496,3.695,10.65,567.38,9768.1,DEMO / SYNTHETIC DATA
DEMO_G_1835,18.5499202,73.8512376,378765,2051415,DEMO_WARD_05,DEMO Ward 05,32.198,0.4938,-0.0271,45.19,26.95,0.1692,3.895,121.62,561.93,3250.54,DEMO / SYNTHETIC DATA
DEMO_G_1836,18.5499219,73.8515218,378795,2051415,DEMO_WARD_05,DEMO Ward 05,30.1,0.4284,-0.0179,27.22,30.54,0.2774,2.458,165.93,569.34,3871.43,DEMO / SYNTHETIC DATA
DEMO_G_1837,18.5499237,73.851806,378825,2051415,DEMO_WARD_05,DEMO Ward 05,30.782,0.5111,-0.064,38.58,11.31,0.2152,3.042,161.76,567.83,6708.53,DEMO / SYNTHETIC DATA
DEMO_G_1838,18.5499254,73.8520902,378855,2051415,DEMO_WARD_05,DEMO Ward 05,34.638,0.3011,0.1101,32.19,37.28,0.1426,4.789,197.69,565.51,7976.12,DEMO / SYNTHETIC DATA
DEMO_G_1839,18.5499271,73.8523745,378885,2051415,DEMO_WARD_05,DEMO Ward 05,31.823,0.4192,0.0295,36.64,44.79,0.2033,2.994,385.65,569.61,5185.1,DEMO / SYNTHETIC DATA
DEMO_G_1840,18.5499289,73.8526587,378915,2051415,DEMO_WARD_05,DEMO Ward 05,31.796,0.5117,-0.0402,34.53,23.11,0.233,4.909,6.92,561.64,4556.33,DEMO / SYNTHETIC DATA
DEMO_G_1841,18.5499306,73.8529429,378945,2051415,DEMO_WARD_06,DEMO Ward 06,34.943,0.2039,0.1432,31.14,62.09,0.1238,4.256,194.76,564.78,5212.6,DEMO / SYNTHETIC DATA
DEMO_G_1842,18.5499323,73.8532271,378975,2051415,DEMO_WARD_06,DEMO Ward 06,33.24,0.3869,0.0838,31.41,54.86,0.2464,5.694,241.29,556.51,12303.56,DEMO / SYNTHETIC DATA
DEMO_G_1843,18.549934,73.8535113,379005,2051415,DEMO_WARD_06,DEMO Ward 06,31.437,0.3806,-0.0616,32.96,18.45,0.1748,2.392,148.7,562.82,2436.68,DEMO / SYNTHETIC DATA
DEMO_G_1844,18.5499358,73.8537956,379035,2051415,DEMO_WARD_06,DEMO Ward 06,30.172,0.3977,-0.1401,25.7,12.93,0.2097,1.731,157.41,562.07,4693.28,DEMO / SYNTHETIC DATA
DEMO_G_1845,18.5499375,73.8540798,379065,2051415,DEMO_WARD_06,DEMO Ward 06,31.184,0.4236,0.0636,43.81,42.92,0.2281,3.498,233.1,563.49,12093.3,DEMO / SYNTHETIC DATA
DEMO_G_1846,18.5499392,73.854364,379095,2051415,DEMO_WARD_06,DEMO Ward 06,33.054,0.4559,0.0254,35.26,55.2,0.1667,4.108,166.81,574.96,12323.91,DEMO / SYNTHETIC DATA
DEMO_G_1847,18.5499409,73.8546482,379125,2051415,DEMO_WARD_06,DEMO Ward 06,29.761,0.2416,0.1376,19.84,19.9,0.289,4.031,198.11,564.53,4418.58,DEMO / SYNTHETIC DATA
DEMO_G_1848,18.5499427,73.8549325,379155,2051415,DEMO_WARD_06,DEMO Ward 06,33.873,0.3469,0.192,47.97,41.22,0.1907,5.301,360.42,562.49,8499.51,DEMO / SYNTHETIC DATA
DEMO_G_1849,18.5499444,73.8552167,379185,2051415,DEMO_WARD_06,DEMO Ward 06,34.509,0.3049,-0.0108,39.12,28.38,0.1883,3.074,57.79,564.47,8637.96,DEMO / SYNTHETIC DATA
DEMO_G_1850,18.5499461,73.8555009,379215,2051415,DEMO_WARD_06,DEMO Ward 06,31.451,0.2718,0.0522,19.2,67.51,0.2226,2.891,161.87,560.16,12494.93,DEMO / SYNTHETIC DATA
DEMO_G_1851,18.5499478,73.8557851,379245,2051415,DEMO_WARD_06,DEMO Ward 06,34.926,0.2222,0.2148,24.52,57.98,0.2179,3.795,440.47,561.72,11190.56,DEMO / SYNTHETIC DATA
DEMO_G_1852,18.5499496,73.8560694,379275,2051415,DEMO_WARD_06,DEMO Ward 06,34.82,0.2447,0.3545,28.44,41.49,0.2217,7.431,366.99,558.84,16368.6,DEMO / SYNTHETIC DATA
DEMO_G_1853,18.5499513,73.8563536,379305,2051415,DEMO_WARD_06,DEMO Ward 06,30.716,0.4597,0.0214,32.14,37.49,0.189,4.915,15.05,566.97,5944.6,DEMO / SYNTHETIC DATA
DEMO_G_1854,18.549953,73.8566378,379335,2051415,DEMO_WARD_06,DEMO Ward 06,29.814,0.3003,-0.127,33.66,35.09,0.2025,3.608,385.98,573.93,11598.03,DEMO / SYNTHETIC DATA
DEMO_G_1855,18.5499547,73.856922,379365,2051415,DEMO_WARD_06,DEMO Ward 06,34.705,0.2893,0.2475,23.89,38.01,0.1642,5.121,342.88,564.74,7312.66,DEMO / SYNTHETIC DATA
DEMO_G_1856,18.5499564,73.8572062,379395,2051415,DEMO_WARD_06,DEMO Ward 06,32.107,0.3001,0.1131,27.54,43.31,0.2467,4.812,146.86,564.3,9319.51,DEMO / SYNTHETIC DATA
DEMO_G_1857,18.5499582,73.8574905,379425,2051415,DEMO_WARD_06,DEMO Ward 06,31.421,0.4023,0.0909,47.88,39.92,0.1868,3.377,193.94,563.35,9901.1,DEMO / SYNTHETIC DATA
DEMO_G_1858,18.5499599,73.8577747,379455,2051415,DEMO_WARD_06,DEMO Ward 06,33.894,0.1507,0.3631,8.94,54.74,0.2271,5.916,476.77,572.16,13027.49,DEMO / SYNTHETIC DATA
DEMO_G_1859,18.5499616,73.8580589,379485,2051415,DEMO_WARD_06,DEMO Ward 06,35.945,0.1787,0.2479,19.34,64.25,0.1293,7.631,416.5,566.25,16588.41,DEMO / SYNTHETIC DATA
DEMO_G_1860,18.5499633,73.8583431,379515,2051415,DEMO_WARD_06,DEMO Ward 06,33.636,0.0704,0.211,7.59,46.63,0.1164,6.42,415.57,560.73,15321.09,DEMO / SYNTHETIC DATA
DEMO_G_1861,18.5501323,73.8415722,377745,2051445,DEMO_WARD_04,DEMO Ward 04,37.136,0.2009,0.1812,7.98,43.12,0.2121,6.756,347.48,566.58,7787.44,DEMO / SYNTHETIC DATA
DEMO_G_1862,18.550134,73.8418564,377775,2051445,DEMO_WARD_04,DEMO Ward 04,32.476,0.3311,0.029,34.26,30.26,0.225,1.46,118.55,569.91,8446.53,DEMO / SYNTHETIC DATA
DEMO_G_1863,18.5501358,73.8421406,377805,2051445,DEMO_WARD_04,DEMO Ward 04,33.794,0.3192,-0.138,24.64,40.35,0.1358,2.942,246.88,559.62,9456.9,DEMO / SYNTHETIC DATA
DEMO_G_1864,18.5501375,73.8424248,377835,2051445,DEMO_WARD_04,DEMO Ward 04,34.062,0.3834,0.0931,24.71,45.69,0.2064,3.862,192.81,568.15,1688.91,DEMO / SYNTHETIC DATA
DEMO_G_1865,18.5501392,73.8427091,377865,2051445,DEMO_WARD_04,DEMO Ward 04,36.196,0.2466,0.2174,19.59,63.02,0.1817,6.711,307.05,565.75,15148.38,DEMO / SYNTHETIC DATA
DEMO_G_1866,18.550141,73.8429933,377895,2051445,DEMO_WARD_04,DEMO Ward 04,30.707,0.3489,0.0488,35.55,56.85,0.1843,5.014,526.16,558.81,11169.26,DEMO / SYNTHETIC DATA
DEMO_G_1867,18.5501427,73.8432775,377925,2051445,DEMO_WARD_04,DEMO Ward 04,31.111,0.3548,0.1736,24.08,69.03,0.3004,5.794,304.18,560.15,7177.49,DEMO / SYNTHETIC DATA
DEMO_G_1868,18.5501445,73.8435617,377955,2051445,DEMO_WARD_04,DEMO Ward 04,31.7,0.4981,0.2162,46.74,60.05,0.2373,4.958,465.37,559.97,10515.01,DEMO / SYNTHETIC DATA
DEMO_G_1869,18.5501462,73.843846,377985,2051445,DEMO_WARD_04,DEMO Ward 04,35.61,0.201,0.3475,27.78,56.66,0.2579,5.857,457.33,561.53,10448.6,DEMO / SYNTHETIC DATA
DEMO_G_1870,18.5501479,73.8441302,378015,2051445,DEMO_WARD_04,DEMO Ward 04,32.76,0.2688,0.1745,24.12,58.36,0.2486,4.634,282.82,564.19,17495.52,DEMO / SYNTHETIC DATA
DEMO_G_1871,18.5501497,73.8444144,378045,2051445,DEMO_WARD_04,DEMO Ward 04,34.755,0.3224,0.1447,33.38,56.61,0.227,6.901,493.07,568.38,7646.29,DEMO / SYNTHETIC DATA
DEMO_G_1872,18.5501514,73.8446986,378075,2051445,DEMO_WARD_04,DEMO Ward 04,33.077,0.2679,0.0576,31.62,51.92,0.1943,2.921,179.33,564.48,7534.16,DEMO / SYNTHETIC DATA
DEMO_G_1873,18.5501532,73.8449828,378105,2051445,DEMO_WARD_04,DEMO Ward 04,29.753,0.3147,0.073,41.03,47.57,0.1668,4.827,341.19,571.27,6180.67,DEMO / SYNTHETIC DATA
DEMO_G_1874,18.5501549,73.8452671,378135,2051445,DEMO_WARD_04,DEMO Ward 04,31.27,0.337,0.0881,15.79,53.17,0.2238,5.733,190.13,567.18,16649.07,DEMO / SYNTHETIC DATA
DEMO_G_1875,18.5501566,73.8455513,378165,2051445,DEMO_WARD_04,DEMO Ward 04,31.355,0.4375,0.145,44.48,45.95,0.1747,4.454,227.0,564.79,10467.86,DEMO / SYNTHETIC DATA
DEMO_G_1876,18.5501584,73.8458355,378195,2051445,DEMO_WARD_04,DEMO Ward 04,30.595,0.3212,-0.0531,26.16,41.16,0.1727,2.778,304.7,566.27,6258.49,DEMO / SYNTHETIC DATA
DEMO_G_1877,18.5501601,73.8461197,378225,2051445,DEMO_WARD_04,DEMO Ward 04,32.474,0.478,0.1363,47.54,46.86,0.2168,2.563,386.72,571.77,10183.5,DEMO / SYNTHETIC DATA
DEMO_G_1878,18.5501618,73.846404,378255,2051445,DEMO_WARD_04,DEMO Ward 04,36.018,0.249,0.1533,26.72,66.17,0.1116,5.323,395.21,564.87,7769.61,DEMO / SYNTHETIC DATA
DEMO_G_1879,18.5501636,73.8466882,378285,2051445,DEMO_WARD_04,DEMO Ward 04,34.598,0.3737,0.0578,36.28,60.87,0.1377,4.972,426.35,558.42,12547.85,DEMO / SYNTHETIC DATA
DEMO_G_1880,18.5501653,73.8469724,378315,2051445,DEMO_WARD_04,DEMO Ward 04,32.892,0.342,0.2525,31.33,60.39,0.1887,3.615,377.44,559.88,11828.55,DEMO / SYNTHETIC DATA
DEMO_G_1881,18.5501671,73.8472566,378345,2051445,DEMO_WARD_05,DEMO Ward 05,29.837,0.4022,0.1126,50.21,37.2,0.2252,3.821,351.67,568.99,11776.84,DEMO / SYNTHETIC DATA
DEMO_G_1882,18.5501688,73.8475408,378375,2051445,DEMO_WARD_05,DEMO Ward 05,31.999,0.0826,0.0943,0.0,73.35,0.1502,4.283,148.22,569.07,9946.29,DEMO / SYNTHETIC DATA
DEMO_G_1883,18.5501705,73.8478251,378405,2051445,DEMO_WARD_05,DEMO Ward 05,34.385,0.2205,0.1993,28.89,56.89,0.2204,7.398,327.48,568.13,12105.23,DEMO / SYNTHETIC DATA
DEMO_G_1884,18.5501723,73.8481093,378435,2051445,DEMO_WARD_05,DEMO Ward 05,34.855,0.3212,0.1785,29.17,42.7,0.1788,6.067,194.58,563.03,6528.37,DEMO / SYNTHETIC DATA
DEMO_G_1885,18.550174,73.8483935,378465,2051445,DEMO_WARD_05,DEMO Ward 05,30.341,0.2539,-0.0864,45.43,31.34,0.1854,3.421,252.41,564.23,9991.04,DEMO / SYNTHETIC DATA
DEMO_G_1886,18.5501757,73.8486777,378495,2051445,DEMO_WARD_05,DEMO Ward 05,30.38,0.3641,0.025,28.82,52.68,0.2417,3.239,285.79,568.59,11473.81,DEMO / SYNTHETIC DATA
DEMO_G_1887,18.5501775,73.848962,378525,2051445,DEMO_WARD_05,DEMO Ward 05,31.935,0.3789,0.0151,42.59,46.46,0.2093,4.935,267.69,566.28,8396.81,DEMO / SYNTHETIC DATA
DEMO_G_1888,18.5501792,73.8492462,378555,2051445,DEMO_WARD_05,DEMO Ward 05,32.277,0.3191,0.1221,25.21,45.83,0.2319,6.094,338.36,558.98,5044.18,DEMO / SYNTHETIC DATA
DEMO_G_1889,18.5501809,73.8495304,378585,2051445,DEMO_WARD_05,DEMO Ward 05,32.95,0.3233,0.0782,31.87,45.81,0.209,4.96,125.89,569.53,7423.08,DEMO / SYNTHETIC DATA
DEMO_G_1890,18.5501827,73.8498146,378615,2051445,DEMO_WARD_05,DEMO Ward 05,34.345,0.2449,0.1714,11.65,33.0,0.2105,2.615,430.36,565.24,12219.73,DEMO / SYNTHETIC DATA
DEMO_G_1891,18.5501844,73.8500989,378645,2051445,DEMO_WARD_05,DEMO Ward 05,32.176,0.4369,-0.0581,29.4,16.81,0.2334,2.188,258.86,564.0,2420.61,DEMO / SYNTHETIC DATA
DEMO_G_1892,18.5501861,73.8503831,378675,2051445,DEMO_WARD_05,DEMO Ward 05,30.948,0.3817,-0.0851,39.26,28.73,0.1931,4.649,295.05,566.63,4083.39,DEMO / SYNTHETIC DATA
DEMO_G_1893,18.5501878,73.8506673,378705,2051445,DEMO_WARD_05,DEMO Ward 05,33.341,0.3097,-0.1558,9.96,33.36,0.1743,2.668,15.32,566.77,6773.79,DEMO / SYNTHETIC DATA
DEMO_G_1894,18.5501896,73.8509515,378735,2051445,DEMO_WARD_05,DEMO Ward 05,31.57,0.4106,-0.0006,39.69,34.94,0.283,3.39,157.1,566.29,6691.53,DEMO / SYNTHETIC DATA
DEMO_G_1895,18.5501913,73.8512357,378765,2051445,DEMO_WARD_05,DEMO Ward 05,32.703,0.3774,0.1082,33.28,21.41,0.2092,3.086,38.86,565.92,7591.33,DEMO / SYNTHETIC DATA
DEMO_G_1896,18.550193,73.85152,378795,2051445,DEMO_WARD_05,DEMO Ward 05,29.964,0.5518,-0.2243,40.32,35.44,0.1405,3.038,138.02,571.19,5979.79,DEMO / SYNTHETIC DATA
DEMO_G_1897,18.5501948,73.8518042,378825,2051445,DEMO_WARD_05,DEMO Ward 05,30.305,0.4924,-0.1208,37.34,13.88,0.2312,2.492,74.92,557.61,1997.39,DEMO / SYNTHETIC DATA
DEMO_G_1898,18.5501965,73.8520884,378855,2051445,DEMO_WARD_05,DEMO Ward 05,31.771,0.4185,-0.0831,25.63,35.84,0.2427,3.486,284.97,563.32,2341.5,DEMO / SYNTHETIC DATA
DEMO_G_1899,18.5501982,73.8523726,378885,2051445,DEMO_WARD_05,DEMO Ward 05,29.642,0.3488,0.0042,32.26,25.22,0.22,1.803,40.62,565.9,7801.49,DEMO / SYNTHETIC DATA
DEMO_G_1900,18.5502,73.8526569,378915,2051445,DEMO_WARD_05,DEMO Ward 05,30.128,0.3698,-0.1077,36.09,49.98,0.175,6.05,235.88,571.44,5725.4,DEMO / SYNTHETIC DATA
DEMO_G_1901,18.5502017,73.8529411,378945,2051445,DEMO_WARD_06,DEMO Ward 06,30.947,0.4185,-0.021,41.43,45.62,0.221,3.683,131.7,563.78,8749.93,DEMO / SYNTHETIC DATA
DEMO_G_1902,18.5502034,73.8532253,378975,2051445,DEMO_WARD_06,DEMO Ward 06,32.396,0.5259,-0.1907,23.61,38.07,0.1407,0.206,104.08,567.67,7455.21,DEMO / SYNTHETIC DATA
DEMO_G_1903,18.5502051,73.8535095,379005,2051445,DEMO_WARD_06,DEMO Ward 06,33.119,0.3561,0.105,30.03,46.05,0.1721,5.862,304.37,557.26,12444.43,DEMO / SYNTHETIC DATA
DEMO_G_1904,18.5502069,73.8537938,379035,2051445,DEMO_WARD_06,DEMO Ward 06,28.189,0.4567,0.0036,43.53,26.74,0.2652,3.056,268.77,571.31,10069.58,DEMO / SYNTHETIC DATA
DEMO_G_1905,18.5502086,73.854078,379065,2051445,DEMO_WARD_06,DEMO Ward 06,32.083,0.3356,0.021,30.47,40.94,0.1718,4.406,255.72,562.1,7013.48,DEMO / SYNTHETIC DATA
DEMO_G_1906,18.5502103,73.8543622,379095,2051445,DEMO_WARD_06,DEMO Ward 06,31.556,0.4402,-0.0568,53.42,26.95,0.149,4.069,386.18,570.01,10162.4,DEMO / SYNTHETIC DATA
DEMO_G_1907,18.550212,73.8546464,379125,2051445,DEMO_WARD_06,DEMO Ward 06,30.37,0.3302,-0.1526,30.49,46.01,0.2377,4.535,204.54,563.01,6887.61,DEMO / SYNTHETIC DATA
DEMO_G_1908,18.5502138,73.8549307,379155,2051445,DEMO_WARD_06,DEMO Ward 06,33.539,0.4527,0.0928,36.92,41.58,0.1791,1.834,348.94,564.59,13366.83,DEMO / SYNTHETIC DATA
DEMO_G_1909,18.5502155,73.8552149,379185,2051445,DEMO_WARD_06,DEMO Ward 06,33.779,0.3146,0.1497,40.37,75.14,0.217,6.214,442.91,557.85,10886.68,DEMO / SYNTHETIC DATA
DEMO_G_1910,18.5502172,73.8554991,379215,2051445,DEMO_WARD_06,DEMO Ward 06,30.637,0.3596,0.1317,27.76,39.05,0.1875,2.281,375.39,559.66,10760.19,DEMO / SYNTHETIC DATA
DEMO_G_1911,18.5502189,73.8557833,379245,2051445,DEMO_WARD_06,DEMO Ward 06,31.43,0.2441,-0.1222,23.85,43.2,0.2125,4.277,177.48,557.3,5944.27,DEMO / SYNTHETIC DATA
DEMO_G_1912,18.5502206,73.8560675,379275,2051445,DEMO_WARD_06,DEMO Ward 06,30.672,0.3344,0.0902,30.54,39.44,0.2005,3.35,199.9,561.87,2876.44,DEMO / SYNTHETIC DATA
DEMO_G_1913,18.5502224,73.8563518,379305,2051445,DEMO_WARD_06,DEMO Ward 06,35.385,0.363,0.2409,22.72,51.39,0.1737,6.075,433.26,564.95,7518.95,DEMO / SYNTHETIC DATA
DEMO_G_1914,18.5502241,73.856636,379335,2051445,DEMO_WARD_06,DEMO Ward 06,32.217,0.2876,0.1431,39.6,36.22,0.1831,4.48,278.15,562.16,8957.38,DEMO / SYNTHETIC DATA
DEMO_G_1915,18.5502258,73.8569202,379365,2051445,DEMO_WARD_06,DEMO Ward 06,28.906,0.4735,-0.0237,40.62,36.96,0.2218,2.86,448.07,559.75,12044.81,DEMO / SYNTHETIC DATA
DEMO_G_1916,18.5502275,73.8572044,379395,2051445,DEMO_WARD_06,DEMO Ward 06,32.032,0.2052,0.0783,16.85,47.98,0.226,5.978,140.7,564.67,10136.2,DEMO / SYNTHETIC DATA
DEMO_G_1917,18.5502293,73.8574887,379425,2051445,DEMO_WARD_06,DEMO Ward 06,35.791,0.2431,0.2817,18.01,55.78,0.2062,3.944,260.82,560.26,7931.67,DEMO / SYNTHETIC DATA
DEMO_G_1918,18.550231,73.8577729,379455,2051445,DEMO_WARD_06,DEMO Ward 06,32.931,0.3447,0.0639,31.75,33.45,0.1581,3.386,168.1,561.32,4802.05,DEMO / SYNTHETIC DATA
DEMO_G_1919,18.5502327,73.8580571,379485,2051445,DEMO_WARD_06,DEMO Ward 06,34.747,0.2906,0.4187,32.07,58.96,0.2465,5.879,437.29,565.11,16993.84,DEMO / SYNTHETIC DATA
DEMO_G_1920,18.5502344,73.8583413,379515,2051445,DEMO_WARD_06,DEMO Ward 06,32.573,0.3081,0.1131,13.66,32.48,0.2092,6.763,404.7,566.6,12826.8,DEMO / SYNTHETIC DATA
DEMO_G_1921,18.5504034,73.8415703,377745,2051475,DEMO_WARD_04,DEMO Ward 04,33.477,0.3025,0.0882,32.08,49.27,0.2155,5.479,267.47,567.27,8819.7,DEMO / SYNTHETIC DATA
DEMO_G_1922,18.5504051,73.8418546,377775,2051475,DEMO_WARD_04,DEMO Ward 04,35.129,0.0833,0.0595,18.04,27.42,0.2314,2.35,96.06,564.36,9900.62,DEMO / SYNTHETIC DATA
DEMO_G_1923,18.5504068,73.8421388,377805,2051475,DEMO_WARD_04,DEMO Ward 04,29.471,0.4283,-0.1804,27.71,19.73,0.1344,2.507,188.84,567.87,9909.5,DEMO / SYNTHETIC DATA
DEMO_G_1924,18.5504086,73.842423,377835,2051475,DEMO_WARD_04,DEMO Ward 04,31.408,0.3428,0.0005,44.39,34.42,0.1914,2.941,437.13,560.87,7647.14,DEMO / SYNTHETIC DATA
DEMO_G_1925,18.5504103,73.8427072,377865,2051475,DEMO_WARD_04,DEMO Ward 04,34.495,0.1993,0.1488,14.63,55.1,0.2466,6.037,460.51,567.68,11849.5,DEMO / SYNTHETIC DATA
DEMO_G_1926,18.5504121,73.8429915,377895,2051475,DEMO_WARD_04,DEMO Ward 04,31.273,0.3842,0.1001,38.28,39.76,0.1784,3.832,148.64,558.54,8713.67,DEMO / SYNTHETIC DATA
DEMO_G_1927,18.5504138,73.8432757,377925,2051475,DEMO_WARD_04,DEMO Ward 04,34.325,0.2848,0.0416,21.14,52.24,0.2021,2.842,175.48,570.75,9776.67,DEMO / SYNTHETIC DATA
DEMO_G_1928,18.5504155,73.8435599,377955,2051475,DEMO_WARD_04,DEMO Ward 04,32.802,0.349,-0.0431,43.5,46.6,0.1525,3.308,270.49,559.04,5944.14,DEMO / SYNTHETIC DATA
DEMO_G_1929,18.5504173,73.8438441,377985,2051475,DEMO_WARD_04,DEMO Ward 04,34.725,0.1563,0.3203,30.6,55.23,0.2425,5.409,347.81,571.9,7323.77,DEMO / SYNTHETIC DATA
DEMO_G_1930,18.550419,73.8441283,378015,2051475,DEMO_WARD_04,DEMO Ward 04,34.146,0.2286,0.1161,28.13,55.84,0.2214,2.109,45.1,568.92,3996.02,DEMO / SYNTHETIC DATA
DEMO_G_1931,18.5504208,73.8444126,378045,2051475,DEMO_WARD_04,DEMO Ward 04,32.282,0.289,0.0366,32.36,44.32,0.1706,6.358,192.3,567.21,13473.89,DEMO / SYNTHETIC DATA
DEMO_G_1932,18.5504225,73.8446968,378075,2051475,DEMO_WARD_04,DEMO Ward 04,30.793,0.4,0.2221,33.53,45.65,0.2273,4.359,408.18,573.44,11873.4,DEMO / SYNTHETIC DATA
DEMO_G_1933,18.5504242,73.844981,378105,2051475,DEMO_WARD_04,DEMO Ward 04,36.286,0.2561,0.2258,6.95,62.08,0.1687,7.429,321.55,568.5,12467.69,DEMO / SYNTHETIC DATA
DEMO_G_1934,18.550426,73.8452652,378135,2051475,DEMO_WARD_04,DEMO Ward 04,35.18,0.2456,0.1765,16.7,61.61,0.1545,5.038,470.02,564.19,12392.32,DEMO / SYNTHETIC DATA
DEMO_G_1935,18.5504277,73.8455495,378165,2051475,DEMO_WARD_04,DEMO Ward 04,31.529,0.4599,0.0821,38.53,48.84,0.2247,3.567,309.89,568.0,9485.2,DEMO / SYNTHETIC DATA
DEMO_G_1936,18.5504295,73.8458337,378195,2051475,DEMO_WARD_04,DEMO Ward 04,30.471,0.3452,0.0974,34.54,31.84,0.1645,4.719,210.98,567.66,9800.16,DEMO / SYNTHETIC DATA
DEMO_G_1937,18.5504312,73.8461179,378225,2051475,DEMO_WARD_04,DEMO Ward 04,35.928,0.2405,0.2595,29.04,69.42,0.1148,6.17,229.11,569.53,12004.79,DEMO / SYNTHETIC DATA
DEMO_G_1938,18.5504329,73.8464021,378255,2051475,DEMO_WARD_04,DEMO Ward 04,34.783,0.2177,0.1928,26.58,49.87,0.2382,5.603,235.07,568.93,6703.23,DEMO / SYNTHETIC DATA
DEMO_G_1939,18.5504347,73.8466864,378285,2051475,DEMO_WARD_04,DEMO Ward 04,32.635,0.4135,0.0892,25.9,42.05,0.1532,3.333,169.35,561.05,8067.11,DEMO / SYNTHETIC DATA
DEMO_G_1940,18.5504364,73.8469706,378315,2051475,DEMO_WARD_04,DEMO Ward 04,33.422,0.3264,0.2267,36.49,43.55,0.2348,5.036,146.32,573.38,12253.56,DEMO / SYNTHETIC DATA
DEMO_G_1941,18.5504381,73.8472548,378345,2051475,DEMO_WARD_05,DEMO Ward 05,34.447,0.2505,0.2002,24.12,69.16,0.1403,5.64,383.24,565.94,14523.02,DEMO / SYNTHETIC DATA
DEMO_G_1942,18.5504399,73.847539,378375,2051475,DEMO_WARD_05,DEMO Ward 05,36.335,0.0853,0.4449,18.75,61.57,0.2181,6.227,457.95,574.1,18676.97,DEMO / SYNTHETIC DATA
DEMO_G_1943,18.5504416,73.8478233,378405,2051475,DEMO_WARD_05,DEMO Ward 05,33.724,0.3654,0.1247,48.01,32.86,0.203,1.872,173.47,568.26,4731.26,DEMO / SYNTHETIC DATA
DEMO_G_1944,18.5504433,73.8481075,378435,2051475,DEMO_WARD_05,DEMO Ward 05,33.271,0.2698,0.1226,30.51,72.68,0.2103,4.778,257.48,568.92,12278.01,DEMO / SYNTHETIC DATA
DEMO_G_1945,18.5504451,73.8483917,378465,2051475,DEMO_WARD_05,DEMO Ward 05,30.985,0.3038,0.0676,41.06,33.22,0.2403,3.657,362.82,563.28,11535.81,DEMO / SYNTHETIC DATA
DEMO_G_1946,18.5504468,73.8486759,378495,2051475,DEMO_WARD_05,DEMO Ward 05,30.513,0.3143,-0.159,31.38,18.83,0.2264,4.612,0.0,564.47,4788.46,DEMO / SYNTHETIC DATA
DEMO_G_1947,18.5504485,73.8489601,378525,2051475,DEMO_WARD_05,DEMO Ward 05,33.563,0.3546,0.0624,33.36,65.22,0.2014,5.115,326.92,568.48,6323.49,DEMO / SYNTHETIC DATA
DEMO_G_1948,18.5504503,73.8492444,378555,2051475,DEMO_WARD_05,DEMO Ward 05,32.257,0.2727,0.1354,27.17,41.14,0.258,2.577,329.14,562.9,6132.38,DEMO / SYNTHETIC DATA
DEMO_G_1949,18.550452,73.8495286,378585,2051475,DEMO_WARD_05,DEMO Ward 05,32.224,0.4528,-0.0071,40.71,32.35,0.1603,3.427,112.94,561.24,4297.67,DEMO / SYNTHETIC DATA
DEMO_G_1950,18.5504537,73.8498128,378615,2051475,DEMO_WARD_05,DEMO Ward 05,33.856,0.0632,0.1625,16.63,66.17,0.2168,3.104,209.5,566.21,13782.22,DEMO / SYNTHETIC DATA
DEMO_G_1951,18.5504555,73.850097,378645,2051475,DEMO_WARD_05,DEMO Ward 05,35.482,0.2321,0.1846,23.96,51.93,0.1741,2.973,268.23,571.56,10899.68,DEMO / SYNTHETIC DATA
DEMO_G_1952,18.5504572,73.8503813,378675,2051475,DEMO_WARD_05,DEMO Ward 05,32.578,0.2493,0.2009,15.48,43.48,0.2434,4.339,319.48,566.77,8842.49,DEMO / SYNTHETIC DATA
DEMO_G_1953,18.5504589,73.8506655,378705,2051475,DEMO_WARD_05,DEMO Ward 05,33.34,0.4384,0.1801,47.04,43.28,0.2005,5.29,222.95,565.99,14195.07,DEMO / SYNTHETIC DATA
DEMO_G_1954,18.5504607,73.8509497,378735,2051475,DEMO_WARD_05,DEMO Ward 05,32.35,0.418,0.1896,46.22,43.06,0.2133,4.566,260.04,563.79,9936.77,DEMO / SYNTHETIC DATA
DEMO_G_1955,18.5504624,73.8512339,378765,2051475,DEMO_WARD_05,DEMO Ward 05,29.509,0.5012,-0.0417,30.17,40.96,0.1923,3.031,208.64,568.93,9983.55,DEMO / SYNTHETIC DATA
DEMO_G_1956,18.5504641,73.8515182,378795,2051475,DEMO_WARD_05,DEMO Ward 05,31.193,0.4215,0.0244,21.07,40.6,0.2377,3.244,182.62,567.86,5696.81,DEMO / SYNTHETIC DATA
DEMO_G_1957,18.5504659,73.8518024,378825,2051475,DEMO_WARD_05,DEMO Ward 05,26.749,0.4437,-0.195,54.52,13.27,0.2182,0.831,203.78,564.55,7078.32,DEMO / SYNTHETIC DATA
DEMO_G_1958,18.5504676,73.8520866,378855,2051475,DEMO_WARD_05,DEMO Ward 05,33.043,0.481,0.1262,33.37,41.27,0.1918,4.09,259.58,564.38,3867.55,DEMO / SYNTHETIC DATA
DEMO_G_1959,18.5504693,73.8523708,378885,2051475,DEMO_WARD_05,DEMO Ward 05,34.316,0.4938,0.0792,15.52,40.78,0.2348,5.279,222.83,561.52,8363.63,DEMO / SYNTHETIC DATA
DEMO_G_1960,18.550471,73.8526551,378915,2051475,DEMO_WARD_05,DEMO Ward 05,27.015,0.4727,-0.0578,45.49,26.45,0.2763,3.544,118.31,563.28,5780.81,DEMO / SYNTHETIC DATA
DEMO_G_1961,18.5504728,73.8529393,378945,2051475,DEMO_WARD_06,DEMO Ward 06,32.703,0.3022,0.1886,33.32,26.49,0.2501,4.06,394.84,562.69,6918.07,DEMO / SYNTHETIC DATA
DEMO_G_1962,18.5504745,73.8532235,378975,2051475,DEMO_WARD_06,DEMO Ward 06,31.561,0.4288,-0.0592,39.86,29.5,0.1426,2.206,84.0,558.04,5938.04,DEMO / SYNTHETIC DATA
DEMO_G_1963,18.5504762,73.8535077,379005,2051475,DEMO_WARD_06,DEMO Ward 06,34.012,0.4226,0.0149,31.61,44.93,0.2009,3.592,182.59,567.2,6169.76,DEMO / SYNTHETIC DATA
DEMO_G_1964,18.5504779,73.853792,379035,2051475,DEMO_WARD_06,DEMO Ward 06,30.83,0.3894,-0.1537,44.84,41.97,0.241,5.036,311.72,569.66,3590.5,DEMO / SYNTHETIC DATA
DEMO_G_1965,18.5504797,73.8540762,379065,2051475,DEMO_WARD_06,DEMO Ward 06,34.157,0.3176,0.0511,35.15,34.48,0.1784,0.605,142.96,565.79,8448.1,DEMO / SYNTHETIC DATA
DEMO_G_1966,18.5504814,73.8543604,379095,2051475,DEMO_WARD_06,DEMO Ward 06,33.384,0.3213,0.1289,34.62,55.51,0.2302,4.32,216.06,564.35,9147.94,DEMO / SYNTHETIC DATA
DEMO_G_1967,18.5504831,73.8546446,379125,2051475,DEMO_WARD_06,DEMO Ward 06,29.761,0.3211,-0.0486,28.39,29.72,0.1884,4.116,110.22,566.6,5641.73,DEMO / SYNTHETIC DATA
DEMO_G_1968,18.5504848,73.8549288,379155,2051475,DEMO_WARD_06,DEMO Ward 06,31.962,0.353,0.0752,22.26,46.22,0.2159,4.153,197.0,559.76,8103.81,DEMO / SYNTHETIC DATA
DEMO_G_1969,18.5504866,73.8552131,379185,2051475,DEMO_WARD_06,DEMO Ward 06,30.08,0.441,0.0959,51.13,33.47,0.2341,4.127,250.81,573.59,9088.36,DEMO / SYNTHETIC DATA
DEMO_G_1970,18.5504883,73.8554973,379215,2051475,DEMO_WARD_06,DEMO Ward 06,36.102,0.2299,0.3439,26.87,58.46,0.2769,3.749,169.47,564.91,9442.37,DEMO / SYNTHETIC DATA
DEMO_G_1971,18.55049,73.8557815,379245,2051475,DEMO_WARD_06,DEMO Ward 06,36.079,0.191,0.2199,31.15,59.53,0.2622,6.177,290.59,560.4,8798.46,DEMO / SYNTHETIC DATA
DEMO_G_1972,18.5504917,73.8560657,379275,2051475,DEMO_WARD_06,DEMO Ward 06,29.495,0.4352,0.0668,42.16,30.72,0.2187,2.352,17.2,566.84,4208.83,DEMO / SYNTHETIC DATA
DEMO_G_1973,18.5504935,73.85635,379305,2051475,DEMO_WARD_06,DEMO Ward 06,28.315,0.4547,-0.1625,34.27,30.22,0.1955,2.21,165.28,566.46,7330.83,DEMO / SYNTHETIC DATA
DEMO_G_1974,18.5504952,73.8566342,379335,2051475,DEMO_WARD_06,DEMO Ward 06,31.325,0.244,0.0652,33.74,61.22,0.1885,4.856,170.63,571.49,12026.31,DEMO / SYNTHETIC DATA
DEMO_G_1975,18.5504969,73.8569184,379365,2051475,DEMO_WARD_06,DEMO Ward 06,34.219,0.2251,0.1804,22.63,44.61,0.1659,5.932,296.71,559.43,16167.51,DEMO / SYNTHETIC DATA
DEMO_G_1976,18.5504986,73.8572026,379395,2051475,DEMO_WARD_06,DEMO Ward 06,35.273,0.3127,0.1348,38.19,38.57,0.2019,4.092,131.55,560.2,9072.59,DEMO / SYNTHETIC DATA
DEMO_G_1977,18.5505003,73.8574869,379425,2051475,DEMO_WARD_06,DEMO Ward 06,34.167,0.2665,0.1901,44.81,58.72,0.1912,4.614,302.1,562.1,10733.29,DEMO / SYNTHETIC DATA
DEMO_G_1978,18.5505021,73.8577711,379455,2051475,DEMO_WARD_06,DEMO Ward 06,35.678,0.1597,0.2074,24.46,80.73,0.1632,4.457,485.05,566.92,11322.37,DEMO / SYNTHETIC DATA
DEMO_G_1979,18.5505038,73.8580553,379485,2051475,DEMO_WARD_06,DEMO Ward 06,34.898,0.1471,0.2226,23.98,60.91,0.1755,3.819,381.9,562.06,8272.4,DEMO / SYNTHETIC DATA
DEMO_G_1980,18.5505055,73.8583395,379515,2051475,DEMO_WARD_06,DEMO Ward 06,33.792,0.5035,0.1611,37.02,51.54,0.233,7.157,272.67,568.14,17384.66,DEMO / SYNTHETIC DATA
DEMO_G_1981,18.5506744,73.8415685,377745,2051505,DEMO_WARD_04,DEMO Ward 04,25.638,0.5847,-0.1913,60.88,27.4,0.2561,2.145,222.84,564.99,7265.8,DEMO / SYNTHETIC DATA
DEMO_G_1982,18.5506762,73.8418527,377775,2051505,DEMO_WARD_04,DEMO Ward 04,35.876,0.1941,0.2518,32.36,53.99,0.1367,5.049,450.74,569.23,9247.75,DEMO / SYNTHETIC DATA
DEMO_G_1983,18.5506779,73.842137,377805,2051505,DEMO_WARD_04,DEMO Ward 04,31.325,0.4925,-0.0286,27.88,34.88,0.2576,4.064,182.77,567.3,6627.64,DEMO / SYNTHETIC DATA
DEMO_G_1984,18.5506797,73.8424212,377835,2051505,DEMO_WARD_04,DEMO Ward 04,34.204,0.3213,0.1711,28.84,55.94,0.2144,5.426,301.57,569.41,10788.13,DEMO / SYNTHETIC DATA
DEMO_G_1985,18.5506814,73.8427054,377865,2051505,DEMO_WARD_04,DEMO Ward 04,32.243,0.4794,0.0996,36.25,43.12,0.1488,3.745,244.79,567.06,9212.83,DEMO / SYNTHETIC DATA
DEMO_G_1986,18.5506832,73.8429896,377895,2051505,DEMO_WARD_04,DEMO Ward 04,32.785,0.4467,0.1023,39.18,41.02,0.1796,4.726,293.19,560.21,1427.92,DEMO / SYNTHETIC DATA
DEMO_G_1987,18.5506849,73.8432739,377925,2051505,DEMO_WARD_04,DEMO Ward 04,33.442,0.293,0.0791,38.0,46.2,0.226,4.508,162.03,555.94,9237.79,DEMO / SYNTHETIC DATA
DEMO_G_1988,18.5506866,73.8435581,377955,2051505,DEMO_WARD_04,DEMO Ward 04,32.009,0.4864,0.2069,40.76,42.86,0.1787,4.799,290.89,572.1,3293.94,DEMO / SYNTHETIC DATA
DEMO_G_1989,18.5506884,73.8438423,377985,2051505,DEMO_WARD_04,DEMO Ward 04,33.358,0.2346,0.1018,16.33,41.27,0.1563,3.74,229.22,565.2,8150.71,DEMO / SYNTHETIC DATA
DEMO_G_1990,18.5506901,73.8441265,378015,2051505,DEMO_WARD_04,DEMO Ward 04,31.254,0.3542,0.1681,34.03,37.71,0.1729,4.84,285.32,561.46,6622.93,DEMO / SYNTHETIC DATA
DEMO_G_1991,18.5506919,73.8444107,378045,2051505,DEMO_WARD_04,DEMO Ward 04,34.256,0.4304,0.1076,30.11,51.27,0.2019,4.148,507.25,568.29,13427.29,DEMO / SYNTHETIC DATA
DEMO_G_1992,18.5506936,73.844695,378075,2051505,DEMO_WARD_04,DEMO Ward 04,31.851,0.2032,0.1118,25.92,54.8,0.1791,5.095,481.23,568.0,9108.25,DEMO / SYNTHETIC DATA
DEMO_G_1993,18.5506953,73.8449792,378105,2051505,DEMO_WARD_04,DEMO Ward 04,31.766,0.3899,-0.0072,26.89,44.83,0.1797,5.022,203.95,560.95,7000.99,DEMO / SYNTHETIC DATA
DEMO_G_1994,18.5506971,73.8452634,378135,2051505,DEMO_WARD_04,DEMO Ward 04,35.409,0.1539,0.2148,18.27,55.19,0.1718,3.861,360.17,561.39,7455.82,DEMO / SYNTHETIC DATA
DEMO_G_1995,18.5506988,73.8455476,378165,2051505,DEMO_WARD_04,DEMO Ward 04,33.129,0.338,0.0498,45.07,53.54,0.2015,6.106,342.97,570.79,11456.27,DEMO / SYNTHETIC DATA
DEMO_G_1996,18.5507006,73.8458319,378195,2051505,DEMO_WARD_04,DEMO Ward 04,30.157,0.4038,0.2602,54.48,33.8,0.2099,4.475,327.98,563.73,2946.4,DEMO / SYNTHETIC DATA
DEMO_G_1997,18.5507023,73.8461161,378225,2051505,DEMO_WARD_04,DEMO Ward 04,32.973,0.3199,-0.0963,35.52,40.06,0.1888,5.201,350.26,567.65,9983.7,DEMO / SYNTHETIC DATA
DEMO_G_1998,18.550704,73.8464003,378255,2051505,DEMO_WARD_04,DEMO Ward 04,33.759,0.3045,0.1294,36.32,54.81,0.2071,5.244,315.22,565.57,9813.86,DEMO / SYNTHETIC DATA
DEMO_G_1999,18.5507058,73.8466845,378285,2051505,DEMO_WARD_04,DEMO Ward 04,35.269,0.1948,0.2603,24.38,59.46,0.232,5.841,275.96,562.46,10607.6,DEMO / SYNTHETIC DATA
DEMO_G_2000,18.5507075,73.8469688,378315,2051505,DEMO_WARD_04,DEMO Ward 04,32.618,0.3365,0.2706,34.65,53.18,0.1456,4.675,244.32,567.24,9539.22,DEMO / SYNTHETIC DATA
DEMO_G_2001,18.5507092,73.847253,378345,2051505,DEMO_WARD_05,DEMO Ward 05,35.264,0.0198,0.3756,10.51,62.78,0.1779,8.327,503.9,569.46,12684.79,DEMO / SYNTHETIC DATA
DEMO_G_2002,18.550711,73.8475372,378375,2051505,DEMO_WARD_05,DEMO Ward 05,35.223,0.2681,0.2036,19.19,63.12,0.2443,5.051,222.82,571.77,11416.01,DEMO / SYNTHETIC DATA
DEMO_G_2003,18.5507127,73.8478214,378405,2051505,DEMO_WARD_05,DEMO Ward 05,32.876,0.388,-0.0441,22.19,54.36,0.2589,3.742,300.85,563.45,12052.09,DEMO / SYNTHETIC DATA
DEMO_G_2004,18.5507144,73.8481057,378435,2051505,DEMO_WARD_05,DEMO Ward 05,31.478,0.2718,-0.0888,23.54,35.58,0.2224,3.527,326.47,566.09,7944.56,DEMO / SYNTHETIC DATA
DEMO_G_2005,18.5507162,73.8483899,378465,2051505,DEMO_WARD_05,DEMO Ward 05,30.366,0.4389,0.1666,37.3,39.27,0.2039,0.944,157.85,568.0,2801.13,DEMO / SYNTHETIC DATA
DEMO_G_2006,18.5507179,73.8486741,378495,2051505,DEMO_WARD_05,DEMO Ward 05,34.691,0.1181,0.0389,9.17,33.48,0.2002,4.132,216.61,571.9,8921.33,DEMO / SYNTHETIC DATA
DEMO_G_2007,18.5507196,73.8489583,378525,2051505,DEMO_WARD_05,DEMO Ward 05,35.494,0.2305,0.12,25.56,45.56,0.171,5.995,307.79,565.06,6602.17,DEMO / SYNTHETIC DATA
DEMO_G_2008,18.5507214,73.8492426,378555,2051505,DEMO_WARD_05,DEMO Ward 05,33.423,0.2584,0.1051,25.94,47.05,0.1639,5.037,196.19,560.45,7982.79,DEMO / SYNTHETIC DATA
DEMO_G_2009,18.5507231,73.8495268,378585,2051505,DEMO_WARD_05,DEMO Ward 05,30.468,0.4305,0.1297,34.57,30.76,0.2815,4.622,70.1,572.11,8234.47,DEMO / SYNTHETIC DATA
DEMO_G_2010,18.5507248,73.849811,378615,2051505,DEMO_WARD_05,DEMO Ward 05,34.649,0.2499,0.0568,41.26,45.96,0.199,1.995,88.05,565.77,6748.62,DEMO / SYNTHETIC DATA
DEMO_G_2011,18.5507266,73.8500952,378645,2051505,DEMO_WARD_05,DEMO Ward 05,35.397,0.4248,0.3711,42.09,56.58,0.1794,4.581,186.47,560.82,11825.09,DEMO / SYNTHETIC DATA
DEMO_G_2012,18.5507283,73.8503794,378675,2051505,DEMO_WARD_05,DEMO Ward 05,31.994,0.2982,0.1089,17.28,43.57,0.2129,5.673,168.45,566.59,9967.56,DEMO / SYNTHETIC DATA
DEMO_G_2013,18.55073,73.8506637,378705,2051505,DEMO_WARD_05,DEMO Ward 05,32.661,0.3129,-0.1635,18.07,5.69,0.2049,2.938,123.38,568.82,9845.21,DEMO / SYNTHETIC DATA
DEMO_G_2014,18.5507318,73.8509479,378735,2051505,DEMO_WARD_05,DEMO Ward 05,27.638,0.439,-0.17,32.54,39.39,0.2578,0.0,84.61,565.94,6400.27,DEMO / SYNTHETIC DATA
DEMO_G_2015,18.5507335,73.8512321,378765,2051505,DEMO_WARD_05,DEMO Ward 05,34.691,0.2598,0.1242,15.7,51.71,0.2357,4.052,141.77,563.32,9559.1,DEMO / SYNTHETIC DATA
DEMO_G_2016,18.5507352,73.8515163,378795,2051505,DEMO_WARD_05,DEMO Ward 05,29.336,0.6364,0.0988,50.27,0.99,0.173,2.136,52.87,563.81,4227.2,DEMO / SYNTHETIC DATA
DEMO_G_2017,18.5507369,73.8518006,378825,2051505,DEMO_WARD_05,DEMO Ward 05,31.726,0.2624,0.0719,23.8,27.72,0.1833,2.274,237.56,564.61,6215.29,DEMO / SYNTHETIC DATA
DEMO_G_2018,18.5507387,73.8520848,378855,2051505,DEMO_WARD_05,DEMO Ward 05,31.925,0.4164,0.0692,32.78,10.59,0.1746,4.308,74.91,568.23,0.0,DEMO / SYNTHETIC DATA
DEMO_G_2019,18.5507404,73.852369,378885,2051505,DEMO_WARD_05,DEMO Ward 05,35.217,0.1761,0.0747,15.4,50.0,0.2792,7.242,300.56,567.7,8488.88,DEMO / SYNTHETIC DATA
DEMO_G_2020,18.5507421,73.8526532,378915,2051505,DEMO_WARD_05,DEMO Ward 05,31.073,0.3601,-0.016,25.0,13.29,0.2543,1.723,68.38,564.98,107.53,DEMO / SYNTHETIC DATA
DEMO_G_2021,18.5507439,73.8529375,378945,2051505,DEMO_WARD_06,DEMO Ward 06,32.075,0.4376,0.0708,30.91,41.43,0.2413,2.85,452.58,565.84,8917.08,DEMO / SYNTHETIC DATA
DEMO_G_2022,18.5507456,73.8532217,378975,2051505,DEMO_WARD_06,DEMO Ward 06,34.085,0.228,0.1494,22.88,47.75,0.2136,3.869,345.72,573.8,9680.49,DEMO / SYNTHETIC DATA
DEMO_G_2023,18.5507473,73.8535059,379005,2051505,DEMO_WARD_06,DEMO Ward 06,27.567,0.414,-0.1315,19.21,23.57,0.2806,5.743,281.55,558.6,7695.58,DEMO / SYNTHETIC DATA
DEMO_G_2024,18.550749,73.8537901,379035,2051505,DEMO_WARD_06,DEMO Ward 06,31.997,0.3946,0.1583,43.42,39.02,0.2019,4.998,66.92,560.17,10807.15,DEMO / SYNTHETIC DATA
DEMO_G_2025,18.5507508,73.8540744,379065,2051505,DEMO_WARD_06,DEMO Ward 06,32.181,0.381,0.1771,37.92,37.78,0.2696,4.853,399.09,567.74,9665.45,DEMO / SYNTHETIC DATA
DEMO_G_2026,18.5507525,73.8543586,379095,2051505,DEMO_WARD_06,DEMO Ward 06,36.035,0.3302,0.1196,33.06,47.12,0.2455,4.427,153.34,565.35,6350.89,DEMO / SYNTHETIC DATA
DEMO_G_2027,18.5507542,73.8546428,379125,2051505,DEMO_WARD_06,DEMO Ward 06,34.424,0.4029,-0.0003,41.69,56.76,0.1636,6.303,231.52,566.13,9610.02,DEMO / SYNTHETIC DATA
DEMO_G_2028,18.5507559,73.854927,379155,2051505,DEMO_WARD_06,DEMO Ward 06,29.685,0.3153,-0.0336,19.96,42.17,0.2256,4.148,164.8,564.41,8706.81,DEMO / SYNTHETIC DATA
DEMO_G_2029,18.5507577,73.8552113,379185,2051505,DEMO_WARD_06,DEMO Ward 06,28.607,0.4853,-0.1405,43.4,34.02,0.2602,4.114,89.64,563.27,5789.14,DEMO / SYNTHETIC DATA
DEMO_G_2030,18.5507594,73.8554955,379215,2051505,DEMO_WARD_06,DEMO Ward 06,31.576,0.3138,0.0529,30.35,35.23,0.1882,3.315,253.54,571.79,6321.82,DEMO / SYNTHETIC DATA
DEMO_G_2031,18.5507611,73.8557797,379245,2051505,DEMO_WARD_06,DEMO Ward 06,36.721,0.1628,0.1958,18.2,64.52,0.1803,7.021,431.35,565.51,13225.67,DEMO / SYNTHETIC DATA
DEMO_G_2032,18.5507628,73.8560639,379275,2051505,DEMO_WARD_06,DEMO Ward 06,28.736,0.1959,0.0203,22.12,35.36,0.2248,3.951,117.08,563.37,6096.66,DEMO / SYNTHETIC DATA
DEMO_G_2033,18.5507645,73.8563482,379305,2051505,DEMO_WARD_06,DEMO Ward 06,32.963,0.2977,0.1609,31.53,65.69,0.2252,4.552,365.04,564.22,12408.59,DEMO / SYNTHETIC DATA
DEMO_G_2034,18.5507663,73.8566324,379335,2051505,DEMO_WARD_06,DEMO Ward 06,30.595,0.3213,-0.1062,28.27,40.22,0.245,5.29,127.79,570.27,6179.15,DEMO / SYNTHETIC DATA
DEMO_G_2035,18.550768,73.8569166,379365,2051505,DEMO_WARD_06,DEMO Ward 06,32.814,0.306,-0.0272,34.09,53.06,0.2187,5.292,342.98,563.19,7199.06,DEMO / SYNTHETIC DATA
DEMO_G_2036,18.5507697,73.8572008,379395,2051505,DEMO_WARD_06,DEMO Ward 06,34.957,0.2099,0.2227,17.39,58.03,0.2117,5.981,280.94,561.33,11132.21,DEMO / SYNTHETIC DATA
DEMO_G_2037,18.5507714,73.8574851,379425,2051505,DEMO_WARD_06,DEMO Ward 06,32.713,0.1589,0.0775,23.93,53.61,0.2344,4.42,338.67,568.62,5513.24,DEMO / SYNTHETIC DATA
DEMO_G_2038,18.5507732,73.8577693,379455,2051505,DEMO_WARD_06,DEMO Ward 06,38.066,0.1738,0.0984,12.82,72.94,0.1356,7.383,524.65,561.54,15319.32,DEMO / SYNTHETIC DATA
DEMO_G_2039,18.5507749,73.8580535,379485,2051505,DEMO_WARD_06,DEMO Ward 06,30.135,0.3794,0.0118,22.43,39.07,0.2185,3.643,126.13,573.51,6331.1,DEMO / SYNTHETIC DATA
DEMO_G_2040,18.5507766,73.8583377,379515,2051505,DEMO_WARD_06,DEMO Ward 06,32.004,0.3417,0.2486,36.47,37.66,0.2406,3.271,416.33,570.21,13816.67,DEMO / SYNTHETIC DATA
DEMO_G_2041,18.5509455,73.8415667,377745,2051535,DEMO_WARD_04,DEMO Ward 04,32.355,0.4397,-0.1175,25.94,57.36,0.2347,3.105,157.59,569.1,7137.21,DEMO / SYNTHETIC DATA
DEMO_G_2042,18.5509473,73.8418509,377775,2051535,DEMO_WARD_04,DEMO Ward 04,32.243,0.3142,0.0097,24.1,44.88,0.1236,2.739,0.0,564.48,11247.82,DEMO / SYNTHETIC DATA
DEMO_G_2043,18.550949,73.8421351,377805,2051535,DEMO_WARD_04,DEMO Ward 04,31.662,0.259,0.0556,22.3,49.23,0.2125,2.729,191.03,561.64,3984.03,DEMO / SYNTHETIC DATA
DEMO_G_2044,18.5509508,73.8424194,377835,2051535,DEMO_WARD_04,DEMO Ward 04,31.757,0.4147,0.104,22.48,31.0,0.1793,2.528,324.14,566.29,5637.88,DEMO / SYNTHETIC DATA
DEMO_G_2045,18.5509525,73.8427036,377865,2051535,DEMO_WARD_04,DEMO Ward 04,33.545,0.2065,0.1264,30.46,54.66,0.2488,4.261,302.55,561.12,8309.42,DEMO / SYNTHETIC DATA
DEMO_G_2046,18.5509542,73.8429878,377895,2051535,DEMO_WARD_04,DEMO Ward 04,30.671,0.2466,0.0135,23.24,52.87,0.2748,4.895,325.35,568.54,15704.03,DEMO / SYNTHETIC DATA
DEMO_G_2047,18.550956,73.843272,377925,2051535,DEMO_WARD_04,DEMO Ward 04,29.422,0.5056,-0.052,48.86,35.09,0.1583,3.246,267.55,565.83,6675.73,DEMO / SYNTHETIC DATA
DEMO_G_2048,18.5509577,73.8435563,377955,2051535,DEMO_WARD_04,DEMO Ward 04,31.717,0.2328,0.1938,29.78,55.41,0.2156,3.967,246.46,563.68,9483.41,DEMO / SYNTHETIC DATA
DEMO_G_2049,18.5509595,73.8438405,377985,2051535,DEMO_WARD_04,DEMO Ward 04,36.236,0.1336,0.2911,4.44,55.02,0.1833,5.794,447.34,566.43,14038.76,DEMO / SYNTHETIC DATA
DEMO_G_2050,18.5509612,73.8441247,378015,2051535,DEMO_WARD_04,DEMO Ward 04,35.769,0.3137,0.1729,18.57,49.39,0.2074,5.496,301.21,576.76,10229.86,DEMO / SYNTHETIC DATA
DEMO_G_2051,18.5509629,73.8444089,378045,2051535,DEMO_WARD_04,DEMO Ward 04,34.439,0.2207,0.1505,24.45,51.16,0.2501,3.299,396.13,561.93,9352.96,DEMO / SYNTHETIC DATA
DEMO_G_2052,18.5509647,73.8446931,378075,2051535,DEMO_WARD_04,DEMO Ward 04,30.118,0.3452,-0.0368,22.4,20.34,0.1859,3.341,307.32,568.77,7894.66,DEMO / SYNTHETIC DATA
DEMO_G_2053,18.5509664,73.8449774,378105,2051535,DEMO_WARD_04,DEMO Ward 04,35.874,0.123,0.3974,12.49,60.97,0.1663,4.958,368.5,566.32,13280.42,DEMO / SYNTHETIC DATA
DEMO_G_2054,18.5509682,73.8452616,378135,2051535,DEMO_WARD_04,DEMO Ward 04,32.558,0.3078,0.1893,29.34,42.36,0.2488,4.105,531.04,571.15,14419.22,DEMO / SYNTHETIC DATA
DEMO_G_2055,18.5509699,73.8455458,378165,2051535,DEMO_WARD_04,DEMO Ward 04,32.93,0.2934,0.053,27.56,44.81,0.1546,5.329,513.91,565.31,9302.97,DEMO / SYNTHETIC DATA
DEMO_G_2056,18.5509716,73.84583,378195,2051535,DEMO_WARD_04,DEMO Ward 04,30.515,0.4549,0.0928,28.44,36.23,0.189,4.52,252.44,565.72,4980.19,DEMO / SYNTHETIC DATA
DEMO_G_2057,18.5509734,73.8461143,378225,2051535,DEMO_WARD_04,DEMO Ward 04,33.073,0.3404,0.1061,42.44,27.47,0.2514,4.752,347.73,564.6,8414.08,DEMO / SYNTHETIC DATA
DEMO_G_2058,18.5509751,73.8463985,378255,2051535,DEMO_WARD_04,DEMO Ward 04,35.674,0.3195,0.0517,31.1,61.21,0.1634,5.161,364.83,565.61,11057.3,DEMO / SYNTHETIC DATA
DEMO_G_2059,18.5509768,73.8466827,378285,2051535,DEMO_WARD_04,DEMO Ward 04,35.449,0.2666,0.1591,22.58,52.76,0.2128,6.626,290.08,562.37,8318.04,DEMO / SYNTHETIC DATA
DEMO_G_2060,18.5509786,73.8469669,378315,2051535,DEMO_WARD_04,DEMO Ward 04,33.606,0.1944,0.1469,28.55,48.35,0.1479,5.239,327.43,561.58,10946.46,DEMO / SYNTHETIC DATA
DEMO_G_2061,18.5509803,73.8472512,378345,2051535,DEMO_WARD_05,DEMO Ward 05,31.563,0.3537,0.0885,34.9,55.35,0.2841,5.352,413.53,562.35,7512.71,DEMO / SYNTHETIC DATA
DEMO_G_2062,18.5509821,73.8475354,378375,2051535,DEMO_WARD_05,DEMO Ward 05,30.492,0.3767,0.0927,36.14,36.86,0.259,3.949,0.0,570.58,11378.67,DEMO / SYNTHETIC DATA
DEMO_G_2063,18.5509838,73.8478196,378405,2051535,DEMO_WARD_05,DEMO Ward 05,30.942,0.4777,-0.0386,48.76,20.63,0.2421,3.529,198.63,569.62,6107.66,DEMO / SYNTHETIC DATA
DEMO_G_2064,18.5509855,73.8481038,378435,2051535,DEMO_WARD_05,DEMO Ward 05,32.198,0.2603,0.093,21.92,45.79,0.2077,2.799,211.2,568.16,7794.5,DEMO / SYNTHETIC DATA
DEMO_G_2065,18.5509873,73.8483881,378465,2051535,DEMO_WARD_05,DEMO Ward 05,33.746,0.1988,0.0851,27.29,50.27,0.2279,4.897,182.31,569.63,11442.32,DEMO / SYNTHETIC DATA
DEMO_G_2066,18.550989,73.8486723,378495,2051535,DEMO_WARD_05,DEMO Ward 05,35.077,0.3837,0.0624,38.22,32.34,0.181,4.314,358.67,575.41,5355.49,DEMO / SYNTHETIC DATA
DEMO_G_2067,18.5509907,73.8489565,378525,2051535,DEMO_WARD_05,DEMO Ward 05,32.513,0.382,0.0659,47.2,50.73,0.1962,3.947,290.64,559.4,7051.18,DEMO / SYNTHETIC DATA
DEMO_G_2068,18.5509925,73.8492407,378555,2051535,DEMO_WARD_05,DEMO Ward 05,31.309,0.4289,0.0749,36.1,34.73,0.1629,2.315,174.34,561.03,7543.48,DEMO / SYNTHETIC DATA
DEMO_G_2069,18.5509942,73.849525,378585,2051535,DEMO_WARD_05,DEMO Ward 05,33.726,0.4608,-0.065,39.41,42.25,0.2091,4.659,236.65,564.85,6444.8,DEMO / SYNTHETIC DATA
DEMO_G_2070,18.5509959,73.8498092,378615,2051535,DEMO_WARD_05,DEMO Ward 05,30.152,0.4089,0.0775,51.91,53.15,0.1924,5.022,307.52,568.1,10205.06,DEMO / SYNTHETIC DATA
DEMO_G_2071,18.5509977,73.8500934,378645,2051535,DEMO_WARD_05,DEMO Ward 05,31.533,0.4252,0.043,24.54,38.49,0.1887,5.253,157.09,558.36,7334.47,DEMO / SYNTHETIC DATA
DEMO_G_2072,18.5509994,73.8503776,378675,2051535,DEMO_WARD_05,DEMO Ward 05,31.322,0.3668,0.1143,45.62,18.47,0.1699,2.155,275.86,559.62,4732.39,DEMO / SYNTHETIC DATA
DEMO_G_2073,18.5510011,73.8506619,378705,2051535,DEMO_WARD_05,DEMO Ward 05,29.703,0.5367,-0.1332,50.21,16.43,0.1846,1.861,173.54,567.98,125.08,DEMO / SYNTHETIC DATA
DEMO_G_2074,18.5510028,73.8509461,378735,2051535,DEMO_WARD_05,DEMO Ward 05,28.206,0.7014,0.0589,49.4,20.84,0.1913,1.876,162.9,563.02,7843.48,DEMO / SYNTHETIC DATA
DEMO_G_2075,18.5510046,73.8512303,378765,2051535,DEMO_WARD_05,DEMO Ward 05,28.856,0.4398,-0.1471,49.74,30.81,0.2497,5.504,70.69,571.98,12230.05,DEMO / SYNTHETIC DATA
DEMO_G_2076,18.5510063,73.8515145,378795,2051535,DEMO_WARD_05,DEMO Ward 05,32.472,0.2335,0.1338,35.17,27.96,0.2651,2.128,256.8,566.63,8524.87,DEMO / SYNTHETIC DATA
DEMO_G_2077,18.551008,73.8517988,378825,2051535,DEMO_WARD_05,DEMO Ward 05,28.601,0.3889,-0.1347,36.05,10.63,0.1684,1.038,40.63,567.61,3971.75,DEMO / SYNTHETIC DATA
DEMO_G_2078,18.5510098,73.852083,378855,2051535,DEMO_WARD_05,DEMO Ward 05,32.512,0.3808,-0.0004,39.45,25.74,0.2439,3.596,202.0,564.85,6891.28,DEMO / SYNTHETIC DATA
DEMO_G_2079,18.5510115,73.8523672,378885,2051535,DEMO_WARD_05,DEMO Ward 05,28.345,0.3435,-0.1248,39.58,13.49,0.2053,0.791,130.66,562.8,4972.61,DEMO / SYNTHETIC DATA
DEMO_G_2080,18.5510132,73.8526514,378915,2051535,DEMO_WARD_05,DEMO Ward 05,30.011,0.4803,-0.1465,40.72,28.95,0.1859,2.934,305.44,564.55,4903.09,DEMO / SYNTHETIC DATA
DEMO_G_2081,18.5510149,73.8529357,378945,2051535,DEMO_WARD_06,DEMO Ward 06,30.414,0.5673,0.1103,47.47,23.99,0.2059,5.198,89.67,568.42,9263.72,DEMO / SYNTHETIC DATA
DEMO_G_2082,18.5510167,73.8532199,378975,2051535,DEMO_WARD_06,DEMO Ward 06,30.684,0.3288,0.1661,35.13,34.5,0.1634,3.065,198.22,557.39,4845.23,DEMO / SYNTHETIC DATA
DEMO_G_2083,18.5510184,73.8535041,379005,2051535,DEMO_WARD_06,DEMO Ward 06,32.994,0.3905,0.1042,34.38,44.52,0.1798,1.92,296.88,565.05,9582.71,DEMO / SYNTHETIC DATA
DEMO_G_2084,18.5510201,73.8537883,379035,2051535,DEMO_WARD_06,DEMO Ward 06,31.585,0.5284,-0.0024,41.17,33.23,0.2647,1.595,273.49,566.19,5601.48,DEMO / SYNTHETIC DATA
DEMO_G_2085,18.5510218,73.8540726,379065,2051535,DEMO_WARD_06,DEMO Ward 06,26.498,0.6048,-0.1235,59.17,23.51,0.1802,3.072,106.17,570.81,2570.68,DEMO / SYNTHETIC DATA
DEMO_G_2086,18.5510236,73.8543568,379095,2051535,DEMO_WARD_06,DEMO Ward 06,30.555,0.3834,0.0182,42.2,34.34,0.1858,0.911,220.0,569.79,6083.42,DEMO / SYNTHETIC DATA
DEMO_G_2087,18.5510253,73.854641,379125,2051535,DEMO_WARD_06,DEMO Ward 06,31.598,0.5796,0.1277,50.31,33.3,0.1967,4.37,264.43,569.25,8046.83,DEMO / SYNTHETIC DATA
DEMO_G_2088,18.551027,73.8549252,379155,2051535,DEMO_WARD_06,DEMO Ward 06,29.396,0.5493,0.039,31.74,17.68,0.2263,2.273,0.0,570.55,8300.05,DEMO / SYNTHETIC DATA
DEMO_G_2089,18.5510287,73.8552095,379185,2051535,DEMO_WARD_06,DEMO Ward 06,31.285,0.4511,0.0217,38.88,35.8,0.195,5.607,189.57,562.91,3744.58,DEMO / SYNTHETIC DATA
DEMO_G_2090,18.5510305,73.8554937,379215,2051535,DEMO_WARD_06,DEMO Ward 06,30.481,0.3202,-0.0337,39.3,35.7,0.2108,6.192,204.72,562.83,11087.48,DEMO / SYNTHETIC DATA
DEMO_G_2091,18.5510322,73.8557779,379245,2051535,DEMO_WARD_06,DEMO Ward 06,35.162,0.3358,0.1726,30.09,35.13,0.2274,4.732,210.38,566.78,10094.17,DEMO / SYNTHETIC DATA
DEMO_G_2092,18.5510339,73.8560621,379275,2051535,DEMO_WARD_06,DEMO Ward 06,35.922,0.1919,0.2607,11.42,70.9,0.1575,4.695,295.49,566.03,11342.13,DEMO / SYNTHETIC DATA
DEMO_G_2093,18.5510356,73.8563464,379305,2051535,DEMO_WARD_06,DEMO Ward 06,31.205,0.4496,0.0416,34.02,59.07,0.2454,2.736,375.86,562.89,10531.4,DEMO / SYNTHETIC DATA
DEMO_G_2094,18.5510374,73.8566306,379335,2051535,DEMO_WARD_06,DEMO Ward 06,31.289,0.3215,-0.1151,22.98,49.51,0.1997,3.284,83.34,566.34,4943.6,DEMO / SYNTHETIC DATA
DEMO_G_2095,18.5510391,73.8569148,379365,2051535,DEMO_WARD_06,DEMO Ward 06,32.676,0.2568,0.2919,29.19,55.0,0.1699,6.452,312.43,569.2,12448.88,DEMO / SYNTHETIC DATA
DEMO_G_2096,18.5510408,73.857199,379395,2051535,DEMO_WARD_06,DEMO Ward 06,33.984,0.2561,0.1186,23.92,64.54,0.1898,6.318,135.2,561.68,10709.93,DEMO / SYNTHETIC DATA
DEMO_G_2097,18.5510425,73.8574833,379425,2051535,DEMO_WARD_06,DEMO Ward 06,34.477,0.39,0.3908,42.28,66.88,0.2381,5.537,261.66,559.02,5282.32,DEMO / SYNTHETIC DATA
DEMO_G_2098,18.5510442,73.8577675,379455,2051535,DEMO_WARD_06,DEMO Ward 06,34.768,0.2295,0.1715,22.32,58.72,0.202,4.862,419.96,574.6,10059.99,DEMO / SYNTHETIC DATA
DEMO_G_2099,18.551046,73.8580517,379485,2051535,DEMO_WARD_06,DEMO Ward 06,31.449,0.2527,0.1044,24.73,44.28,0.2172,7.458,131.95,571.77,11318.61,DEMO / SYNTHETIC DATA
DEMO_G_2100,18.5510477,73.8583359,379515,2051535,DEMO_WARD_06,DEMO Ward 06,33.225,0.2731,0.1269,23.15,54.41,0.2048,6.279,350.49,569.52,16199.09,DEMO / SYNTHETIC DATA
DEMO_G_2101,18.5512166,73.8415649,377745,2051565,DEMO_WARD_04,DEMO Ward 04,33.957,0.3745,0.1122,31.31,37.8,0.2002,5.047,56.54,567.48,6011.03,DEMO / SYNTHETIC DATA
DEMO_G_2102,18.5512184,73.8418491,377775,2051565,DEMO_WARD_04,DEMO Ward 04,32.107,0.2989,0.1106,22.97,53.53,0.1904,4.28,430.75,571.72,11086.03,DEMO / SYNTHETIC DATA
DEMO_G_2103,18.5512201,73.8421333,377805,2051565,DEMO_WARD_04,DEMO Ward 04,31.542,0.4063,-0.0063,42.06,33.92,0.1348,4.534,160.58,565.54,10820.82,DEMO / SYNTHETIC DATA
DEMO_G_2104,18.5512218,73.8424175,377835,2051565,DEMO_WARD_04,DEMO Ward 04,34.007,0.2553,0.0904,24.93,47.22,0.1857,3.79,358.02,576.15,8454.26,DEMO / SYNTHETIC DATA
DEMO_G_2105,18.5512236,73.8427018,377865,2051565,DEMO_WARD_04,DEMO Ward 04,31.926,0.3855,-0.0829,38.88,43.43,0.2384,4.643,392.28,564.19,8933.65,DEMO / SYNTHETIC DATA
DEMO_G_2106,18.5512253,73.842986,377895,2051565,DEMO_WARD_04,DEMO Ward 04,27.568,0.52,0.0539,56.6,11.57,0.1519,1.677,133.82,570.73,2279.27,DEMO / SYNTHETIC DATA
DEMO_G_2107,18.5512271,73.8432702,377925,2051565,DEMO_WARD_04,DEMO Ward 04,34.919,0.3206,0.045,17.39,55.73,0.1863,4.693,246.66,558.88,10289.79,DEMO / SYNTHETIC DATA
DEMO_G_2108,18.5512288,73.8435544,377955,2051565,DEMO_WARD_04,DEMO Ward 04,32.248,0.2185,0.084,24.22,61.79,0.2043,2.817,307.72,563.3,10572.28,DEMO / SYNTHETIC DATA
DEMO_G_2109,18.5512306,73.8438387,377985,2051565,DEMO_WARD_04,DEMO Ward 04,33.316,0.2544,0.186,24.95,50.36,0.1943,5.387,340.63,568.85,10874.93,DEMO / SYNTHETIC DATA
DEMO_G_2110,18.5512323,73.8441229,378015,2051565,DEMO_WARD_04,DEMO Ward 04,32.024,0.3331,0.025,17.03,37.07,0.1774,5.334,257.84,570.84,2133.75,DEMO / SYNTHETIC DATA
DEMO_G_2111,18.551234,73.8444071,378045,2051565,DEMO_WARD_04,DEMO Ward 04,34.726,0.3392,0.1248,34.6,49.67,0.187,2.813,325.73,561.02,11413.2,DEMO / SYNTHETIC DATA
DEMO_G_2112,18.5512358,73.8446913,378075,2051565,DEMO_WARD_04,DEMO Ward 04,33.344,0.3753,0.128,32.54,58.18,0.2237,5.301,258.3,562.21,8562.1,DEMO / SYNTHETIC DATA
DEMO_G_2113,18.5512375,73.8449755,378105,2051565,DEMO_WARD_04,DEMO Ward 04,36.477,0.174,0.1659,22.4,43.18,0.1076,4.451,297.95,567.14,7533.49,DEMO / SYNTHETIC DATA
DEMO_G_2114,18.5512393,73.8452598,378135,2051565,DEMO_WARD_04,DEMO Ward 04,29.423,0.3733,0.1356,48.95,57.02,0.2199,4.279,240.44,572.75,11068.34,DEMO / SYNTHETIC DATA
DEMO_G_2115,18.551241,73.845544,378165,2051565,DEMO_WARD_04,DEMO Ward 04,34.804,0.217,0.3381,28.07,64.77,0.2405,7.978,494.5,572.87,8472.17,DEMO / SYNTHETIC DATA
DEMO_G_2116,18.5512427,73.8458282,378195,2051565,DEMO_WARD_04,DEMO Ward 04,36.612,0.2372,0.2347,22.88,58.6,0.1885,5.592,259.87,567.38,8546.73,DEMO / SYNTHETIC DATA
DEMO_G_2117,18.5512445,73.8461124,378225,2051565,DEMO_WARD_04,DEMO Ward 04,35.874,0.2869,0.2794,23.66,58.15,0.1937,4.695,329.04,565.66,13379.7,DEMO / SYNTHETIC DATA
DEMO_G_2118,18.5512462,73.8463967,378255,2051565,DEMO_WARD_04,DEMO Ward 04,31.764,0.4106,0.0613,34.02,35.9,0.2093,5.76,368.62,570.87,10866.56,DEMO / SYNTHETIC DATA
DEMO_G_2119,18.5512479,73.8466809,378285,2051565,DEMO_WARD_04,DEMO Ward 04,36.155,0.2874,0.3255,38.11,76.36,0.2399,5.076,492.5,559.23,12630.13,DEMO / SYNTHETIC DATA
DEMO_G_2120,18.5512497,73.8469651,378315,2051565,DEMO_WARD_04,DEMO Ward 04,30.815,0.3575,-0.0277,25.03,36.48,0.2473,4.461,243.55,561.81,6204.28,DEMO / SYNTHETIC DATA
DEMO_G_2121,18.5512514,73.8472493,378345,2051565,DEMO_WARD_05,DEMO Ward 05,35.225,0.1817,0.21,28.9,59.13,0.1908,7.238,348.93,562.64,14089.53,DEMO / SYNTHETIC DATA
DEMO_G_2122,18.5512531,73.8475336,378375,2051565,DEMO_WARD_05,DEMO Ward 05,36.915,0.3656,0.2429,37.67,52.29,0.1765,5.923,386.9,571.88,10308.79,DEMO / SYNTHETIC DATA
DEMO_G_2123,18.5512549,73.8478178,378405,2051565,DEMO_WARD_05,DEMO Ward 05,31.363,0.2948,0.0083,20.02,47.02,0.2278,5.204,182.39,567.52,8760.26,DEMO / SYNTHETIC DATA
DEMO_G_2124,18.5512566,73.848102,378435,2051565,DEMO_WARD_05,DEMO Ward 05,34.432,0.3707,0.0513,28.66,28.93,0.1753,2.131,245.14,567.87,5488.92,DEMO / SYNTHETIC DATA
DEMO_G_2125,18.5512583,73.8483862,378465,2051565,DEMO_WARD_05,DEMO Ward 05,33.702,0.4413,0.1189,39.43,46.05,0.1893,5.211,339.21,563.47,10050.89,DEMO / SYNTHETIC DATA
DEMO_G_2126,18.5512601,73.8486705,378495,2051565,DEMO_WARD_05,DEMO Ward 05,32.564,0.2109,0.1375,33.12,40.88,0.1893,4.938,166.06,565.76,11972.12,DEMO / SYNTHETIC DATA
DEMO_G_2127,18.5512618,73.8489547,378525,2051565,DEMO_WARD_05,DEMO Ward 05,35.4,0.1202,0.1043,25.78,34.9,0.162,4.178,311.02,567.09,7259.28,DEMO / SYNTHETIC DATA
DEMO_G_2128,18.5512635,73.8492389,378555,2051565,DEMO_WARD_05,DEMO Ward 05,30.624,0.2813,-0.0855,29.83,20.87,0.2495,3.522,156.79,566.2,9441.4,DEMO / SYNTHETIC DATA
DEMO_G_2129,18.5512653,73.8495231,378585,2051565,DEMO_WARD_05,DEMO Ward 05,33.811,0.1608,0.1913,24.8,62.76,0.2115,4.721,364.45,562.29,12354.32,DEMO / SYNTHETIC DATA
DEMO_G_2130,18.551267,73.8498074,378615,2051565,DEMO_WARD_05,DEMO Ward 05,29.513,0.3178,-0.0823,45.32,31.78,0.1805,3.054,311.09,563.37,6439.74,DEMO / SYNTHETIC DATA
DEMO_G_2131,18.5512687,73.8500916,378645,2051565,DEMO_WARD_05,DEMO Ward 05,29.683,0.404,-0.1707,26.28,17.7,0.206,2.094,22.12,567.31,6427.56,DEMO / SYNTHETIC DATA
DEMO_G_2132,18.5512705,73.8503758,378675,2051565,DEMO_WARD_05,DEMO Ward 05,35.945,0.0896,0.2203,24.2,47.54,0.1663,2.928,252.59,570.47,10542.67,DEMO / SYNTHETIC DATA
DEMO_G_2133,18.5512722,73.85066,378705,2051565,DEMO_WARD_05,DEMO Ward 05,32.632,0.2802,0.0545,38.9,33.91,0.2585,2.903,110.53,560.23,11306.35,DEMO / SYNTHETIC DATA
DEMO_G_2134,18.5512739,73.8509443,378735,2051565,DEMO_WARD_05,DEMO Ward 05,33.635,0.3309,-0.0017,26.78,36.07,0.276,4.725,293.29,568.31,6446.35,DEMO / SYNTHETIC DATA
DEMO_G_2135,18.5512757,73.8512285,378765,2051565,DEMO_WARD_05,DEMO Ward 05,32.807,0.3416,0.1055,33.38,25.01,0.2507,4.149,194.65,568.16,5277.11,DEMO / SYNTHETIC DATA
DEMO_G_2136,18.5512774,73.8515127,378795,2051565,DEMO_WARD_05,DEMO Ward 05,31.31,0.4775,-0.0521,46.07,36.08,0.2633,3.791,248.81,563.96,6135.1,DEMO / SYNTHETIC DATA
DEMO_G_2137,18.5512791,73.8517969,378825,2051565,DEMO_WARD_05,DEMO Ward 05,31.867,0.4001,-0.0621,36.16,29.36,0.1859,2.914,81.97,565.47,5278.82,DEMO / SYNTHETIC DATA
DEMO_G_2138,18.5512809,73.8520812,378855,2051565,DEMO_WARD_05,DEMO Ward 05,32.486,0.3281,0.07,40.7,48.38,0.2459,5.171,282.37,580.17,6885.59,DEMO / SYNTHETIC DATA
DEMO_G_2139,18.5512826,73.8523654,378885,2051565,DEMO_WARD_05,DEMO Ward 05,32.419,0.5238,-0.0722,39.31,29.39,0.1792,1.968,105.55,574.21,8170.1,DEMO / SYNTHETIC DATA
DEMO_G_2140,18.5512843,73.8526496,378915,2051565,DEMO_WARD_05,DEMO Ward 05,31.878,0.4374,-0.0831,38.55,22.17,0.1658,3.827,260.32,565.94,7011.96,DEMO / SYNTHETIC DATA
DEMO_G_2141,18.551286,73.8529338,378945,2051565,DEMO_WARD_06,DEMO Ward 06,30.807,0.3955,-0.0609,24.64,40.14,0.2091,2.341,197.62,559.25,4439.6,DEMO / SYNTHETIC DATA
DEMO_G_2142,18.5512878,73.8532181,378975,2051565,DEMO_WARD_06,DEMO Ward 06,27.211,0.4774,-0.1995,53.8,29.7,0.2295,3.799,254.54,562.58,2668.54,DEMO / SYNTHETIC DATA
DEMO_G_2143,18.5512895,73.8535023,379005,2051565,DEMO_WARD_06,DEMO Ward 06,30.395,0.5318,0.217,44.15,37.51,0.2096,2.998,200.18,561.56,7430.29,DEMO / SYNTHETIC DATA
DEMO_G_2144,18.5512912,73.8537865,379035,2051565,DEMO_WARD_06,DEMO Ward 06,31.519,0.3241,-0.1978,39.18,27.02,0.1786,2.518,257.58,566.37,2737.33,DEMO / SYNTHETIC DATA
DEMO_G_2145,18.5512929,73.8540707,379065,2051565,DEMO_WARD_06,DEMO Ward 06,34.586,0.2473,-0.0023,27.68,43.08,0.1958,4.518,136.7,568.58,7912.46,DEMO / SYNTHETIC DATA
DEMO_G_2146,18.5512947,73.854355,379095,2051565,DEMO_WARD_06,DEMO Ward 06,32.639,0.3552,-0.0859,23.61,39.28,0.1964,2.386,252.34,566.24,5830.7,DEMO / SYNTHETIC DATA
DEMO_G_2147,18.5512964,73.8546392,379125,2051565,DEMO_WARD_06,DEMO Ward 06,27.29,0.3904,-0.0031,55.19,32.75,0.2041,4.067,11.57,564.56,7839.89,DEMO / SYNTHETIC DATA
DEMO_G_2148,18.5512981,73.8549234,379155,2051565,DEMO_WARD_06,DEMO Ward 06,33.227,0.2181,0.1679,19.34,48.96,0.1659,3.824,221.0,563.23,6492.91,DEMO / SYNTHETIC DATA
DEMO_G_2149,18.5512998,73.8552077,379185,2051565,DEMO_WARD_06,DEMO Ward 06,33.341,0.3885,-0.0062,24.72,38.93,0.2228,3.663,324.36,564.14,6811.52,DEMO / SYNTHETIC DATA
DEMO_G_2150,18.5513016,73.8554919,379215,2051565,DEMO_WARD_06,DEMO Ward 06,32.003,0.3897,0.1274,47.98,42.61,0.1386,6.106,305.61,568.88,5778.67,DEMO / SYNTHETIC DATA
DEMO_G_2151,18.5513033,73.8557761,379245,2051565,DEMO_WARD_06,DEMO Ward 06,34.638,0.3277,0.1465,27.34,45.06,0.1972,5.255,410.25,565.78,10119.16,DEMO / SYNTHETIC DATA
DEMO_G_2152,18.551305,73.8560603,379275,2051565,DEMO_WARD_06,DEMO Ward 06,34.217,0.327,0.1587,35.03,50.37,0.1898,5.146,301.14,570.24,12957.89,DEMO / SYNTHETIC DATA
DEMO_G_2153,18.5513067,73.8563446,379305,2051565,DEMO_WARD_06,DEMO Ward 06,33.556,0.2403,0.3178,41.91,77.25,0.2242,5.552,319.92,566.62,12912.79,DEMO / SYNTHETIC DATA
DEMO_G_2154,18.5513084,73.8566288,379335,2051565,DEMO_WARD_06,DEMO Ward 06,32.436,0.2911,0.0081,14.55,46.12,0.2064,5.108,225.35,574.83,8163.05,DEMO / SYNTHETIC DATA
DEMO_G_2155,18.5513102,73.856913,379365,2051565,DEMO_WARD_06,DEMO Ward 06,37.352,0.1951,0.1859,22.7,49.93,0.225,5.03,404.66,563.07,10608.39,DEMO / SYNTHETIC DATA
DEMO_G_2156,18.5513119,73.8571972,379395,2051565,DEMO_WARD_06,DEMO Ward 06,34.241,0.1764,0.2224,27.34,47.67,0.1801,4.968,296.01,569.01,7763.93,DEMO / SYNTHETIC DATA
DEMO_G_2157,18.5513136,73.8574815,379425,2051565,DEMO_WARD_06,DEMO Ward 06,34.78,0.2448,0.0191,26.58,44.88,0.2352,6.228,229.61,567.55,8247.58,DEMO / SYNTHETIC DATA
DEMO_G_2158,18.5513153,73.8577657,379455,2051565,DEMO_WARD_06,DEMO Ward 06,35.885,0.1575,0.1914,22.09,68.1,0.1807,6.073,314.57,566.33,18909.75,DEMO / SYNTHETIC DATA
DEMO_G_2159,18.551317,73.8580499,379485,2051565,DEMO_WARD_06,DEMO Ward 06,36.364,0.2231,0.2507,30.76,64.61,0.2087,9.473,555.25,563.34,15087.05,DEMO / SYNTHETIC DATA
DEMO_G_2160,18.5513188,73.8583341,379515,2051565,DEMO_WARD_06,DEMO Ward 06,36.395,0.255,0.1928,34.24,54.78,0.1357,6.312,328.57,561.07,16713.99,DEMO / SYNTHETIC DATA
DEMO_G_2161,18.5514877,73.841563,377745,2051595,DEMO_WARD_04,DEMO Ward 04,31.245,0.4429,-0.0402,36.89,32.78,0.2105,4.289,270.73,569.02,8668.48,DEMO / SYNTHETIC DATA
DEMO_G_2162,18.5514894,73.8418473,377775,2051595,DEMO_WARD_04,DEMO Ward 04,33.376,0.2713,0.2173,29.58,33.6,0.1373,3.706,122.33,561.3,8028.28,DEMO / SYNTHETIC DATA
DEMO_G_2163,18.5514912,73.8421315,377805,2051595,DEMO_WARD_04,DEMO Ward 04,30.551,0.5375,0.1076,51.92,38.37,0.1787,1.543,294.01,564.95,5521.24,DEMO / SYNTHETIC DATA
DEMO_G_2164,18.5514929,73.8424157,377835,2051595,DEMO_WARD_04,DEMO Ward 04,32.291,0.4847,0.0134,48.2,24.22,0.202,5.022,81.95,570.5,1423.38,DEMO / SYNTHETIC DATA
DEMO_G_2165,18.5514947,73.8426999,377865,2051595,DEMO_WARD_04,DEMO Ward 04,31.319,0.3799,0.0031,20.74,31.87,0.1883,3.527,255.95,574.92,6357.68,DEMO / SYNTHETIC DATA
DEMO_G_2166,18.5514964,73.8429842,377895,2051595,DEMO_WARD_04,DEMO Ward 04,29.515,0.5647,-0.0418,35.63,36.15,0.1862,4.233,212.38,564.91,6411.47,DEMO / SYNTHETIC DATA
DEMO_G_2167,18.5514982,73.8432684,377925,2051595,DEMO_WARD_04,DEMO Ward 04,34.246,0.2993,0.1233,32.88,34.45,0.1569,3.872,234.4,570.76,16378.51,DEMO / SYNTHETIC DATA
DEMO_G_2168,18.5514999,73.8435526,377955,2051595,DEMO_WARD_04,DEMO Ward 04,34.04,0.1738,0.0854,7.35,47.5,0.1879,7.688,306.81,567.12,8324.18,DEMO / SYNTHETIC DATA
DEMO_G_2169,18.5515016,73.8438368,377985,2051595,DEMO_WARD_04,DEMO Ward 04,33.093,0.314,0.0391,11.93,45.82,0.221,2.929,219.33,564.08,7581.21,DEMO / SYNTHETIC DATA
DEMO_G_2170,18.5515034,73.8441211,378015,2051595,DEMO_WARD_04,DEMO Ward 04,35.54,0.1927,0.2393,31.06,65.04,0.1374,5.588,258.82,567.34,12541.83,DEMO / SYNTHETIC DATA
DEMO_G_2171,18.5515051,73.8444053,378045,2051595,DEMO_WARD_04,DEMO Ward 04,33.49,0.1235,0.365,22.55,47.53,0.2373,6.344,375.22,565.16,13633.94,DEMO / SYNTHETIC DATA
DEMO_G_2172,18.5515069,73.8446895,378075,2051595,DEMO_WARD_04,DEMO Ward 04,37.437,0.2335,0.2131,23.36,62.27,0.1868,3.695,258.9,566.72,10653.58,DEMO / SYNTHETIC DATA
DEMO_G_2173,18.5515086,73.8449737,378105,2051595,DEMO_WARD_04,DEMO Ward 04,34.639,0.317,0.2368,28.67,71.51,0.1656,6.465,193.54,563.49,9238.01,DEMO / SYNTHETIC DATA
DEMO_G_2174,18.5515103,73.845258,378135,2051595,DEMO_WARD_04,DEMO Ward 04,37.455,0.2036,0.2899,23.98,54.91,0.1453,3.774,365.88,561.22,11553.96,DEMO / SYNTHETIC DATA
DEMO_G_2175,18.5515121,73.8455422,378165,2051595,DEMO_WARD_04,DEMO Ward 04,30.236,0.4167,-0.0019,31.3,31.78,0.2172,1.975,240.87,563.84,6816.56,DEMO / SYNTHETIC DATA
DEMO_G_2176,18.5515138,73.8458264,378195,2051595,DEMO_WARD_04,DEMO Ward 04,34.167,0.1375,0.1393,6.62,53.99,0.1384,4.532,325.9,569.73,13865.75,DEMO / SYNTHETIC DATA
DEMO_G_2177,18.5515156,73.8461106,378225,2051595,DEMO_WARD_04,DEMO Ward 04,35.297,0.1959,0.271,18.82,49.43,0.1563,7.44,485.22,566.28,13161.95,DEMO / SYNTHETIC DATA
DEMO_G_2178,18.5515173,73.8463949,378255,2051595,DEMO_WARD_04,DEMO Ward 04,30.884,0.2422,0.1112,19.52,54.65,0.2162,4.858,416.68,569.53,6672.31,DEMO / SYNTHETIC DATA
DEMO_G_2179,18.551519,73.8466791,378285,2051595,DEMO_WARD_04,DEMO Ward 04,33.077,0.4257,0.1304,35.55,43.26,0.1897,3.739,116.72,562.95,8067.59,DEMO / SYNTHETIC DATA
DEMO_G_2180,18.5515208,73.8469633,378315,2051595,DEMO_WARD_04,DEMO Ward 04,33.832,0.0907,0.0391,6.91,38.16,0.191,4.899,141.6,565.5,5693.71,DEMO / SYNTHETIC DATA
DEMO_G_2181,18.5515225,73.8472475,378345,2051595,DEMO_WARD_05,DEMO Ward 05,35.28,0.3987,0.2041,13.98,50.0,0.2292,4.174,293.4,563.92,9007.2,DEMO / SYNTHETIC DATA
DEMO_G_2182,18.5515242,73.8475318,378375,2051595,DEMO_WARD_05,DEMO Ward 05,34.28,0.2708,0.0906,33.65,69.14,0.196,6.169,377.31,568.56,10583.09,DEMO / SYNTHETIC DATA
DEMO_G_2183,18.551526,73.847816,378405,2051595,DEMO_WARD_05,DEMO Ward 05,32.387,0.2016,0.1952,17.56,41.7,0.1983,6.778,320.56,567.2,14572.06,DEMO / SYNTHETIC DATA
DEMO_G_2184,18.5515277,73.8481002,378435,2051595,DEMO_WARD_05,DEMO Ward 05,30.874,0.3275,0.0497,19.11,56.01,0.2926,5.172,402.12,563.27,11740.27,DEMO / SYNTHETIC DATA
DEMO_G_2185,18.5515294,73.8483844,378465,2051595,DEMO_WARD_05,DEMO Ward 05,29.963,0.3902,-0.0403,24.61,22.02,0.1631,1.732,170.85,567.55,5213.67,DEMO / SYNTHETIC DATA
DEMO_G_2186,18.5515312,73.8486687,378495,2051595,DEMO_WARD_05,DEMO Ward 05,30.84,0.3698,0.2161,38.57,41.84,0.2466,5.586,235.97,570.32,6472.85,DEMO / SYNTHETIC DATA
DEMO_G_2187,18.5515329,73.8489529,378525,2051595,DEMO_WARD_05,DEMO Ward 05,30.724,0.3606,0.0753,35.65,24.37,0.2714,3.917,144.45,567.52,7940.51,DEMO / SYNTHETIC DATA
DEMO_G_2188,18.5515346,73.8492371,378555,2051595,DEMO_WARD_05,DEMO Ward 05,31.819,0.4628,0.19,51.32,53.43,0.1467,4.69,355.23,559.78,5600.25,DEMO / SYNTHETIC DATA
DEMO_G_2189,18.5515364,73.8495213,378585,2051595,DEMO_WARD_05,DEMO Ward 05,34.734,0.3141,0.2588,40.8,64.09,0.2657,3.676,336.42,571.27,4960.84,DEMO / SYNTHETIC DATA
DEMO_G_2190,18.5515381,73.8498056,378615,2051595,DEMO_WARD_05,DEMO Ward 05,35.644,0.3634,0.2145,26.3,32.79,0.1674,5.22,310.59,564.98,7859.39,DEMO / SYNTHETIC DATA
DEMO_G_2191,18.5515398,73.8500898,378645,2051595,DEMO_WARD_05,DEMO Ward 05,28.64,0.5277,-0.0875,41.57,22.66,0.2542,4.144,242.94,572.9,4892.74,DEMO / SYNTHETIC DATA
DEMO_G_2192,18.5515416,73.850374,378675,2051595,DEMO_WARD_05,DEMO Ward 05,34.194,0.2628,0.0378,23.01,41.67,0.2214,4.263,339.01,580.29,8898.77,DEMO / SYNTHETIC DATA
DEMO_G_2193,18.5515433,73.8506582,378705,2051595,DEMO_WARD_05,DEMO Ward 05,30.374,0.4691,-0.1467,44.1,21.25,0.2373,3.145,329.58,570.53,979.43,DEMO / SYNTHETIC DATA
DEMO_G_2194,18.551545,73.8509425,378735,2051595,DEMO_WARD_05,DEMO Ward 05,27.696,0.4123,-0.175,43.71,19.01,0.2339,3.294,133.26,569.05,6524.8,DEMO / SYNTHETIC DATA
DEMO_G_2195,18.5515468,73.8512267,378765,2051595,DEMO_WARD_05,DEMO Ward 05,32.232,0.2266,0.0781,26.75,50.07,0.1787,4.111,315.14,569.79,7615.21,DEMO / SYNTHETIC DATA
DEMO_G_2196,18.5515485,73.8515109,378795,2051595,DEMO_WARD_05,DEMO Ward 05,32.274,0.4421,0.0874,35.08,39.74,0.1758,2.306,296.66,563.19,7396.56,DEMO / SYNTHETIC DATA
DEMO_G_2197,18.5515502,73.8517951,378825,2051595,DEMO_WARD_05,DEMO Ward 05,31.918,0.4764,0.0297,30.02,41.89,0.1829,6.21,287.26,564.92,9722.9,DEMO / SYNTHETIC DATA
DEMO_G_2198,18.5515519,73.8520794,378855,2051595,DEMO_WARD_05,DEMO Ward 05,33.328,0.3291,0.1691,37.72,28.94,0.1764,5.554,145.67,573.29,8208.53,DEMO / SYNTHETIC DATA
DEMO_G_2199,18.5515537,73.8523636,378885,2051595,DEMO_WARD_05,DEMO Ward 05,28.292,0.5961,-0.1023,32.51,23.63,0.2395,2.259,170.41,568.47,5032.37,DEMO / SYNTHETIC DATA
DEMO_G_2200,18.5515554,73.8526478,378915,2051595,DEMO_WARD_05,DEMO Ward 05,31.99,0.4139,-0.0527,19.25,19.87,0.215,3.928,48.89,570.2,6046.63,DEMO / SYNTHETIC DATA
DEMO_G_2201,18.5515571,73.852932,378945,2051595,DEMO_WARD_06,DEMO Ward 06,30.611,0.5283,0.0329,30.33,26.93,0.206,3.216,55.92,571.13,4838.24,DEMO / SYNTHETIC DATA
DEMO_G_2202,18.5515588,73.8532163,378975,2051595,DEMO_WARD_06,DEMO Ward 06,34.595,0.3564,0.0561,26.77,35.79,0.188,3.959,275.86,566.31,6968.5,DEMO / SYNTHETIC DATA
DEMO_G_2203,18.5515606,73.8535005,379005,2051595,DEMO_WARD_06,DEMO Ward 06,30.299,0.5417,0.0063,39.27,29.25,0.1932,4.244,172.65,565.17,7958.21,DEMO / SYNTHETIC DATA
DEMO_G_2204,18.5515623,73.8537847,379035,2051595,DEMO_WARD_06,DEMO Ward 06,32.67,0.4374,0.0021,36.66,42.83,0.2063,2.663,301.66,570.6,9421.77,DEMO / SYNTHETIC DATA
DEMO_G_2205,18.551564,73.8540689,379065,2051595,DEMO_WARD_06,DEMO Ward 06,27.527,0.49,-0.0037,63.04,25.31,0.1377,2.013,283.88,560.94,5040.49,DEMO / SYNTHETIC DATA
DEMO_G_2206,18.5515658,73.8543532,379095,2051595,DEMO_WARD_06,DEMO Ward 06,33.561,0.3777,0.08,21.75,49.77,0.2634,5.431,334.24,567.16,9184.03,DEMO / SYNTHETIC DATA
DEMO_G_2207,18.5515675,73.8546374,379125,2051595,DEMO_WARD_06,DEMO Ward 06,32.471,0.2474,0.2672,11.4,40.01,0.1787,6.173,88.22,562.6,13294.33,DEMO / SYNTHETIC DATA
DEMO_G_2208,18.5515692,73.8549216,379155,2051595,DEMO_WARD_06,DEMO Ward 06,30.364,0.3401,0.0408,27.66,26.75,0.1909,3.032,122.88,565.07,10969.81,DEMO / SYNTHETIC DATA
DEMO_G_2209,18.5515709,73.8552058,379185,2051595,DEMO_WARD_06,DEMO Ward 06,35.03,0.2284,0.1863,15.28,56.12,0.1415,6.065,534.47,569.58,7619.49,DEMO / SYNTHETIC DATA
DEMO_G_2210,18.5515726,73.8554901,379215,2051595,DEMO_WARD_06,DEMO Ward 06,36.258,0.2961,0.1789,19.91,49.1,0.1463,3.922,240.09,567.37,13839.33,DEMO / SYNTHETIC DATA
DEMO_G_2211,18.5515744,73.8557743,379245,2051595,DEMO_WARD_06,DEMO Ward 06,36.093,0.2004,0.1047,20.41,58.98,0.2032,5.956,315.22,574.26,11687.3,DEMO / SYNTHETIC DATA
DEMO_G_2212,18.5515761,73.8560585,379275,2051595,DEMO_WARD_06,DEMO Ward 06,31.698,0.4185,-0.1991,42.61,32.62,0.1527,4.303,57.37,567.82,1998.45,DEMO / SYNTHETIC DATA
DEMO_G_2213,18.5515778,73.8563427,379305,2051595,DEMO_WARD_06,DEMO Ward 06,32.521,0.2885,-0.009,10.52,49.63,0.1968,4.185,251.34,569.57,9833.19,DEMO / SYNTHETIC DATA
DEMO_G_2214,18.5515795,73.856627,379335,2051595,DEMO_WARD_06,DEMO Ward 06,33.094,0.2268,0.2068,16.76,52.77,0.2668,5.65,465.06,572.34,12470.56,DEMO / SYNTHETIC DATA
DEMO_G_2215,18.5515813,73.8569112,379365,2051595,DEMO_WARD_06,DEMO Ward 06,32.943,0.2986,-0.0049,24.15,46.74,0.1401,7.209,95.72,568.26,10878.27,DEMO / SYNTHETIC DATA
DEMO_G_2216,18.551583,73.8571954,379395,2051595,DEMO_WARD_06,DEMO Ward 06,31.43,0.3216,0.2776,23.25,34.86,0.2181,3.91,191.3,564.58,10243.39,DEMO / SYNTHETIC DATA
DEMO_G_2217,18.5515847,73.8574797,379425,2051595,DEMO_WARD_06,DEMO Ward 06,34.71,0.1703,0.0724,1.0,63.09,0.2027,5.816,251.62,572.56,10730.22,DEMO / SYNTHETIC DATA
DEMO_G_2218,18.5515864,73.8577639,379455,2051595,DEMO_WARD_06,DEMO Ward 06,30.78,0.2968,0.0621,34.16,53.23,0.2846,6.65,366.5,568.19,14297.89,DEMO / SYNTHETIC DATA
DEMO_G_2219,18.5515881,73.8580481,379485,2051595,DEMO_WARD_06,DEMO Ward 06,31.249,0.3251,0.0918,33.31,44.07,0.1939,4.513,397.58,565.35,10635.19,DEMO / SYNTHETIC DATA
DEMO_G_2220,18.5515899,73.8583323,379515,2051595,DEMO_WARD_06,DEMO Ward 06,36.103,0.3958,0.3348,37.17,73.05,0.1607,5.557,213.25,569.68,12954.39,DEMO / SYNTHETIC DATA
DEMO_G_2221,18.5517588,73.8415612,377745,2051625,DEMO_WARD_04,DEMO Ward 04,35.136,0.5031,0.0609,40.78,44.79,0.1833,1.822,207.25,563.9,6370.76,DEMO / SYNTHETIC DATA
DEMO_G_2222,18.5517605,73.8418454,377775,2051625,DEMO_WARD_04,DEMO Ward 04,29.509,0.4927,0.1093,40.77,33.33,0.2559,3.49,265.44,569.36,4966.11,DEMO / SYNTHETIC DATA
DEMO_G_2223,18.5517623,73.8421297,377805,2051625,DEMO_WARD_04,DEMO Ward 04,32.979,0.4464,0.1766,19.24,51.23,0.2022,4.092,119.24,565.58,6327.18,DEMO / SYNTHETIC DATA
DEMO_G_2224,18.551764,73.8424139,377835,2051625,DEMO_WARD_04,DEMO Ward 04,31.294,0.2615,0.0066,24.21,29.51,0.1939,4.414,221.29,565.65,7587.82,DEMO / SYNTHETIC DATA
DEMO_G_2225,18.5517658,73.8426981,377865,2051625,DEMO_WARD_04,DEMO Ward 04,33.993,0.2385,0.0489,24.88,35.31,0.2045,5.988,401.47,563.76,11132.18,DEMO / SYNTHETIC DATA
DEMO_G_2226,18.5517675,73.8429823,377895,2051625,DEMO_WARD_04,DEMO Ward 04,33.397,0.101,0.1289,8.93,43.78,0.2036,4.788,284.44,575.65,9183.51,DEMO / SYNTHETIC DATA
DEMO_G_2227,18.5517692,73.8432666,377925,2051625,DEMO_WARD_04,DEMO Ward 04,34.732,0.2183,0.1065,24.74,47.15,0.2008,7.149,501.38,556.77,14631.59,DEMO / SYNTHETIC DATA
DEMO_G_2228,18.551771,73.8435508,377955,2051625,DEMO_WARD_04,DEMO Ward 04,29.517,0.3779,0.18,24.68,24.38,0.2025,0.058,245.11,567.74,3814.62,DEMO / SYNTHETIC DATA
DEMO_G_2229,18.5517727,73.843835,377985,2051625,DEMO_WARD_04,DEMO Ward 04,28.508,0.4999,0.0437,43.92,40.41,0.2164,3.377,311.88,569.13,5875.19,DEMO / SYNTHETIC DATA
DEMO_G_2230,18.5517745,73.8441192,378015,2051625,DEMO_WARD_04,DEMO Ward 04,37.547,0.1889,0.3046,16.24,78.24,0.1718,5.83,456.58,562.33,19617.86,DEMO / SYNTHETIC DATA
DEMO_G_2231,18.5517762,73.8444035,378045,2051625,DEMO_WARD_04,DEMO Ward 04,35.054,0.0934,0.1539,7.01,51.88,0.171,4.949,337.17,570.29,12618.91,DEMO / SYNTHETIC DATA
DEMO_G_2232,18.5517779,73.8446877,378075,2051625,DEMO_WARD_04,DEMO Ward 04,33.161,0.3804,0.1324,34.44,69.86,0.2921,5.742,365.5,567.06,10382.0,DEMO / SYNTHETIC DATA
DEMO_G_2233,18.5517797,73.8449719,378105,2051625,DEMO_WARD_04,DEMO Ward 04,32.986,0.1844,0.2291,25.84,62.41,0.1761,2.799,387.24,568.56,8274.72,DEMO / SYNTHETIC DATA
DEMO_G_2234,18.5517814,73.8452561,378135,2051625,DEMO_WARD_04,DEMO Ward 04,36.067,0.0068,0.2793,0.0,72.57,0.2047,5.704,328.06,567.85,13979.1,DEMO / SYNTHETIC DATA
DEMO_G_2235,18.5517832,73.8455404,378165,2051625,DEMO_WARD_04,DEMO Ward 04,34.942,0.2996,0.2387,34.12,64.68,0.2294,6.35,367.57,567.21,14215.69,DEMO / SYNTHETIC DATA
DEMO_G_2236,18.5517849,73.8458246,378195,2051625,DEMO_WARD_04,DEMO Ward 04,36.679,0.2737,0.2598,26.28,57.45,0.1586,6.226,442.29,567.54,15277.35,DEMO / SYNTHETIC DATA
DEMO_G_2237,18.5517866,73.8461088,378225,2051625,DEMO_WARD_04,DEMO Ward 04,36.562,0.1728,0.2793,0.0,53.67,0.1903,5.659,470.7,563.4,12236.36,DEMO / SYNTHETIC DATA
DEMO_G_2238,18.5517884,73.846393,378255,2051625,DEMO_WARD_04,DEMO Ward 04,34.186,0.1557,0.1762,34.43,49.86,0.1587,6.759,372.07,568.68,15166.63,DEMO / SYNTHETIC DATA
DEMO_G_2239,18.5517901,73.8466773,378285,2051625,DEMO_WARD_04,DEMO Ward 04,34.181,0.3364,0.182,20.29,50.04,0.1508,6.684,438.86,563.02,7557.42,DEMO / SYNTHETIC DATA
DEMO_G_2240,18.5517919,73.8469615,378315,2051625,DEMO_WARD_04,DEMO Ward 04,34.533,0.3089,0.126,13.69,62.76,0.217,4.271,160.16,559.5,5774.79,DEMO / SYNTHETIC DATA
DEMO_G_2241,18.5517936,73.8472457,378345,2051625,DEMO_WARD_05,DEMO Ward 05,31.062,0.4741,0.045,32.36,41.01,0.2349,4.797,225.76,571.82,5902.13,DEMO / SYNTHETIC DATA
DEMO_G_2242,18.5517953,73.8475299,378375,2051625,DEMO_WARD_05,DEMO Ward 05,33.98,0.3696,-0.1237,33.83,45.37,0.2508,3.477,214.72,568.04,5037.25,DEMO / SYNTHETIC DATA
DEMO_G_2243,18.5517971,73.8478142,378405,2051625,DEMO_WARD_05,DEMO Ward 05,33.992,0.2255,0.3403,20.3,56.44,0.2398,5.809,252.02,572.73,11713.38,DEMO / SYNTHETIC DATA
DEMO_G_2244,18.5517988,73.8480984,378435,2051625,DEMO_WARD_05,DEMO Ward 05,32.41,0.3941,-0.1119,38.9,37.75,0.2471,4.042,181.35,564.57,5182.13,DEMO / SYNTHETIC DATA
DEMO_G_2245,18.5518005,73.8483826,378465,2051625,DEMO_WARD_05,DEMO Ward 05,35.138,0.4687,0.0786,26.53,43.6,0.1702,5.098,128.43,564.55,6584.2,DEMO / SYNTHETIC DATA
DEMO_G_2246,18.5518023,73.8486668,378495,2051625,DEMO_WARD_05,DEMO Ward 05,31.209,0.4809,-0.0448,27.3,42.4,0.1725,4.403,162.7,566.75,5952.95,DEMO / SYNTHETIC DATA
DEMO_G_2247,18.551804,73.8489511,378525,2051625,DEMO_WARD_05,DEMO Ward 05,36.181,0.3717,0.0967,33.55,55.27,0.206,7.071,235.58,562.78,9764.1,DEMO / SYNTHETIC DATA
DEMO_G_2248,18.5518057,73.8492353,378555,2051625,DEMO_WARD_05,DEMO Ward 05,31.614,0.3724,0.0115,18.73,33.48,0.2045,3.99,52.87,568.37,8585.05,DEMO / SYNTHETIC DATA
DEMO_G_2249,18.5518075,73.8495195,378585,2051625,DEMO_WARD_05,DEMO Ward 05,33.382,0.5395,0.0947,27.45,26.95,0.2058,2.72,88.54,565.39,4659.51,DEMO / SYNTHETIC DATA
DEMO_G_2250,18.5518092,73.8498037,378615,2051625,DEMO_WARD_05,DEMO Ward 05,31.33,0.4129,0.0428,44.52,46.38,0.215,3.4,64.46,565.84,7892.08,DEMO / SYNTHETIC DATA
DEMO_G_2251,18.5518109,73.850088,378645,2051625,DEMO_WARD_05,DEMO Ward 05,32.266,0.379,0.0211,30.16,40.61,0.1939,5.818,161.28,567.98,7209.82,DEMO / SYNTHETIC DATA
DEMO_G_2252,18.5518127,73.8503722,378675,2051625,DEMO_WARD_05,DEMO Ward 05,28.713,0.6375,0.065,59.16,32.27,0.1478,5.437,191.36,568.71,7693.82,DEMO / SYNTHETIC DATA
DEMO_G_2253,18.5518144,73.8506564,378705,2051625,DEMO_WARD_05,DEMO Ward 05,32.973,0.423,0.0401,36.11,41.19,0.1972,2.398,218.64,565.48,4272.76,DEMO / SYNTHETIC DATA
DEMO_G_2254,18.5518161,73.8509406,378735,2051625,DEMO_WARD_05,DEMO Ward 05,33.623,0.3732,0.0543,32.8,51.66,0.2115,2.91,119.02,574.5,5603.16,DEMO / SYNTHETIC DATA
DEMO_G_2255,18.5518178,73.8512249,378765,2051625,DEMO_WARD_05,DEMO Ward 05,30.407,0.382,0.01,24.03,40.58,0.2759,3.195,71.55,571.47,8283.8,DEMO / SYNTHETIC DATA
DEMO_G_2256,18.5518196,73.8515091,378795,2051625,DEMO_WARD_05,DEMO Ward 05,29.249,0.3303,0.075,39.78,19.6,0.2631,4.683,202.5,562.26,7297.42,DEMO / SYNTHETIC DATA
DEMO_G_2257,18.5518213,73.8517933,378825,2051625,DEMO_WARD_05,DEMO Ward 05,31.27,0.2629,0.0437,6.51,29.39,0.1917,3.707,414.62,565.8,4948.66,DEMO / SYNTHETIC DATA
DEMO_G_2258,18.551823,73.8520775,378855,2051625,DEMO_WARD_05,DEMO Ward 05,31.116,0.3511,0.1726,27.83,32.85,0.185,1.819,109.7,566.41,7239.63,DEMO / SYNTHETIC DATA
DEMO_G_2259,18.5518248,73.8523618,378885,2051625,DEMO_WARD_05,DEMO Ward 05,31.738,0.3259,0.0416,14.55,37.81,0.1877,4.934,288.95,569.82,8436.04,DEMO / SYNTHETIC DATA
DEMO_G_2260,18.5518265,73.852646,378915,2051625,DEMO_WARD_05,DEMO Ward 05,28.258,0.5764,-0.0362,39.8,24.16,0.248,2.731,255.44,563.55,766.46,DEMO / SYNTHETIC DATA
DEMO_G_2261,18.5518282,73.8529302,378945,2051625,DEMO_WARD_06,DEMO Ward 06,31.479,0.3216,0.0864,18.74,19.33,0.1759,4.766,249.95,559.86,11248.11,DEMO / SYNTHETIC DATA
DEMO_G_2262,18.5518299,73.8532145,378975,2051625,DEMO_WARD_06,DEMO Ward 06,32.182,0.3892,0.0412,32.9,20.72,0.1416,3.439,247.66,569.75,3756.27,DEMO / SYNTHETIC DATA
DEMO_G_2263,18.5518317,73.8534987,379005,2051625,DEMO_WARD_06,DEMO Ward 06,30.274,0.3689,0.0846,15.46,22.36,0.1837,1.673,286.71,568.68,9686.19,DEMO / SYNTHETIC DATA
DEMO_G_2264,18.5518334,73.8537829,379035,2051625,DEMO_WARD_06,DEMO Ward 06,30.406,0.4218,0.0053,50.78,36.52,0.2215,5.233,359.64,567.45,6038.69,DEMO / SYNTHETIC DATA
DEMO_G_2265,18.5518351,73.8540671,379065,2051625,DEMO_WARD_06,DEMO Ward 06,31.256,0.3413,0.1686,42.8,34.28,0.2131,5.364,362.35,563.66,9957.8,DEMO / SYNTHETIC DATA
DEMO_G_2266,18.5518368,73.8543514,379095,2051625,DEMO_WARD_06,DEMO Ward 06,31.165,0.437,-0.1351,36.5,38.69,0.1848,4.194,313.18,564.25,2934.06,DEMO / SYNTHETIC DATA
DEMO_G_2267,18.5518386,73.8546356,379125,2051625,DEMO_WARD_06,DEMO Ward 06,28.779,0.3271,-0.0122,22.82,31.65,0.2822,4.926,261.14,567.17,3269.67,DEMO / SYNTHETIC DATA
DEMO_G_2268,18.5518403,73.8549198,379155,2051625,DEMO_WARD_06,DEMO Ward 06,30.689,0.4022,0.0304,19.98,36.19,0.2197,3.504,270.68,567.99,8975.25,DEMO / SYNTHETIC DATA
DEMO_G_2269,18.551842,73.855204,379185,2051625,DEMO_WARD_06,DEMO Ward 06,31.666,0.2907,-0.0733,28.22,33.12,0.1368,4.494,208.46,567.6,6999.7,DEMO / SYNTHETIC DATA
DEMO_G_2270,18.5518437,73.8554883,379215,2051625,DEMO_WARD_06,DEMO Ward 06,29.631,0.234,0.0635,26.23,37.16,0.1987,2.777,240.16,560.6,7489.6,DEMO / SYNTHETIC DATA
DEMO_G_2271,18.5518455,73.8557725,379245,2051625,DEMO_WARD_06,DEMO Ward 06,34.276,0.4086,-0.0639,39.37,33.83,0.1481,4.633,133.33,568.25,12269.54,DEMO / SYNTHETIC DATA
DEMO_G_2272,18.5518472,73.8560567,379275,2051625,DEMO_WARD_06,DEMO Ward 06,31.02,0.3916,0.0641,16.03,41.81,0.2458,5.698,140.01,566.26,10237.07,DEMO / SYNTHETIC DATA
DEMO_G_2273,18.5518489,73.8563409,379305,2051625,DEMO_WARD_06,DEMO Ward 06,33.621,0.1818,0.2864,25.12,42.92,0.2155,5.384,256.16,577.2,9518.58,DEMO / SYNTHETIC DATA
DEMO_G_2274,18.5518506,73.8566252,379335,2051625,DEMO_WARD_06,DEMO Ward 06,33.459,0.3532,0.1222,32.66,23.1,0.1583,3.937,245.92,569.35,10608.67,DEMO / SYNTHETIC DATA
DEMO_G_2275,18.5518523,73.8569094,379365,2051625,DEMO_WARD_06,DEMO Ward 06,33.187,0.3114,0.4416,26.45,60.03,0.1968,5.75,448.2,573.67,10673.22,DEMO / SYNTHETIC DATA
DEMO_G_2276,18.5518541,73.8571936,379395,2051625,DEMO_WARD_06,DEMO Ward 06,33.239,0.2737,0.2114,25.74,55.86,0.257,7.067,189.34,573.15,10502.0,DEMO / SYNTHETIC DATA
DEMO_G_2277,18.5518558,73.8574778,379425,2051625,DEMO_WARD_06,DEMO Ward 06,32.294,0.2414,0.1022,29.08,45.12,0.1963,1.405,452.42,569.27,8789.76,DEMO / SYNTHETIC DATA
DEMO_G_2278,18.5518575,73.8577621,379455,2051625,DEMO_WARD_06,DEMO Ward 06,32.116,0.4265,0.2574,27.53,58.45,0.2121,5.334,320.34,568.6,16641.94,DEMO / SYNTHETIC DATA
DEMO_G_2279,18.5518592,73.8580463,379485,2051625,DEMO_WARD_06,DEMO Ward 06,37.773,0.1427,0.3202,20.61,75.87,0.1003,6.452,480.85,569.52,12699.28,DEMO / SYNTHETIC DATA
DEMO_G_2280,18.5518609,73.8583305,379515,2051625,DEMO_WARD_06,DEMO Ward 06,33.959,0.2077,0.1545,4.15,33.63,0.1877,5.17,422.42,568.98,12064.78,DEMO / SYNTHETIC DATA
DEMO_G_2281,18.5520299,73.8415594,377745,2051655,DEMO_WARD_04,DEMO Ward 04,29.583,0.4908,0.0247,36.52,33.0,0.2252,2.255,370.62,570.46,10173.04,DEMO / SYNTHETIC DATA
DEMO_G_2282,18.5520316,73.8418436,377775,2051655,DEMO_WARD_04,DEMO Ward 04,34.952,0.2198,0.1429,24.12,75.88,0.1181,5.477,293.03,568.02,12908.26,DEMO / SYNTHETIC DATA
DEMO_G_2283,18.5520334,73.8421278,377805,2051655,DEMO_WARD_04,DEMO Ward 04,35.858,0.301,0.2123,41.41,59.7,0.2174,4.95,64.66,573.53,6269.51,DEMO / SYNTHETIC DATA
DEMO_G_2284,18.5520351,73.842412,377835,2051655,DEMO_WARD_04,DEMO Ward 04,31.894,0.4775,0.0094,40.62,38.28,0.2237,2.98,398.25,575.19,5552.77,DEMO / SYNTHETIC DATA
DEMO_G_2285,18.5520369,73.8426963,377865,2051655,DEMO_WARD_04,DEMO Ward 04,33.479,0.3222,0.0906,26.25,60.0,0.2473,5.569,349.54,568.35,9303.04,DEMO / SYNTHETIC DATA
DEMO_G_2286,18.5520386,73.8429805,377895,2051655,DEMO_WARD_04,DEMO Ward 04,32.523,0.1738,0.1132,21.85,51.95,0.2476,3.955,415.59,568.73,9604.99,DEMO / SYNTHETIC DATA
DEMO_G_2287,18.5520403,73.8432647,377925,2051655,DEMO_WARD_04,DEMO Ward 04,33.082,0.3081,0.2483,14.83,63.77,0.1911,5.259,358.06,567.03,13395.59,DEMO / SYNTHETIC DATA
DEMO_G_2288,18.5520421,73.843549,377955,2051655,DEMO_WARD_04,DEMO Ward 04,29.399,0.3865,0.179,50.06,50.08,0.1981,4.971,105.92,573.97,11805.39,DEMO / SYNTHETIC DATA
DEMO_G_2289,18.5520438,73.8438332,377985,2051655,DEMO_WARD_04,DEMO Ward 04,31.016,0.2366,0.0386,21.97,58.77,0.226,4.836,475.85,571.03,11388.29,DEMO / SYNTHETIC DATA
DEMO_G_2290,18.5520456,73.8441174,378015,2051655,DEMO_WARD_04,DEMO Ward 04,36.127,0.1807,0.2352,17.72,56.84,0.1713,6.934,219.13,565.91,11925.72,DEMO / SYNTHETIC DATA
DEMO_G_2291,18.5520473,73.8444016,378045,2051655,DEMO_WARD_04,DEMO Ward 04,33.01,0.3928,0.3397,27.39,66.99,0.2609,5.262,198.35,565.94,9628.0,DEMO / SYNTHETIC DATA
DEMO_G_2292,18.552049,73.8446859,378075,2051655,DEMO_WARD_04,DEMO Ward 04,34.604,0.2051,0.1213,32.82,45.18,0.1576,4.468,535.52,571.79,9832.32,DEMO / SYNTHETIC DATA
DEMO_G_2293,18.5520508,73.8449701,378105,2051655,DEMO_WARD_04,DEMO Ward 04,34.324,0.3091,0.2557,36.93,61.36,0.2242,6.5,356.05,565.68,13663.92,DEMO / SYNTHETIC DATA
DEMO_G_2294,18.5520525,73.8452543,378135,2051655,DEMO_WARD_04,DEMO Ward 04,30.223,0.373,-0.0226,28.91,40.96,0.2296,1.305,164.83,570.87,5955.08,DEMO / SYNTHETIC DATA
DEMO_G_2295,18.5520543,73.8455385,378165,2051655,DEMO_WARD_04,DEMO Ward 04,33.029,0.2645,0.2932,37.96,61.99,0.224,6.682,397.65,566.52,10010.5,DEMO / SYNTHETIC DATA
DEMO_G_2296,18.552056,73.8458228,378195,2051655,DEMO_WARD_04,DEMO Ward 04,32.362,0.3682,0.1349,35.82,59.47,0.2465,2.08,370.11,573.31,8592.78,DEMO / SYNTHETIC DATA
DEMO_G_2297,18.5520577,73.846107,378225,2051655,DEMO_WARD_04,DEMO Ward 04,37.581,0.1288,0.1971,18.52,68.23,0.1584,5.187,546.65,567.62,14658.34,DEMO / SYNTHETIC DATA
DEMO_G_2298,18.5520595,73.8463912,378255,2051655,DEMO_WARD_04,DEMO Ward 04,35.728,0.2074,0.3345,34.4,59.32,0.1284,4.7,217.05,565.57,12179.54,DEMO / SYNTHETIC DATA
DEMO_G_2299,18.5520612,73.8466754,378285,2051655,DEMO_WARD_04,DEMO Ward 04,33.331,0.3073,0.1051,31.71,54.51,0.1734,6.098,389.75,566.99,10465.81,DEMO / SYNTHETIC DATA
DEMO_G_2300,18.5520629,73.8469597,378315,2051655,DEMO_WARD_04,DEMO Ward 04,35.719,0.3614,0.3066,36.74,65.19,0.2218,5.18,443.91,570.04,11612.77,DEMO / SYNTHETIC DATA
DEMO_G_2301,18.5520647,73.8472439,378345,2051655,DEMO_WARD_05,DEMO Ward 05,33.345,0.2374,0.2109,25.02,59.23,0.1965,6.017,367.93,568.4,7053.32,DEMO / SYNTHETIC DATA
DEMO_G_2302,18.5520664,73.8475281,378375,2051655,DEMO_WARD_05,DEMO Ward 05,33.033,0.2154,0.1257,31.1,35.61,0.2139,5.749,121.94,567.5,8084.12,DEMO / SYNTHETIC DATA
DEMO_G_2303,18.5520681,73.8478123,378405,2051655,DEMO_WARD_05,DEMO Ward 05,31.792,0.2879,0.0772,27.7,38.19,0.3037,5.213,367.42,571.28,3752.27,DEMO / SYNTHETIC DATA
DEMO_G_2304,18.5520699,73.8480966,378435,2051655,DEMO_WARD_05,DEMO Ward 05,31.086,0.2781,0.0866,51.67,44.34,0.1976,5.242,377.93,575.97,13380.45,DEMO / SYNTHETIC DATA
DEMO_G_2305,18.5520716,73.8483808,378465,2051655,DEMO_WARD_05,DEMO Ward 05,29.062,0.4634,-0.2611,31.96,14.14,0.1649,4.47,246.99,569.92,6875.73,DEMO / SYNTHETIC DATA
DEMO_G_2306,18.5520733,73.848665,378495,2051655,DEMO_WARD_05,DEMO Ward 05,32.7,0.367,0.0014,40.01,41.31,0.2076,3.851,163.41,562.43,7568.15,DEMO / SYNTHETIC DATA
DEMO_G_2307,18.5520751,73.8489492,378525,2051655,DEMO_WARD_05,DEMO Ward 05,35.961,0.179,0.092,17.76,53.08,0.1207,7.209,283.88,572.08,12244.24,DEMO / SYNTHETIC DATA
DEMO_G_2308,18.5520768,73.8492335,378555,2051655,DEMO_WARD_05,DEMO Ward 05,31.234,0.2927,-0.0174,17.99,41.99,0.258,5.835,288.23,564.11,7253.67,DEMO / SYNTHETIC DATA
DEMO_G_2309,18.5520785,73.8495177,378585,2051655,DEMO_WARD_05,DEMO Ward 05,32.522,0.3753,0.1653,24.91,44.84,0.235,5.329,247.06,578.13,6674.48,DEMO / SYNTHETIC DATA
DEMO_G_2310,18.5520803,73.8498019,378615,2051655,DEMO_WARD_05,DEMO Ward 05,34.231,0.2083,0.064,15.15,29.13,0.1717,3.505,312.1,570.66,5707.76,DEMO / SYNTHETIC DATA
DEMO_G_2311,18.552082,73.8500861,378645,2051655,DEMO_WARD_05,DEMO Ward 05,32.951,0.3565,0.0577,20.75,50.93,0.2126,7.233,311.89,569.7,9550.67,DEMO / SYNTHETIC DATA
DEMO_G_2312,18.5520837,73.8503704,378675,2051655,DEMO_WARD_05,DEMO Ward 05,34.658,0.4121,0.08,37.96,60.57,0.2035,6.481,335.47,568.76,9051.92,DEMO / SYNTHETIC DATA
DEMO_G_2313,18.5520855,73.8506546,378705,2051655,DEMO_WARD_05,DEMO Ward 05,32.19,0.4033,0.1851,20.07,30.85,0.2172,4.591,215.45,567.69,8483.79,DEMO / SYNTHETIC DATA
DEMO_G_2314,18.5520872,73.8509388,378735,2051655,DEMO_WARD_05,DEMO Ward 05,30.27,0.4363,0.0429,46.68,22.53,0.22,0.505,0.0,567.46,4324.09,DEMO / SYNTHETIC DATA
DEMO_G_2315,18.5520889,73.8512231,378765,2051655,DEMO_WARD_05,DEMO Ward 05,29.787,0.4597,0.0393,29.86,22.34,0.1702,2.829,105.14,568.19,8303.39,DEMO / SYNTHETIC DATA
DEMO_G_2316,18.5520907,73.8515073,378795,2051655,DEMO_WARD_05,DEMO Ward 05,30.302,0.3989,0.054,43.33,25.56,0.2373,3.25,119.87,561.73,7018.66,DEMO / SYNTHETIC DATA
DEMO_G_2317,18.5520924,73.8517915,378825,2051655,DEMO_WARD_05,DEMO Ward 05,32.124,0.3284,-0.0404,38.31,36.51,0.1721,2.495,172.08,573.3,9572.39,DEMO / SYNTHETIC DATA
DEMO_G_2318,18.5520941,73.8520757,378855,2051655,DEMO_WARD_05,DEMO Ward 05,31.216,0.4345,-0.0504,40.48,32.94,0.2255,4.403,238.84,570.36,8256.88,DEMO / SYNTHETIC DATA
DEMO_G_2319,18.5520958,73.85236,378885,2051655,DEMO_WARD_05,DEMO Ward 05,32.812,0.3803,0.1181,30.29,28.0,0.2004,2.367,223.13,564.89,9647.8,DEMO / SYNTHETIC DATA
DEMO_G_2320,18.5520976,73.8526442,378915,2051655,DEMO_WARD_05,DEMO Ward 05,32.778,0.2165,0.0058,20.53,35.18,0.2157,4.702,282.34,562.36,8436.09,DEMO / SYNTHETIC DATA
DEMO_G_2321,18.5520993,73.8529284,378945,2051655,DEMO_WARD_06,DEMO Ward 06,33.008,0.3074,0.1065,47.32,43.1,0.1867,5.894,344.1,557.97,6115.63,DEMO / SYNTHETIC DATA
DEMO_G_2322,18.552101,73.8532126,378975,2051655,DEMO_WARD_06,DEMO Ward 06,29.611,0.3841,0.0662,43.32,30.38,0.1939,3.93,223.79,575.21,5772.05,DEMO / SYNTHETIC DATA
DEMO_G_2323,18.5521028,73.8534969,379005,2051655,DEMO_WARD_06,DEMO Ward 06,28.078,0.4579,-0.3146,28.17,14.29,0.2058,0.971,79.73,568.48,0.0,DEMO / SYNTHETIC DATA
DEMO_G_2324,18.5521045,73.8537811,379035,2051655,DEMO_WARD_06,DEMO Ward 06,29.988,0.2543,0.0613,28.11,50.44,0.244,3.372,142.34,566.83,9552.09,DEMO / SYNTHETIC DATA
DEMO_G_2325,18.5521062,73.8540653,379065,2051655,DEMO_WARD_06,DEMO Ward 06,36.253,0.1461,0.1507,15.3,64.61,0.1432,7.171,380.45,561.09,11487.97,DEMO / SYNTHETIC DATA
DEMO_G_2326,18.5521079,73.8543495,379095,2051655,DEMO_WARD_06,DEMO Ward 06,31.484,0.4559,0.0138,33.64,44.07,0.2138,3.282,280.1,571.87,5497.78,DEMO / SYNTHETIC DATA
DEMO_G_2327,18.5521097,73.8546338,379125,2051655,DEMO_WARD_06,DEMO Ward 06,30.005,0.3268,0.0152,29.47,26.8,0.2426,3.95,242.14,563.95,7619.71,DEMO / SYNTHETIC DATA
DEMO_G_2328,18.5521114,73.854918,379155,2051655,DEMO_WARD_06,DEMO Ward 06,31.984,0.3272,0.1426,24.19,41.73,0.1979,3.39,185.11,566.13,10330.42,DEMO / SYNTHETIC DATA
DEMO_G_2329,18.5521131,73.8552022,379185,2051655,DEMO_WARD_06,DEMO Ward 06,34.262,0.3821,0.1396,36.0,32.47,0.1439,4.59,301.86,567.86,8488.97,DEMO / SYNTHETIC DATA
DEMO_G_2330,18.5521148,73.8554865,379215,2051655,DEMO_WARD_06,DEMO Ward 06,34.155,0.1579,0.0732,13.23,50.66,0.1497,4.617,189.16,576.14,9847.59,DEMO / SYNTHETIC DATA
DEMO_G_2331,18.5521165,73.8557707,379245,2051655,DEMO_WARD_06,DEMO Ward 06,34.387,0.2613,0.2201,37.17,41.66,0.2039,4.192,318.78,569.96,8263.08,DEMO / SYNTHETIC DATA
DEMO_G_2332,18.5521183,73.8560549,379275,2051655,DEMO_WARD_06,DEMO Ward 06,31.732,0.4301,0.0592,32.01,56.32,0.1758,3.597,299.52,566.01,8451.96,DEMO / SYNTHETIC DATA
DEMO_G_2333,18.55212,73.8563391,379305,2051655,DEMO_WARD_06,DEMO Ward 06,35.669,0.1689,0.3469,16.52,70.5,0.2,7.005,254.0,564.21,16051.7,DEMO / SYNTHETIC DATA
DEMO_G_2334,18.5521217,73.8566234,379335,2051655,DEMO_WARD_06,DEMO Ward 06,32.933,0.2061,0.2567,29.78,71.42,0.2337,4.962,316.19,569.23,14744.24,DEMO / SYNTHETIC DATA
DEMO_G_2335,18.5521234,73.8569076,379365,2051655,DEMO_WARD_06,DEMO Ward 06,37.286,0.2805,0.1607,18.68,61.63,0.1555,7.661,352.33,565.09,13152.43,DEMO / SYNTHETIC DATA
DEMO_G_2336,18.5521252,73.8571918,379395,2051655,DEMO_WARD_06,DEMO Ward 06,31.508,0.2777,0.0749,24.19,47.89,0.1999,4.939,405.96,565.91,11108.4,DEMO / SYNTHETIC DATA
DEMO_G_2337,18.5521269,73.857476,379425,2051655,DEMO_WARD_06,DEMO Ward 06,31.509,0.2098,0.2608,27.13,50.51,0.2798,5.927,353.16,573.81,8959.65,DEMO / SYNTHETIC DATA
DEMO_G_2338,18.5521286,73.8577603,379455,2051655,DEMO_WARD_06,DEMO Ward 06,35.807,0.2315,0.2611,36.63,50.37,0.1851,4.309,165.8,570.17,14436.74,DEMO / SYNTHETIC DATA
DEMO_G_2339,18.5521303,73.8580445,379485,2051655,DEMO_WARD_06,DEMO Ward 06,36.618,0.0222,0.2106,17.79,58.81,0.1277,5.887,476.53,568.59,12447.81,DEMO / SYNTHETIC DATA
DEMO_G_2340,18.552132,73.8583287,379515,2051655,DEMO_WARD_06,DEMO Ward 06,33.391,0.273,0.1816,28.98,47.27,0.2246,5.361,336.29,562.69,12834.26,DEMO / SYNTHETIC DATA
DEMO_G_2341,18.552301,73.8415575,377745,2051685,DEMO_WARD_04,DEMO Ward 04,29.858,0.4255,0.0207,34.87,46.98,0.2124,4.557,314.27,565.9,10367.98,DEMO / SYNTHETIC DATA
DEMO_G_2342,18.5523027,73.8418418,377775,2051685,DEMO_WARD_04,DEMO Ward 04,32.4,0.3436,0.0727,29.78,50.08,0.2151,5.583,321.27,566.46,11004.52,DEMO / SYNTHETIC DATA
DEMO_G_2343,18.5523045,73.842126,377805,2051685,DEMO_WARD_04,DEMO Ward 04,30.766,0.3729,0.0631,34.5,39.86,0.2563,2.823,162.06,562.14,9230.11,DEMO / SYNTHETIC DATA
DEMO_G_2344,18.5523062,73.8424102,377835,2051685,DEMO_WARD_04,DEMO Ward 04,33.348,0.2049,0.1627,31.73,52.24,0.2459,4.627,247.88,566.32,11290.34,DEMO / SYNTHETIC DATA
DEMO_G_2345,18.5523079,73.8426944,377865,2051685,DEMO_WARD_04,DEMO Ward 04,35.945,0.1634,0.1713,25.09,70.33,0.2285,8.604,514.49,570.75,17424.22,DEMO / SYNTHETIC DATA
DEMO_G_2346,18.5523097,73.8429787,377895,2051685,DEMO_WARD_04,DEMO Ward 04,31.768,0.3538,0.2923,27.97,42.68,0.1983,6.035,320.29,571.53,15471.77,DEMO / SYNTHETIC DATA
DEMO_G_2347,18.5523114,73.8432629,377925,2051685,DEMO_WARD_04,DEMO Ward 04,35.013,0.4463,0.253,27.05,50.17,0.2398,5.315,487.37,574.07,11709.2,DEMO / SYNTHETIC DATA
DEMO_G_2348,18.5523132,73.8435471,377955,2051685,DEMO_WARD_04,DEMO Ward 04,34.871,0.2455,0.008,35.21,37.44,0.2158,3.9,208.87,562.0,12263.35,DEMO / SYNTHETIC DATA
DEMO_G_2349,18.5523149,73.8438314,377985,2051685,DEMO_WARD_04,DEMO Ward 04,35.015,0.232,0.0752,23.83,64.54,0.2376,5.057,269.42,571.82,9927.45,DEMO / SYNTHETIC DATA
DEMO_G_2350,18.5523166,73.8441156,378015,2051685,DEMO_WARD_04,DEMO Ward 04,31.524,0.4247,0.1143,32.97,54.81,0.148,3.315,217.32,567.06,10025.31,DEMO / SYNTHETIC DATA
DEMO_G_2351,18.5523184,73.8443998,378045,2051685,DEMO_WARD_04,DEMO Ward 04,31.865,0.2683,0.1066,38.45,42.2,0.2488,4.653,277.27,567.41,14425.0,DEMO / SYNTHETIC DATA
DEMO_G_2352,18.5523201,73.844684,378075,2051685,DEMO_WARD_04,DEMO Ward 04,32.795,0.2212,0.1775,32.63,51.63,0.1837,6.334,435.65,568.64,9452.56,DEMO / SYNTHETIC DATA
DEMO_G_2353,18.5523219,73.8449683,378105,2051685,DEMO_WARD_04,DEMO Ward 04,34.311,0.2393,-0.0426,31.95,43.2,0.1441,5.496,135.91,568.43,11931.27,DEMO / SYNTHETIC DATA
DEMO_G_2354,18.5523236,73.8452525,378135,2051685,DEMO_WARD_04,DEMO Ward 04,31.304,0.3854,0.1559,31.46,21.71,0.1762,4.852,335.77,569.35,10928.19,DEMO / SYNTHETIC DATA
DEMO_G_2355,18.5523253,73.8455367,378165,2051685,DEMO_WARD_04,DEMO Ward 04,33.424,0.1633,-0.1071,11.61,25.44,0.1985,4.291,335.14,562.3,9683.72,DEMO / SYNTHETIC DATA
DEMO_G_2356,18.5523271,73.8458209,378195,2051685,DEMO_WARD_04,DEMO Ward 04,31.544,0.3436,0.0754,29.34,40.95,0.2118,3.471,248.87,566.5,4079.46,DEMO / SYNTHETIC DATA
DEMO_G_2357,18.5523288,73.8461052,378225,2051685,DEMO_WARD_04,DEMO Ward 04,27.806,0.5362,0.0239,23.27,48.68,0.2512,6.304,299.98,572.53,8779.31,DEMO / SYNTHETIC DATA
DEMO_G_2358,18.5523306,73.8463894,378255,2051685,DEMO_WARD_04,DEMO Ward 04,35.447,0.2572,0.2541,25.3,74.69,0.1938,5.309,306.31,561.94,12413.49,DEMO / SYNTHETIC DATA
DEMO_G_2359,18.5523323,73.8466736,378285,2051685,DEMO_WARD_04,DEMO Ward 04,37.655,0.2013,0.2358,23.58,61.15,0.2057,5.767,229.2,577.22,9744.47,DEMO / SYNTHETIC DATA
DEMO_G_2360,18.552334,73.8469578,378315,2051685,DEMO_WARD_04,DEMO Ward 04,34.461,0.3062,0.1909,30.13,49.83,0.1761,4.581,359.53,566.5,11626.8,DEMO / SYNTHETIC DATA
DEMO_G_2361,18.5523358,73.8472421,378345,2051685,DEMO_WARD_05,DEMO Ward 05,34.535,0.3751,0.1567,52.54,62.23,0.2709,5.332,410.37,567.74,17333.97,DEMO / SYNTHETIC DATA
DEMO_G_2362,18.5523375,73.8475263,378375,2051685,DEMO_WARD_05,DEMO Ward 05,35.447,0.3185,0.4269,27.36,33.94,0.1991,5.4,320.46,570.37,15335.52,DEMO / SYNTHETIC DATA
DEMO_G_2363,18.5523392,73.8478105,378405,2051685,DEMO_WARD_05,DEMO Ward 05,34.845,0.3206,0.2053,26.2,39.1,0.1429,5.462,501.11,567.47,16111.55,DEMO / SYNTHETIC DATA
DEMO_G_2364,18.552341,73.8480947,378435,2051685,DEMO_WARD_05,DEMO Ward 05,34.168,0.2229,0.1602,11.56,38.98,0.1596,6.55,153.39,566.32,7230.3,DEMO / SYNTHETIC DATA
DEMO_G_2365,18.5523427,73.848379,378465,2051685,DEMO_WARD_05,DEMO Ward 05,28.956,0.544,0.0147,49.8,28.93,0.2801,3.138,130.07,567.43,7948.21,DEMO / SYNTHETIC DATA
DEMO_G_2366,18.5523444,73.8486632,378495,2051685,DEMO_WARD_05,DEMO Ward 05,31.277,0.3169,0.1129,26.24,25.81,0.2571,2.071,413.51,568.94,11380.19,DEMO / SYNTHETIC DATA
DEMO_G_2367,18.5523462,73.8489474,378525,2051685,DEMO_WARD_05,DEMO Ward 05,30.473,0.3775,-0.1092,43.15,34.25,0.2482,3.538,227.23,563.56,5848.32,DEMO / SYNTHETIC DATA
DEMO_G_2368,18.5523479,73.8492317,378555,2051685,DEMO_WARD_05,DEMO Ward 05,33.03,0.3271,0.14,32.41,50.56,0.2283,3.439,406.56,571.4,13936.71,DEMO / SYNTHETIC DATA
DEMO_G_2369,18.5523496,73.8495159,378585,2051685,DEMO_WARD_05,DEMO Ward 05,33.084,0.3459,0.2077,26.4,31.04,0.1879,2.213,265.17,567.94,9346.81,DEMO / SYNTHETIC DATA
DEMO_G_2370,18.5523514,73.8498001,378615,2051685,DEMO_WARD_05,DEMO Ward 05,32.043,0.422,0.0255,31.35,30.07,0.2003,2.728,171.83,571.46,3073.34,DEMO / SYNTHETIC DATA
DEMO_G_2371,18.5523531,73.8500843,378645,2051685,DEMO_WARD_05,DEMO Ward 05,34.123,0.2393,0.0605,28.49,38.8,0.2509,1.79,202.33,568.15,5802.34,DEMO / SYNTHETIC DATA
DEMO_G_2372,18.5523548,73.8503686,378675,2051685,DEMO_WARD_05,DEMO Ward 05,30.395,0.3331,-0.079,35.96,28.79,0.2323,3.483,213.58,567.6,9184.83,DEMO / SYNTHETIC DATA
DEMO_G_2373,18.5523566,73.8506528,378705,2051685,DEMO_WARD_05,DEMO Ward 05,30.255,0.4433,0.017,43.29,19.27,0.2451,3.178,172.87,557.54,5340.37,DEMO / SYNTHETIC DATA
DEMO_G_2374,18.5523583,73.850937,378735,2051685,DEMO_WARD_05,DEMO Ward 05,32.411,0.363,-0.0478,18.42,33.17,0.223,1.673,124.96,566.04,4068.99,DEMO / SYNTHETIC DATA
DEMO_G_2375,18.55236,73.8512212,378765,2051685,DEMO_WARD_05,DEMO Ward 05,29.447,0.4148,-0.1399,41.9,24.36,0.1832,1.275,0.0,568.78,3404.43,DEMO / SYNTHETIC DATA
DEMO_G_2376,18.5523617,73.8515055,378795,2051685,DEMO_WARD_05,DEMO Ward 05,32.282,0.2814,0.0552,12.85,30.31,0.2194,3.773,248.09,559.61,5687.52,DEMO / SYNTHETIC DATA
DEMO_G_2377,18.5523635,73.8517897,378825,2051685,DEMO_WARD_05,DEMO Ward 05,33.656,0.3547,-0.0422,30.67,30.33,0.2018,2.911,140.02,571.93,10404.92,DEMO / SYNTHETIC DATA
DEMO_G_2378,18.5523652,73.8520739,378855,2051685,DEMO_WARD_05,DEMO Ward 05,31.649,0.2435,0.0077,31.02,37.69,0.2497,3.598,362.47,560.81,6526.84,DEMO / SYNTHETIC DATA
DEMO_G_2379,18.5523669,73.8523581,378885,2051685,DEMO_WARD_05,DEMO Ward 05,30.027,0.3506,-0.1072,25.28,20.43,0.246,4.977,187.77,569.36,6888.72,DEMO / SYNTHETIC DATA
DEMO_G_2380,18.5523687,73.8526424,378915,2051685,DEMO_WARD_05,DEMO Ward 05,30.67,0.508,0.188,32.85,48.17,0.2374,4.331,257.92,564.86,6315.64,DEMO / SYNTHETIC DATA
DEMO_G_2381,18.5523704,73.8529266,378945,2051685,DEMO_WARD_06,DEMO Ward 06,31.255,0.4747,0.093,41.46,39.66,0.2266,3.952,200.14,566.49,11199.28,DEMO / SYNTHETIC DATA
DEMO_G_2382,18.5523721,73.8532108,378975,2051685,DEMO_WARD_06,DEMO Ward 06,29.609,0.4833,0.0599,31.88,30.5,0.1152,5.27,120.07,570.57,8076.67,DEMO / SYNTHETIC DATA
DEMO_G_2383,18.5523738,73.8534951,379005,2051685,DEMO_WARD_06,DEMO Ward 06,32.138,0.2707,0.1365,25.95,45.38,0.1701,4.88,107.62,571.02,10740.99,DEMO / SYNTHETIC DATA
DEMO_G_2384,18.5523756,73.8537793,379035,2051685,DEMO_WARD_06,DEMO Ward 06,29.888,0.319,0.0552,21.66,43.55,0.2093,3.131,129.44,559.75,7975.77,DEMO / SYNTHETIC DATA
DEMO_G_2385,18.5523773,73.8540635,379065,2051685,DEMO_WARD_06,DEMO Ward 06,32.565,0.3582,-0.0246,32.42,36.29,0.2082,2.797,288.81,571.9,7161.31,DEMO / SYNTHETIC DATA
DEMO_G_2386,18.552379,73.8543477,379095,2051685,DEMO_WARD_06,DEMO Ward 06,35.462,0.2975,0.0673,11.29,47.18,0.2066,5.215,389.79,568.19,10523.62,DEMO / SYNTHETIC DATA
DEMO_G_2387,18.5523807,73.854632,379125,2051685,DEMO_WARD_06,DEMO Ward 06,29.777,0.5147,0.0375,40.87,29.43,0.2348,3.575,175.04,566.61,6212.61,DEMO / SYNTHETIC DATA
DEMO_G_2388,18.5523825,73.8549162,379155,2051685,DEMO_WARD_06,DEMO Ward 06,30.113,0.4889,-0.0438,36.53,27.24,0.1642,1.521,106.38,567.53,2181.14,DEMO / SYNTHETIC DATA
DEMO_G_2389,18.5523842,73.8552004,379185,2051685,DEMO_WARD_06,DEMO Ward 06,31.761,0.3683,0.1886,26.97,40.35,0.2373,3.042,226.91,569.68,5804.0,DEMO / SYNTHETIC DATA
DEMO_G_2390,18.5523859,73.8554846,379215,2051685,DEMO_WARD_06,DEMO Ward 06,32.547,0.318,0.2727,31.35,54.74,0.2333,4.788,266.66,568.65,10275.96,DEMO / SYNTHETIC DATA
DEMO_G_2391,18.5523876,73.8557689,379245,2051685,DEMO_WARD_06,DEMO Ward 06,32.496,0.2736,0.0269,23.74,51.28,0.2495,2.741,258.17,564.69,9712.61,DEMO / SYNTHETIC DATA
DEMO_G_2392,18.5523894,73.8560531,379275,2051685,DEMO_WARD_06,DEMO Ward 06,33.575,0.2989,0.2816,31.43,63.68,0.226,5.662,497.99,567.8,12508.76,DEMO / SYNTHETIC DATA
DEMO_G_2393,18.5523911,73.8563373,379305,2051685,DEMO_WARD_06,DEMO Ward 06,33.756,0.1867,0.1435,21.27,40.86,0.1668,3.21,437.67,570.71,5942.15,DEMO / SYNTHETIC DATA
DEMO_G_2394,18.5523928,73.8566216,379335,2051685,DEMO_WARD_06,DEMO Ward 06,34.884,0.2413,0.0887,26.19,48.38,0.1528,4.626,350.78,570.13,13489.57,DEMO / SYNTHETIC DATA
DEMO_G_2395,18.5523945,73.8569058,379365,2051685,DEMO_WARD_06,DEMO Ward 06,34.662,0.1327,0.2922,16.99,56.54,0.2536,5.611,414.62,565.57,17103.32,DEMO / SYNTHETIC DATA
DEMO_G_2396,18.5523962,73.85719,379395,2051685,DEMO_WARD_06,DEMO Ward 06,33.601,0.2411,0.1485,20.32,64.05,0.1653,5.739,216.76,569.21,12512.37,DEMO / SYNTHETIC DATA
DEMO_G_2397,18.552398,73.8574742,379425,2051685,DEMO_WARD_06,DEMO Ward 06,35.818,0.1571,0.1688,29.69,43.81,0.2359,4.977,355.16,562.29,15893.42,DEMO / SYNTHETIC DATA
DEMO_G_2398,18.5523997,73.8577585,379455,2051685,DEMO_WARD_06,DEMO Ward 06,32.644,0.3351,0.0898,41.12,68.63,0.19,6.02,468.31,577.97,7230.3,DEMO / SYNTHETIC DATA
DEMO_G_2399,18.5524014,73.8580427,379485,2051685,DEMO_WARD_06,DEMO Ward 06,35.873,0.3086,0.3057,31.98,85.48,0.2473,6.956,470.0,570.19,14700.73,DEMO / SYNTHETIC DATA
DEMO_G_2400,18.5524031,73.8583269,379515,2051685,DEMO_WARD_06,DEMO Ward 06,37.969,0.1287,0.3758,22.66,99.5,0.1921,7.731,601.83,561.72,17433.59,DEMO / SYNTHETIC DATA
DEMO_G_2401,18.5525721,73.8415557,377745,2051715,DEMO_WARD_04,DEMO Ward 04,34.788,0.2656,0.0061,24.76,29.83,0.1836,4.119,130.61,571.23,10200.54,DEMO / SYNTHETIC DATA
DEMO_G_2402,18.5525738,73.8418399,377775,2051715,DEMO_WARD_04,DEMO Ward 04,33.198,0.2955,0.0753,15.72,46.8,0.1347,4.52,473.33,568.55,9307.84,DEMO / SYNTHETIC DATA
DEMO_G_2403,18.5525755,73.8421242,377805,2051715,DEMO_WARD_04,DEMO Ward 04,34.641,0.2306,0.1652,18.69,49.91,0.264,6.129,260.22,568.63,13902.06,DEMO / SYNTHETIC DATA
DEMO_G_2404,18.5525773,73.8424084,377835,2051715,DEMO_WARD_04,DEMO Ward 04,33.109,0.3404,0.2938,38.24,47.36,0.2115,4.048,411.05,564.95,11367.07,DEMO / SYNTHETIC DATA
DEMO_G_2405,18.552579,73.8426926,377865,2051715,DEMO_WARD_04,DEMO Ward 04,32.687,0.2022,0.142,21.99,45.18,0.2433,3.126,321.31,574.44,6600.33,DEMO / SYNTHETIC DATA
DEMO_G_2406,18.5525808,73.8429768,377895,2051715,DEMO_WARD_04,DEMO Ward 04,34.168,0.2659,0.2663,22.29,14.38,0.2263,4.205,17.54,571.49,8202.46,DEMO / SYNTHETIC DATA
DEMO_G_2407,18.5525825,73.8432611,377925,2051715,DEMO_WARD_04,DEMO Ward 04,34.189,0.3226,0.1727,34.56,56.93,0.1983,3.493,254.87,571.11,10608.57,DEMO / SYNTHETIC DATA
DEMO_G_2408,18.5525843,73.8435453,377955,2051715,DEMO_WARD_04,DEMO Ward 04,36.974,0.241,0.3624,24.31,43.18,0.1613,6.229,573.41,567.97,13199.05,DEMO / SYNTHETIC DATA
DEMO_G_2409,18.552586,73.8438295,377985,2051715,DEMO_WARD_04,DEMO Ward 04,35.274,0.2946,0.2255,35.81,44.69,0.1573,5.248,262.5,567.68,12332.78,DEMO / SYNTHETIC DATA
DEMO_G_2410,18.5525877,73.8441138,378015,2051715,DEMO_WARD_04,DEMO Ward 04,33.731,0.2347,0.2357,35.48,48.82,0.2069,4.329,288.92,568.02,10466.78,DEMO / SYNTHETIC DATA
DEMO_G_2411,18.5525895,73.844398,378045,2051715,DEMO_WARD_04,DEMO Ward 04,34.156,0.2519,0.262,30.32,65.9,0.2591,3.284,395.45,566.49,10991.63,DEMO / SYNTHETIC DATA
DEMO_G_2412,18.5525912,73.8446822,378075,2051715,DEMO_WARD_04,DEMO Ward 04,33.758,0.1571,0.1275,17.86,56.69,0.2037,3.373,380.27,570.22,7218.73,DEMO / SYNTHETIC DATA
DEMO_G_2413,18.552593,73.8449664,378105,2051715,DEMO_WARD_04,DEMO Ward 04,37.61,0.2657,0.289,29.23,59.95,0.1594,5.668,298.57,563.39,10989.66,DEMO / SYNTHETIC DATA
DEMO_G_2414,18.5525947,73.8452507,378135,2051715,DEMO_WARD_04,DEMO Ward 04,33.774,0.202,0.1218,26.26,49.69,0.2352,3.903,297.84,570.99,6457.59,DEMO / SYNTHETIC DATA
DEMO_G_2415,18.5525964,73.8455349,378165,2051715,DEMO_WARD_04,DEMO Ward 04,35.473,0.2793,0.2388,23.06,59.0,0.1962,7.031,400.0,562.52,10327.99,DEMO / SYNTHETIC DATA
DEMO_G_2416,18.5525982,73.8458191,378195,2051715,DEMO_WARD_04,DEMO Ward 04,33.49,0.2631,0.1767,6.53,56.47,0.272,6.66,346.33,566.47,12797.95,DEMO / SYNTHETIC DATA
DEMO_G_2417,18.5525999,73.8461033,378225,2051715,DEMO_WARD_04,DEMO Ward 04,38.76,0.2407,0.3674,36.52,60.26,0.1645,7.74,493.62,570.46,12138.69,DEMO / SYNTHETIC DATA
DEMO_G_2418,18.5526016,73.8463876,378255,2051715,DEMO_WARD_04,DEMO Ward 04,30.618,0.2345,0.1442,27.6,58.69,0.1993,4.686,180.3,564.71,9671.28,DEMO / SYNTHETIC DATA
DEMO_G_2419,18.5526034,73.8466718,378285,2051715,DEMO_WARD_04,DEMO Ward 04,33.225,0.4361,0.2524,30.51,53.87,0.2178,4.315,402.62,570.63,9384.49,DEMO / SYNTHETIC DATA
DEMO_G_2420,18.5526051,73.846956,378315,2051715,DEMO_WARD_04,DEMO Ward 04,36.643,0.2216,0.0836,11.44,50.34,0.2588,5.137,420.18,562.75,9146.78,DEMO / SYNTHETIC DATA
DEMO_G_2421,18.5526069,73.8472402,378345,2051715,DEMO_WARD_05,DEMO Ward 05,35.623,0.2511,0.166,23.41,53.79,0.1604,5.912,485.37,569.16,10680.3,DEMO / SYNTHETIC DATA
DEMO_G_2422,18.5526086,73.8475245,378375,2051715,DEMO_WARD_05,DEMO Ward 05,34.087,0.1931,0.2458,15.61,53.16,0.1711,5.754,478.75,572.19,9565.48,DEMO / SYNTHETIC DATA
DEMO_G_2423,18.5526103,73.8478087,378405,2051715,DEMO_WARD_05,DEMO Ward 05,30.899,0.3481,0.1428,32.26,27.36,0.2088,4.672,470.83,571.78,9727.85,DEMO / SYNTHETIC DATA
DEMO_G_2424,18.5526121,73.8480929,378435,2051715,DEMO_WARD_05,DEMO Ward 05,29.675,0.4748,-0.1091,39.41,37.66,0.2189,2.766,229.21,569.68,10901.95,DEMO / SYNTHETIC DATA
DEMO_G_2425,18.5526138,73.8483772,378465,2051715,DEMO_WARD_05,DEMO Ward 05,32.908,0.3055,0.2975,24.28,35.8,0.1868,3.454,411.2,573.18,9479.95,DEMO / SYNTHETIC DATA
DEMO_G_2426,18.5526155,73.8486614,378495,2051715,DEMO_WARD_05,DEMO Ward 05,28.297,0.3161,0.1003,40.62,24.6,0.2349,2.868,229.7,568.54,7302.59,DEMO / SYNTHETIC DATA
DEMO_G_2427,18.5526173,73.8489456,378525,2051715,DEMO_WARD_05,DEMO Ward 05,33.495,0.2361,0.1297,25.76,38.12,0.2054,3.58,231.06,564.07,6904.24,DEMO / SYNTHETIC DATA
DEMO_G_2428,18.552619,73.8492298,378555,2051715,DEMO_WARD_05,DEMO Ward 05,28.598,0.62,-0.0911,52.09,34.8,0.1717,0.994,315.05,567.24,6288.25,DEMO / SYNTHETIC DATA
DEMO_G_2429,18.5526207,73.8495141,378585,2051715,DEMO_WARD_05,DEMO Ward 05,35.151,0.3101,0.1049,34.24,58.47,0.173,4.596,216.23,567.04,7033.43,DEMO / SYNTHETIC DATA
DEMO_G_2430,18.5526225,73.8497983,378615,2051715,DEMO_WARD_05,DEMO Ward 05,32.914,0.3921,0.0536,44.02,52.41,0.2802,5.263,193.16,567.79,6750.68,DEMO / SYNTHETIC DATA
DEMO_G_2431,18.5526242,73.8500825,378645,2051715,DEMO_WARD_05,DEMO Ward 05,31.791,0.5039,-0.0272,37.98,44.6,0.2294,3.937,273.76,570.08,3255.51,DEMO / SYNTHETIC DATA
DEMO_G_2432,18.5526259,73.8503667,378675,2051715,DEMO_WARD_05,DEMO Ward 05,31.138,0.4236,-0.0603,32.02,31.37,0.1897,1.92,20.02,566.14,5388.52,DEMO / SYNTHETIC DATA
DEMO_G_2433,18.5526276,73.850651,378705,2051715,DEMO_WARD_05,DEMO Ward 05,31.646,0.2397,0.0099,13.79,31.43,0.1826,5.218,295.97,564.91,9672.33,DEMO / SYNTHETIC DATA
DEMO_G_2434,18.5526294,73.8509352,378735,2051715,DEMO_WARD_05,DEMO Ward 05,31.733,0.379,0.0422,29.26,30.15,0.2443,4.311,180.66,567.49,7477.77,DEMO / SYNTHETIC DATA
DEMO_G_2435,18.5526311,73.8512194,378765,2051715,DEMO_WARD_05,DEMO Ward 05,29.449,0.4878,-0.1149,43.94,22.53,0.2195,2.892,59.26,570.22,4521.71,DEMO / SYNTHETIC DATA
DEMO_G_2436,18.5526328,73.8515037,378795,2051715,DEMO_WARD_05,DEMO Ward 05,26.881,0.5988,-0.1855,60.87,13.49,0.2974,2.224,193.38,559.44,3551.18,DEMO / SYNTHETIC DATA
DEMO_G_2437,18.5526346,73.8517879,378825,2051715,DEMO_WARD_05,DEMO Ward 05,31.575,0.3691,-0.1013,33.64,51.09,0.1896,8.192,303.81,573.79,10725.45,DEMO / SYNTHETIC DATA
DEMO_G_2438,18.5526363,73.8520721,378855,2051715,DEMO_WARD_05,DEMO Ward 05,32.921,0.4304,-0.0599,19.86,40.32,0.1563,2.861,178.75,573.45,8476.02,DEMO / SYNTHETIC DATA
DEMO_G_2439,18.552638,73.8523563,378885,2051715,DEMO_WARD_05,DEMO Ward 05,28.13,0.5713,-0.0052,39.5,24.02,0.2211,2.722,153.85,570.07,6742.53,DEMO / SYNTHETIC DATA
DEMO_G_2440,18.5526398,73.8526406,378915,2051715,DEMO_WARD_05,DEMO Ward 05,30.222,0.4805,0.0025,40.96,19.74,0.1417,1.094,0.0,568.74,1928.51,DEMO / SYNTHETIC DATA
DEMO_G_2441,18.5526415,73.8529248,378945,2051715,DEMO_WARD_06,DEMO Ward 06,29.326,0.284,-0.0068,40.8,38.27,0.2087,2.013,276.56,573.9,10795.07,DEMO / SYNTHETIC DATA
DEMO_G_2442,18.5526432,73.853209,378975,2051715,DEMO_WARD_06,DEMO Ward 06,32.184,0.4122,0.1483,19.99,50.55,0.2243,3.903,249.24,570.24,8291.14,DEMO / SYNTHETIC DATA
DEMO_G_2443,18.5526449,73.8534932,379005,2051715,DEMO_WARD_06,DEMO Ward 06,33.217,0.2798,0.1225,31.28,23.9,0.2334,4.703,251.88,566.56,8066.21,DEMO / SYNTHETIC DATA
DEMO_G_2444,18.5526467,73.8537775,379035,2051715,DEMO_WARD_06,DEMO Ward 06,33.859,0.1118,0.2212,0.0,42.7,0.2111,3.619,165.57,575.01,7173.46,DEMO / SYNTHETIC DATA
DEMO_G_2445,18.5526484,73.8540617,379065,2051715,DEMO_WARD_06,DEMO Ward 06,28.84,0.5522,-0.1328,34.23,22.66,0.1952,3.391,166.21,567.98,4761.19,DEMO / SYNTHETIC DATA
DEMO_G_2446,18.5526501,73.8543459,379095,2051715,DEMO_WARD_06,DEMO Ward 06,32.875,0.2548,0.2268,25.84,53.33,0.2245,3.449,325.34,571.81,9213.25,DEMO / SYNTHETIC DATA
DEMO_G_2447,18.5526518,73.8546302,379125,2051715,DEMO_WARD_06,DEMO Ward 06,31.047,0.2986,-0.0641,37.69,34.2,0.2032,3.608,83.47,563.85,1821.51,DEMO / SYNTHETIC DATA
DEMO_G_2448,18.5526536,73.8549144,379155,2051715,DEMO_WARD_06,DEMO Ward 06,36.472,0.184,0.0695,20.41,63.15,0.1261,5.348,443.09,568.79,9631.22,DEMO / SYNTHETIC DATA
DEMO_G_2449,18.5526553,73.8551986,379185,2051715,DEMO_WARD_06,DEMO Ward 06,33.318,0.4166,0.1034,61.21,37.07,0.2111,4.209,320.85,566.28,8412.34,DEMO / SYNTHETIC DATA
DEMO_G_2450,18.552657,73.8554828,379215,2051715,DEMO_WARD_06,DEMO Ward 06,36.406,0.2628,0.2457,16.3,47.1,0.1954,4.028,298.49,568.69,9500.1,DEMO / SYNTHETIC DATA
DEMO_G_2451,18.5526587,73.8557671,379245,2051715,DEMO_WARD_06,DEMO Ward 06,33.997,0.1723,0.0225,1.35,42.48,0.1545,3.301,398.55,575.81,4677.44,DEMO / SYNTHETIC DATA
DEMO_G_2452,18.5526605,73.8560513,379275,2051715,DEMO_WARD_06,DEMO Ward 06,35.172,0.2669,-0.0511,35.46,58.62,0.1311,3.937,334.8,564.53,9375.98,DEMO / SYNTHETIC DATA
DEMO_G_2453,18.5526622,73.8563355,379305,2051715,DEMO_WARD_06,DEMO Ward 06,33.062,0.2651,0.1777,27.53,46.58,0.169,5.402,338.53,565.24,11540.15,DEMO / SYNTHETIC DATA
DEMO_G_2454,18.5526639,73.8566198,379335,2051715,DEMO_WARD_06,DEMO Ward 06,35.357,0.1204,0.224,14.26,71.44,0.2565,7.592,458.86,571.05,16255.2,DEMO / SYNTHETIC DATA
DEMO_G_2455,18.5526656,73.856904,379365,2051715,DEMO_WARD_06,DEMO Ward 06,34.691,0.2185,0.0354,23.47,66.45,0.2167,5.185,363.12,573.69,5961.43,DEMO / SYNTHETIC DATA
DEMO_G_2456,18.5526673,73.8571882,379395,2051715,DEMO_WARD_06,DEMO Ward 06,35.009,0.3032,0.0818,38.59,63.57,0.1689,5.481,172.47,572.61,7255.04,DEMO / SYNTHETIC DATA
DEMO_G_2457,18.5526691,73.8574724,379425,2051715,DEMO_WARD_06,DEMO Ward 06,33.879,0.2032,0.3944,30.52,67.97,0.236,5.319,419.05,561.57,6174.23,DEMO / SYNTHETIC DATA
DEMO_G_2458,18.5526708,73.8577567,379455,2051715,DEMO_WARD_06,DEMO Ward 06,37.411,0.1368,0.4118,15.42,74.99,0.1214,9.502,530.8,564.79,15047.05,DEMO / SYNTHETIC DATA
DEMO_G_2459,18.5526725,73.8580409,379485,2051715,DEMO_WARD_06,DEMO Ward 06,36.603,0.2403,0.1226,26.1,44.74,0.1732,5.224,198.66,561.73,10902.82,DEMO / SYNTHETIC DATA
DEMO_G_2460,18.5526742,73.8583251,379515,2051715,DEMO_WARD_06,DEMO Ward 06,34.88,0.2581,0.1781,14.52,64.84,0.1957,5.325,393.91,567.68,8122.8,DEMO / SYNTHETIC DATA
DEMO_G_2461,18.5528431,73.8415539,377745,2051745,DEMO_WARD_04,DEMO Ward 04,33.231,0.2091,0.1602,12.26,40.74,0.2049,2.407,212.85,576.42,8667.94,DEMO / SYNTHETIC DATA
DEMO_G_2462,18.5528449,73.8418381,377775,2051745,DEMO_WARD_04,DEMO Ward 04,38.324,0.2857,0.1999,19.17,60.6,0.2105,6.317,436.85,564.64,9148.63,DEMO / SYNTHETIC DATA
DEMO_G_2463,18.5528466,73.8421223,377805,2051745,DEMO_WARD_04,DEMO Ward 04,36.165,0.325,0.1028,22.64,50.77,0.1984,5.906,347.32,572.23,9999.78,DEMO / SYNTHETIC DATA
DEMO_G_2464,18.5528484,73.8424066,377835,2051745,DEMO_WARD_04,DEMO Ward 04,35.455,0.4621,0.1378,36.82,51.9,0.1862,5.27,83.44,573.91,8310.66,DEMO / SYNTHETIC DATA
DEMO_G_2465,18.5528501,73.8426908,377865,2051745,DEMO_WARD_04,DEMO Ward 04,35.13,0.0653,0.2669,23.6,45.77,0.1522,5.894,313.0,558.98,8733.43,DEMO / SYNTHETIC DATA
DEMO_G_2466,18.5528519,73.842975,377895,2051745,DEMO_WARD_04,DEMO Ward 04,32.397,0.4047,-0.0158,33.94,53.07,0.1615,5.039,27.81,578.4,11566.02,DEMO / SYNTHETIC DATA
DEMO_G_2467,18.5528536,73.8432592,377925,2051745,DEMO_WARD_04,DEMO Ward 04,38.472,0.2644,0.308,20.84,55.02,0.1569,5.379,220.18,566.14,14385.67,DEMO / SYNTHETIC DATA
DEMO_G_2468,18.5528553,73.8435435,377955,2051745,DEMO_WARD_04,DEMO Ward 04,32.226,0.3385,0.1407,45.41,38.51,0.147,5.111,370.4,567.12,9589.57,DEMO / SYNTHETIC DATA
DEMO_G_2469,18.5528571,73.8438277,377985,2051745,DEMO_WARD_04,DEMO Ward 04,34.249,0.3036,0.0842,31.71,55.81,0.145,6.772,401.41,571.18,8409.59,DEMO / SYNTHETIC DATA
DEMO_G_2470,18.5528588,73.8441119,378015,2051745,DEMO_WARD_04,DEMO Ward 04,33.068,0.3688,0.0385,15.24,59.04,0.1903,6.174,252.48,565.09,9711.96,DEMO / SYNTHETIC DATA
DEMO_G_2471,18.5528606,73.8443962,378045,2051745,DEMO_WARD_04,DEMO Ward 04,34.538,0.3423,0.2222,16.97,28.89,0.1667,5.893,314.01,566.93,13116.9,DEMO / SYNTHETIC DATA
DEMO_G_2472,18.5528623,73.8446804,378075,2051745,DEMO_WARD_04,DEMO Ward 04,34.161,0.1412,0.2168,8.85,60.16,0.2043,6.37,325.28,572.12,8593.81,DEMO / SYNTHETIC DATA
DEMO_G_2473,18.552864,73.8449646,378105,2051745,DEMO_WARD_04,DEMO Ward 04,29.049,0.4001,0.2841,31.87,67.44,0.2831,4.589,293.03,564.81,15449.54,DEMO / SYNTHETIC DATA
DEMO_G_2474,18.5528658,73.8452488,378135,2051745,DEMO_WARD_04,DEMO Ward 04,37.455,0.0993,0.2424,17.41,64.92,0.1527,6.994,451.39,568.69,15349.41,DEMO / SYNTHETIC DATA
DEMO_G_2475,18.5528675,73.8455331,378165,2051745,DEMO_WARD_04,DEMO Ward 04,31.964,0.3927,0.2181,31.13,84.6,0.164,5.001,491.22,564.82,16673.73,DEMO / SYNTHETIC DATA
DEMO_G_2476,18.5528693,73.8458173,378195,2051745,DEMO_WARD_04,DEMO Ward 04,32.241,0.3487,0.1816,23.93,43.52,0.2728,4.171,268.88,565.79,12865.24,DEMO / SYNTHETIC DATA
DEMO_G_2477,18.552871,73.8461015,378225,2051745,DEMO_WARD_04,DEMO Ward 04,28.966,0.5645,0.0944,47.51,45.63,0.2228,3.29,352.71,571.3,8553.73,DEMO / SYNTHETIC DATA
DEMO_G_2478,18.5528727,73.8463857,378255,2051745,DEMO_WARD_04,DEMO Ward 04,35.535,0.3233,0.2241,24.82,51.1,0.1679,4.015,327.37,565.79,10060.29,DEMO / SYNTHETIC DATA
DEMO_G_2479,18.5528745,73.84667,378285,2051745,DEMO_WARD_04,DEMO Ward 04,34.632,0.1885,0.1252,27.17,42.83,0.2604,4.914,174.44,565.8,9914.0,DEMO / SYNTHETIC DATA
DEMO_G_2480,18.5528762,73.8469542,378315,2051745,DEMO_WARD_04,DEMO Ward 04,36.037,0.3843,0.1271,26.99,51.26,0.1807,6.298,344.29,570.16,12022.63,DEMO / SYNTHETIC DATA
DEMO_G_2481,18.5528779,73.8472384,378345,2051745,DEMO_WARD_05,DEMO Ward 05,34.616,0.2074,-0.0289,17.94,66.89,0.2354,4.685,240.58,576.72,10140.2,DEMO / SYNTHETIC DATA
DEMO_G_2482,18.5528797,73.8475227,378375,2051745,DEMO_WARD_05,DEMO Ward 05,31.654,0.4129,0.0371,19.44,17.27,0.2195,6.906,193.22,570.46,8982.76,DEMO / SYNTHETIC DATA
DEMO_G_2483,18.5528814,73.8478069,378405,2051745,DEMO_WARD_05,DEMO Ward 05,31.213,0.2819,-0.0609,23.38,71.46,0.1646,5.807,274.26,571.25,13396.02,DEMO / SYNTHETIC DATA
DEMO_G_2484,18.5528831,73.8480911,378435,2051745,DEMO_WARD_05,DEMO Ward 05,33.115,0.4285,0.1059,43.1,33.43,0.2573,3.447,268.61,565.99,4772.48,DEMO / SYNTHETIC DATA
DEMO_G_2485,18.5528849,73.8483753,378465,2051745,DEMO_WARD_05,DEMO Ward 05,36.904,0.2816,0.2665,31.83,72.21,0.2356,3.564,531.45,570.37,8729.01,DEMO / SYNTHETIC DATA
DEMO_G_2486,18.5528866,73.8486596,378495,2051745,DEMO_WARD_05,DEMO Ward 05,35.829,0.255,0.1356,21.05,51.46,0.1418,4.295,352.81,573.66,11866.47,DEMO / SYNTHETIC DATA
DEMO_G_2487,18.5528883,73.8489438,378525,2051745,DEMO_WARD_05,DEMO Ward 05,29.615,0.3057,0.0272,18.59,43.85,0.2456,4.753,263.95,564.97,6008.01,DEMO / SYNTHETIC DATA
DEMO_G_2488,18.5528901,73.849228,378555,2051745,DEMO_WARD_05,DEMO Ward 05,30.515,0.4083,0.101,40.42,40.45,0.1967,1.982,106.81,572.48,9693.25,DEMO / SYNTHETIC DATA
DEMO_G_2489,18.5528918,73.8495122,378585,2051745,DEMO_WARD_05,DEMO Ward 05,33.78,0.2401,0.1887,28.72,49.58,0.2503,4.159,215.8,562.86,7319.92,DEMO / SYNTHETIC DATA
DEMO_G_2490,18.5528935,73.8497965,378615,2051745,DEMO_WARD_05,DEMO Ward 05,32.939,0.3331,-0.0183,38.43,15.31,0.1824,0.742,92.48,572.97,7105.92,DEMO / SYNTHETIC DATA
DEMO_G_2491,18.5528953,73.8500807,378645,2051745,DEMO_WARD_05,DEMO Ward 05,32.005,0.5787,-0.0926,35.03,30.7,0.2145,4.312,206.05,569.81,3005.15,DEMO / SYNTHETIC DATA
DEMO_G_2492,18.552897,73.8503649,378675,2051745,DEMO_WARD_05,DEMO Ward 05,31.691,0.2576,0.0811,32.14,43.25,0.1612,1.969,147.61,575.35,7958.39,DEMO / SYNTHETIC DATA
DEMO_G_2493,18.5528987,73.8506492,378705,2051745,DEMO_WARD_05,DEMO Ward 05,34.145,0.4345,-0.0526,34.55,53.85,0.2126,4.026,148.59,570.45,6215.98,DEMO / SYNTHETIC DATA
DEMO_G_2494,18.5529005,73.8509334,378735,2051745,DEMO_WARD_05,DEMO Ward 05,34.341,0.3738,0.2155,35.47,51.62,0.1399,2.78,416.43,565.44,8504.35,DEMO / SYNTHETIC DATA
DEMO_G_2495,18.5529022,73.8512176,378765,2051745,DEMO_WARD_05,DEMO Ward 05,31.691,0.2795,0.1215,38.75,26.22,0.247,3.65,118.09,565.56,3119.05,DEMO / SYNTHETIC DATA
DEMO_G_2496,18.5529039,73.8515018,378795,2051745,DEMO_WARD_05,DEMO Ward 05,29.34,0.5178,-0.0454,34.07,25.39,0.2003,2.099,157.52,570.57,4473.75,DEMO / SYNTHETIC DATA
DEMO_G_2497,18.5529057,73.8517861,378825,2051745,DEMO_WARD_05,DEMO Ward 05,32.076,0.2892,0.1915,40.16,31.15,0.1478,4.081,382.0,565.16,8266.01,DEMO / SYNTHETIC DATA
DEMO_G_2498,18.5529074,73.8520703,378855,2051745,DEMO_WARD_05,DEMO Ward 05,32.86,0.4359,0.1595,34.54,27.36,0.2366,3.263,187.62,566.77,6842.04,DEMO / SYNTHETIC DATA
DEMO_G_2499,18.5529091,73.8523545,378885,2051745,DEMO_WARD_05,DEMO Ward 05,32.346,0.4627,0.0546,41.33,35.12,0.1973,3.109,152.13,566.06,7842.51,DEMO / SYNTHETIC DATA
DEMO_G_2500,18.5529108,73.8526388,378915,2051745,DEMO_WARD_05,DEMO Ward 05,28.019,0.4762,-0.0285,40.1,37.91,0.1479,5.185,161.42,572.68,8065.64,DEMO / SYNTHETIC DATA
DEMO_G_2501,18.5529126,73.852923,378945,2051745,DEMO_WARD_06,DEMO Ward 06,30.687,0.311,0.1308,28.63,34.46,0.2313,4.451,375.02,568.25,9142.92,DEMO / SYNTHETIC DATA
DEMO_G_2502,18.5529143,73.8532072,378975,2051745,DEMO_WARD_06,DEMO Ward 06,26.577,0.6429,-0.1347,47.8,0.3,0.1776,0.335,71.51,571.7,3188.21,DEMO / SYNTHETIC DATA
DEMO_G_2503,18.552916,73.8534914,379005,2051745,DEMO_WARD_06,DEMO Ward 06,31.434,0.4085,-0.0418,21.92,25.86,0.2041,4.412,266.52,576.61,4963.65,DEMO / SYNTHETIC DATA
DEMO_G_2504,18.5529177,73.8537757,379035,2051745,DEMO_WARD_06,DEMO Ward 06,32.291,0.4315,-0.0853,29.01,31.79,0.1758,2.187,250.98,562.8,3292.32,DEMO / SYNTHETIC DATA
DEMO_G_2505,18.5529195,73.8540599,379065,2051745,DEMO_WARD_06,DEMO Ward 06,31.454,0.338,0.0466,20.38,27.63,0.2908,4.509,241.11,563.26,8397.05,DEMO / SYNTHETIC DATA
DEMO_G_2506,18.5529212,73.8543441,379095,2051745,DEMO_WARD_06,DEMO Ward 06,31.469,0.3618,-0.0218,35.6,45.48,0.1928,2.672,146.77,561.92,5487.17,DEMO / SYNTHETIC DATA
DEMO_G_2507,18.5529229,73.8546284,379125,2051745,DEMO_WARD_06,DEMO Ward 06,33.194,0.3126,0.1375,28.38,24.17,0.1963,3.509,427.09,565.21,9850.67,DEMO / SYNTHETIC DATA
DEMO_G_2508,18.5529246,73.8549126,379155,2051745,DEMO_WARD_06,DEMO Ward 06,35.592,0.2521,0.2618,30.71,70.71,0.2286,4.974,452.45,566.26,14752.27,DEMO / SYNTHETIC DATA
DEMO_G_2509,18.5529264,73.8551968,379185,2051745,DEMO_WARD_06,DEMO Ward 06,30.086,0.5103,-0.0341,39.35,49.27,0.238,2.412,237.38,565.7,14240.34,DEMO / SYNTHETIC DATA
DEMO_G_2510,18.5529281,73.855481,379215,2051745,DEMO_WARD_06,DEMO Ward 06,35.059,0.2282,0.2526,35.46,67.9,0.1959,5.814,362.16,572.64,10012.63,DEMO / SYNTHETIC DATA
DEMO_G_2511,18.5529298,73.8557653,379245,2051745,DEMO_WARD_06,DEMO Ward 06,33.314,0.2619,0.2451,46.53,57.66,0.1927,6.67,342.02,575.84,13881.77,DEMO / SYNTHETIC DATA
DEMO_G_2512,18.5529315,73.8560495,379275,2051745,DEMO_WARD_06,DEMO Ward 06,31.335,0.2609,-0.0113,22.83,48.29,0.2709,3.048,269.36,567.32,5836.92,DEMO / SYNTHETIC DATA
DEMO_G_2513,18.5529333,73.8563337,379305,2051745,DEMO_WARD_06,DEMO Ward 06,34.808,0.2109,0.199,29.13,50.63,0.1872,4.652,389.24,567.08,12845.54,DEMO / SYNTHETIC DATA
DEMO_G_2514,18.552935,73.8566179,379335,2051745,DEMO_WARD_06,DEMO Ward 06,32.798,0.3231,0.0358,14.23,43.45,0.199,5.803,195.82,563.93,7555.46,DEMO / SYNTHETIC DATA
DEMO_G_2515,18.5529367,73.8569022,379365,2051745,DEMO_WARD_06,DEMO Ward 06,37.119,0.0633,0.2695,5.01,62.96,0.2238,4.892,372.96,574.05,10626.31,DEMO / SYNTHETIC DATA
DEMO_G_2516,18.5529384,73.8571864,379395,2051745,DEMO_WARD_06,DEMO Ward 06,39.5,0.2653,0.402,38.56,73.94,0.1711,9.069,424.1,564.71,12114.55,DEMO / SYNTHETIC DATA
DEMO_G_2517,18.5529401,73.8574706,379425,2051745,DEMO_WARD_06,DEMO Ward 06,34.73,0.0756,0.1149,14.65,40.88,0.1903,3.212,162.15,564.34,14355.82,DEMO / SYNTHETIC DATA
DEMO_G_2518,18.5529419,73.8577549,379455,2051745,DEMO_WARD_06,DEMO Ward 06,39.675,0.0522,0.2617,19.36,90.2,0.2152,7.778,502.07,563.61,16739.44,DEMO / SYNTHETIC DATA
DEMO_G_2519,18.5529436,73.8580391,379485,2051745,DEMO_WARD_06,DEMO Ward 06,35.647,0.2048,0.0383,16.15,63.82,0.1982,6.047,359.9,561.21,13296.77,DEMO / SYNTHETIC DATA
DEMO_G_2520,18.5529453,73.8583233,379515,2051745,DEMO_WARD_06,DEMO Ward 06,34.32,0.2322,0.2951,35.52,63.35,0.2107,7.028,293.44,570.37,14716.85,DEMO / SYNTHETIC DATA
DEMO_G_2521,18.5531142,73.8415521,377745,2051775,DEMO_WARD_04,DEMO Ward 04,33.395,0.3058,0.1067,33.56,46.49,0.2189,6.061,309.19,569.58,8903.31,DEMO / SYNTHETIC DATA
DEMO_G_2522,18.553116,73.8418363,377775,2051775,DEMO_WARD_04,DEMO Ward 04,33.643,0.3649,0.1621,19.75,47.01,0.1291,5.29,384.51,567.49,12734.66,DEMO / SYNTHETIC DATA
DEMO_G_2523,18.5531177,73.8421205,377805,2051775,DEMO_WARD_04,DEMO Ward 04,30.22,0.391,0.1057,35.11,45.38,0.2567,3.561,355.24,571.79,7073.85,DEMO / SYNTHETIC DATA
DEMO_G_2524,18.5531195,73.8424047,377835,2051775,DEMO_WARD_04,DEMO Ward 04,29.802,0.309,0.0265,19.65,57.13,0.1662,1.664,175.51,574.16,7679.85,DEMO / SYNTHETIC DATA
DEMO_G_2525,18.5531212,73.842689,377865,2051775,DEMO_WARD_04,DEMO Ward 04,32.666,0.1512,0.1131,31.39,40.34,0.177,4.942,378.13,575.61,5739.2,DEMO / SYNTHETIC DATA
DEMO_G_2526,18.5531229,73.8429732,377895,2051775,DEMO_WARD_04,DEMO Ward 04,26.444,0.5879,-0.1108,49.31,18.48,0.2104,2.398,0.0,568.39,4317.26,DEMO / SYNTHETIC DATA
DEMO_G_2527,18.5531247,73.8432574,377925,2051775,DEMO_WARD_04,DEMO Ward 04,28.201,0.5109,0.0048,39.86,46.84,0.2954,2.187,214.69,572.66,5334.6,DEMO / SYNTHETIC DATA
DEMO_G_2528,18.5531264,73.8435416,377955,2051775,DEMO_WARD_04,DEMO Ward 04,34.779,0.3283,0.13,38.11,66.71,0.2281,6.662,353.76,564.02,11444.35,DEMO / SYNTHETIC DATA
DEMO_G_2529,18.5531282,73.8438259,377985,2051775,DEMO_WARD_04,DEMO Ward 04,39.252,0.1434,0.3943,31.32,66.88,0.1737,5.928,371.15,573.11,12669.91,DEMO / SYNTHETIC DATA
DEMO_G_2530,18.5531299,73.8441101,378015,2051775,DEMO_WARD_04,DEMO Ward 04,30.366,0.3935,-0.0853,46.86,58.98,0.1451,4.108,278.16,560.55,12172.95,DEMO / SYNTHETIC DATA
DEMO_G_2531,18.5531317,73.8443943,378045,2051775,DEMO_WARD_04,DEMO Ward 04,35.355,0.2335,0.2127,25.62,54.7,0.1973,4.874,201.54,574.11,15708.22,DEMO / SYNTHETIC DATA
DEMO_G_2532,18.5531334,73.8446786,378075,2051775,DEMO_WARD_04,DEMO Ward 04,30.898,0.3445,0.2083,38.72,39.94,0.2239,3.464,362.0,573.78,12061.7,DEMO / SYNTHETIC DATA
DEMO_G_2533,18.5531351,73.8449628,378105,2051775,DEMO_WARD_04,DEMO Ward 04,35.671,0.3458,0.2011,36.35,45.18,0.1772,7.279,406.69,568.61,12493.84,DEMO / SYNTHETIC DATA
DEMO_G_2534,18.5531369,73.845247,378135,2051775,DEMO_WARD_04,DEMO Ward 04,34.911,0.2435,0.2821,38.21,60.24,0.2165,7.202,445.76,566.52,13845.47,DEMO / SYNTHETIC DATA
DEMO_G_2535,18.5531386,73.8455312,378165,2051775,DEMO_WARD_04,DEMO Ward 04,34.098,0.1408,0.2335,6.17,48.42,0.1154,3.535,222.7,573.42,10007.65,DEMO / SYNTHETIC DATA
DEMO_G_2536,18.5531403,73.8458155,378195,2051775,DEMO_WARD_04,DEMO Ward 04,33.54,0.1543,0.1328,15.26,47.45,0.1982,5.167,307.87,563.44,11550.43,DEMO / SYNTHETIC DATA
DEMO_G_2537,18.5531421,73.8460997,378225,2051775,DEMO_WARD_04,DEMO Ward 04,35.071,0.3022,0.1511,29.14,61.64,0.2288,6.678,349.66,569.2,8210.03,DEMO / SYNTHETIC DATA
DEMO_G_2538,18.5531438,73.8463839,378255,2051775,DEMO_WARD_04,DEMO Ward 04,39.263,0.1097,0.4022,34.32,81.9,0.2084,7.525,387.42,575.99,16884.2,DEMO / SYNTHETIC DATA
DEMO_G_2539,18.5531456,73.8466682,378285,2051775,DEMO_WARD_04,DEMO Ward 04,30.179,0.3355,0.065,44.28,28.29,0.1752,5.18,181.65,574.78,3809.72,DEMO / SYNTHETIC DATA
DEMO_G_2540,18.5531473,73.8469524,378315,2051775,DEMO_WARD_04,DEMO Ward 04,35.189,0.1904,0.1202,35.47,49.26,0.171,3.665,349.11,567.53,5839.99,DEMO / SYNTHETIC DATA
DEMO_G_2541,18.553149,73.8472366,378345,2051775,DEMO_WARD_05,DEMO Ward 05,32.955,0.2532,0.1181,12.77,31.84,0.2318,2.53,163.26,572.54,8256.77,DEMO / SYNTHETIC DATA
DEMO_G_2542,18.5531508,73.8475208,378375,2051775,DEMO_WARD_05,DEMO Ward 05,32.517,0.4228,0.1665,37.91,43.52,0.1905,3.692,395.47,567.21,6190.61,DEMO / SYNTHETIC DATA
DEMO_G_2543,18.5531525,73.8478051,378405,2051775,DEMO_WARD_05,DEMO Ward 05,33.277,0.2162,0.1087,31.8,55.28,0.2432,5.118,262.76,577.05,10462.96,DEMO / SYNTHETIC DATA
DEMO_G_2544,18.5531542,73.8480893,378435,2051775,DEMO_WARD_05,DEMO Ward 05,35.715,0.243,0.2557,34.78,56.68,0.1467,5.588,365.81,566.15,10427.67,DEMO / SYNTHETIC DATA
DEMO_G_2545,18.553156,73.8483735,378465,2051775,DEMO_WARD_05,DEMO Ward 05,33.305,0.2593,-0.0125,22.73,44.12,0.253,5.171,316.97,565.55,7705.87,DEMO / SYNTHETIC DATA
DEMO_G_2546,18.5531577,73.8486577,378495,2051775,DEMO_WARD_05,DEMO Ward 05,34.223,0.3668,0.1272,26.79,27.95,0.1902,2.771,214.59,569.92,6937.8,DEMO / SYNTHETIC DATA
DEMO_G_2547,18.5531594,73.848942,378525,2051775,DEMO_WARD_05,DEMO Ward 05,34.321,0.2453,0.2182,26.01,42.55,0.1968,3.396,222.63,565.6,11381.4,DEMO / SYNTHETIC DATA
DEMO_G_2548,18.5531612,73.8492262,378555,2051775,DEMO_WARD_05,DEMO Ward 05,34.051,0.4237,0.0182,31.33,45.73,0.1883,4.038,330.71,570.23,8187.95,DEMO / SYNTHETIC DATA
DEMO_G_2549,18.5531629,73.8495104,378585,2051775,DEMO_WARD_05,DEMO Ward 05,32.732,0.2147,0.1323,24.15,42.5,0.1513,4.325,233.69,569.93,8768.59,DEMO / SYNTHETIC DATA
DEMO_G_2550,18.5531646,73.8497947,378615,2051775,DEMO_WARD_05,DEMO Ward 05,33.533,0.3137,0.0655,38.74,42.96,0.1737,4.564,283.28,561.34,10936.51,DEMO / SYNTHETIC DATA
DEMO_G_2551,18.5531664,73.8500789,378645,2051775,DEMO_WARD_05,DEMO Ward 05,33.504,0.2871,0.1176,17.62,53.81,0.2264,5.741,113.71,562.26,8877.77,DEMO / SYNTHETIC DATA
DEMO_G_2552,18.5531681,73.8503631,378675,2051775,DEMO_WARD_05,DEMO Ward 05,31.483,0.4582,0.2304,32.13,37.93,0.2374,3.843,202.81,566.09,12135.88,DEMO / SYNTHETIC DATA
DEMO_G_2553,18.5531698,73.8506473,378705,2051775,DEMO_WARD_05,DEMO Ward 05,28.575,0.4542,-0.0408,44.16,21.44,0.2003,2.63,224.59,568.81,6496.84,DEMO / SYNTHETIC DATA
DEMO_G_2554,18.5531716,73.8509316,378735,2051775,DEMO_WARD_05,DEMO Ward 05,28.542,0.4624,-0.1408,29.55,16.45,0.272,1.64,285.15,568.16,4980.8,DEMO / SYNTHETIC DATA
DEMO_G_2555,18.5531733,73.8512158,378765,2051775,DEMO_WARD_05,DEMO Ward 05,31.557,0.4711,-0.0943,42.64,41.96,0.2278,2.033,116.46,566.33,6794.57,DEMO / SYNTHETIC DATA
DEMO_G_2556,18.553175,73.8515,378795,2051775,DEMO_WARD_05,DEMO Ward 05,32.413,0.2504,0.219,23.48,48.9,0.1684,4.692,171.32,576.0,6422.91,DEMO / SYNTHETIC DATA
DEMO_G_2557,18.5531767,73.8517843,378825,2051775,DEMO_WARD_05,DEMO Ward 05,31.311,0.4667,0.08,46.13,31.17,0.2064,5.677,131.43,569.96,5246.07,DEMO / SYNTHETIC DATA
DEMO_G_2558,18.5531785,73.8520685,378855,2051775,DEMO_WARD_05,DEMO Ward 05,31.24,0.5023,0.0615,62.68,40.11,0.2115,1.11,212.13,573.25,4569.18,DEMO / SYNTHETIC DATA
DEMO_G_2559,18.5531802,73.8523527,378885,2051775,DEMO_WARD_05,DEMO Ward 05,30.957,0.3938,-0.1355,23.89,23.1,0.2622,2.535,58.67,575.21,4970.37,DEMO / SYNTHETIC DATA
DEMO_G_2560,18.5531819,73.8526369,378915,2051775,DEMO_WARD_05,DEMO Ward 05,28.159,0.3685,-0.0914,33.85,9.9,0.2595,3.421,150.65,571.29,9558.1,DEMO / SYNTHETIC DATA
DEMO_G_2561,18.5531837,73.8529212,378945,2051775,DEMO_WARD_06,DEMO Ward 06,34.321,0.309,0.0652,31.07,47.48,0.1672,1.681,285.27,574.14,4208.87,DEMO / SYNTHETIC DATA
DEMO_G_2562,18.5531854,73.8532054,378975,2051775,DEMO_WARD_06,DEMO Ward 06,30.273,0.4107,-0.0864,20.72,44.59,0.2008,4.13,128.8,577.18,4783.99,DEMO / SYNTHETIC DATA
DEMO_G_2563,18.5531871,73.8534896,379005,2051775,DEMO_WARD_06,DEMO Ward 06,34.399,0.3194,0.0036,29.99,45.41,0.1549,4.474,200.42,570.07,6949.42,DEMO / SYNTHETIC DATA
DEMO_G_2564,18.5531888,73.8537739,379035,2051775,DEMO_WARD_06,DEMO Ward 06,33.528,0.3973,0.0598,45.18,38.28,0.248,4.376,352.87,571.27,10636.56,DEMO / SYNTHETIC DATA
DEMO_G_2565,18.5531906,73.8540581,379065,2051775,DEMO_WARD_06,DEMO Ward 06,32.028,0.4109,-0.0474,28.27,20.36,0.1613,5.325,214.79,577.01,7002.93,DEMO / SYNTHETIC DATA
DEMO_G_2566,18.5531923,73.8543423,379095,2051775,DEMO_WARD_06,DEMO Ward 06,32.961,0.3637,0.0639,25.51,37.0,0.1518,3.769,207.27,567.65,4064.57,DEMO / SYNTHETIC DATA
DEMO_G_2567,18.553194,73.8546265,379125,2051775,DEMO_WARD_06,DEMO Ward 06,35.088,0.245,0.0719,26.15,23.8,0.2034,3.69,305.49,571.8,5283.15,DEMO / SYNTHETIC DATA
DEMO_G_2568,18.5531957,73.8549108,379155,2051775,DEMO_WARD_06,DEMO Ward 06,33.42,0.3874,-0.0716,37.45,39.55,0.1411,3.161,243.25,571.83,4557.01,DEMO / SYNTHETIC DATA
DEMO_G_2569,18.5531975,73.855195,379185,2051775,DEMO_WARD_06,DEMO Ward 06,33.707,0.4279,-0.0439,31.19,68.22,0.1992,4.841,296.98,564.45,6828.63,DEMO / SYNTHETIC DATA
DEMO_G_2570,18.5531992,73.8554792,379215,2051775,DEMO_WARD_06,DEMO Ward 06,32.274,0.3844,-0.06,35.28,32.69,0.1597,3.942,265.88,563.73,8663.77,DEMO / SYNTHETIC DATA
DEMO_G_2571,18.5532009,73.8557635,379245,2051775,DEMO_WARD_06,DEMO Ward 06,32.701,0.4951,0.1926,51.01,49.33,0.2619,4.353,237.35,571.98,12583.78,DEMO / SYNTHETIC DATA
DEMO_G_2572,18.5532026,73.8560477,379275,2051775,DEMO_WARD_06,DEMO Ward 06,31.388,0.3283,-0.0286,30.81,41.79,0.1696,4.014,336.14,570.29,11945.1,DEMO / SYNTHETIC DATA
DEMO_G_2573,18.5532044,73.8563319,379305,2051775,DEMO_WARD_06,DEMO Ward 06,32.23,0.3053,0.232,21.38,52.83,0.2442,4.507,204.31,570.59,9038.78,DEMO / SYNTHETIC DATA
DEMO_G_2574,18.5532061,73.8566161,379335,2051775,DEMO_WARD_06,DEMO Ward 06,35.182,0.3586,0.2114,24.81,46.26,0.1286,6.658,105.54,570.08,12164.48,DEMO / SYNTHETIC DATA
DEMO_G_2575,18.5532078,73.8569004,379365,2051775,DEMO_WARD_06,DEMO Ward 06,33.751,0.4557,0.098,33.99,36.28,0.1924,6.846,233.4,572.61,12000.01,DEMO / SYNTHETIC DATA
DEMO_G_2576,18.5532095,73.8571846,379395,2051775,DEMO_WARD_06,DEMO Ward 06,35.033,0.3241,0.1807,36.31,56.85,0.1642,5.613,308.76,569.85,14093.46,DEMO / SYNTHETIC DATA
DEMO_G_2577,18.5532112,73.8574688,379425,2051775,DEMO_WARD_06,DEMO Ward 06,35.352,0.2447,0.2062,20.64,37.89,0.1751,4.83,460.83,570.0,15803.17,DEMO / SYNTHETIC DATA
DEMO_G_2578,18.553213,73.8577531,379455,2051775,DEMO_WARD_06,DEMO Ward 06,33.357,0.3135,0.308,29.91,73.3,0.2472,5.84,242.09,570.18,13037.23,DEMO / SYNTHETIC DATA
DEMO_G_2579,18.5532147,73.8580373,379485,2051775,DEMO_WARD_06,DEMO Ward 06,37.754,0.0725,0.4664,14.95,50.82,0.1769,6.137,534.42,572.19,15332.92,DEMO / SYNTHETIC DATA
DEMO_G_2580,18.5532164,73.8583215,379515,2051775,DEMO_WARD_06,DEMO Ward 06,32.025,0.3341,0.0693,34.83,43.83,0.2204,3.828,177.76,574.85,5891.03,DEMO / SYNTHETIC DATA
DEMO_G_2581,18.5533853,73.8415502,377745,2051805,DEMO_WARD_04,DEMO Ward 04,32.244,0.3011,0.0494,27.13,49.95,0.2398,2.243,149.3,571.4,8238.67,DEMO / SYNTHETIC DATA
DEMO_G_2582,18.5533871,73.8418345,377775,2051805,DEMO_WARD_04,DEMO Ward 04,30.546,0.4229,0.1659,23.71,36.6,0.2139,4.706,273.75,567.27,10106.05,DEMO / SYNTHETIC DATA
DEMO_G_2583,18.5533888,73.8421187,377805,2051805,DEMO_WARD_04,DEMO Ward 04,31.829,0.3866,-0.0626,40.55,31.52,0.1426,4.767,30.63,569.78,5425.83,DEMO / SYNTHETIC DATA
DEMO_G_2584,18.5533905,73.8424029,377835,2051805,DEMO_WARD_04,DEMO Ward 04,31.767,0.4812,0.0688,42.98,41.44,0.2767,4.655,203.58,574.92,7247.59,DEMO / SYNTHETIC DATA
DEMO_G_2585,18.5533923,73.8426871,377865,2051805,DEMO_WARD_04,DEMO Ward 04,36.723,0.1266,0.1807,13.69,55.33,0.1973,6.453,413.4,577.06,13106.78,DEMO / SYNTHETIC DATA
DEMO_G_2586,18.553394,73.8429714,377895,2051805,DEMO_WARD_04,DEMO Ward 04,33.746,0.143,0.1293,24.78,51.09,0.2252,6.51,255.4,568.94,6722.3,DEMO / SYNTHETIC DATA
DEMO_G_2587,18.5533958,73.8432556,377925,2051805,DEMO_WARD_04,DEMO Ward 04,37.798,0.2511,0.2207,16.76,75.57,0.1337,3.791,355.05,571.6,11082.63,DEMO / SYNTHETIC DATA
DEMO_G_2588,18.5533975,73.8435398,377955,2051805,DEMO_WARD_04,DEMO Ward 04,35.983,0.202,0.1967,22.79,55.47,0.2113,7.722,263.46,574.65,11657.4,DEMO / SYNTHETIC DATA
DEMO_G_2589,18.5533993,73.8438241,377985,2051805,DEMO_WARD_04,DEMO Ward 04,37.422,0.3138,0.2543,44.72,66.72,0.1777,6.95,541.98,567.29,14991.5,DEMO / SYNTHETIC DATA
DEMO_G_2590,18.553401,73.8441083,378015,2051805,DEMO_WARD_04,DEMO Ward 04,34.845,0.1436,0.3379,22.38,69.62,0.1879,5.955,358.37,567.58,10453.86,DEMO / SYNTHETIC DATA
DEMO_G_2591,18.5534027,73.8443925,378045,2051805,DEMO_WARD_04,DEMO Ward 04,34.752,0.0744,0.2329,31.29,58.22,0.2361,5.574,428.86,572.21,10582.29,DEMO / SYNTHETIC DATA
DEMO_G_2592,18.5534045,73.8446767,378075,2051805,DEMO_WARD_04,DEMO Ward 04,30.401,0.3938,0.0183,43.21,46.94,0.2034,4.473,304.09,573.4,10384.29,DEMO / SYNTHETIC DATA
DEMO_G_2593,18.5534062,73.844961,378105,2051805,DEMO_WARD_04,DEMO Ward 04,33.59,0.2425,0.1845,25.39,59.19,0.1613,6.362,300.13,566.11,14717.95,DEMO / SYNTHETIC DATA
DEMO_G_2594,18.553408,73.8452452,378135,2051805,DEMO_WARD_04,DEMO Ward 04,31.534,0.206,-0.0219,33.51,37.09,0.1742,4.546,236.15,563.74,7461.9,DEMO / SYNTHETIC DATA
DEMO_G_2595,18.5534097,73.8455294,378165,2051805,DEMO_WARD_04,DEMO Ward 04,36.415,0.2055,0.2721,26.29,57.97,0.2044,7.062,341.32,572.93,10830.09,DEMO / SYNTHETIC DATA
DEMO_G_2596,18.5534114,73.8458136,378195,2051805,DEMO_WARD_04,DEMO Ward 04,32.511,0.1833,0.1407,22.41,75.99,0.2005,4.997,462.26,563.72,10459.22,DEMO / SYNTHETIC DATA
DEMO_G_2597,18.5534132,73.8460979,378225,2051805,DEMO_WARD_04,DEMO Ward 04,34.991,0.4261,-0.0146,41.0,38.36,0.1674,6.319,203.04,569.8,10163.78,DEMO / SYNTHETIC DATA
DEMO_G_2598,18.5534149,73.8463821,378255,2051805,DEMO_WARD_04,DEMO Ward 04,35.183,0.1751,0.2873,8.41,49.45,0.2139,6.559,326.19,570.42,11286.39,DEMO / SYNTHETIC DATA
DEMO_G_2599,18.5534166,73.8466663,378285,2051805,DEMO_WARD_04,DEMO Ward 04,33.627,0.2431,0.3271,26.5,60.95,0.1718,6.788,217.5,565.43,11656.86,DEMO / SYNTHETIC DATA
DEMO_G_2600,18.5534184,73.8469506,378315,2051805,DEMO_WARD_04,DEMO Ward 04,35.108,0.1897,0.0945,26.1,44.05,0.1837,4.591,282.59,575.55,10474.94,DEMO / SYNTHETIC DATA
DEMO_G_2601,18.5534201,73.8472348,378345,2051805,DEMO_WARD_05,DEMO Ward 05,37.285,0.0812,0.1643,23.33,63.39,0.2107,7.052,219.18,565.52,13463.24,DEMO / SYNTHETIC DATA
DEMO_G_2602,18.5534219,73.847519,378375,2051805,DEMO_WARD_05,DEMO Ward 05,34.838,0.1955,0.1102,14.23,49.93,0.1906,5.468,356.36,567.68,14307.87,DEMO / SYNTHETIC DATA
DEMO_G_2603,18.5534236,73.8478032,378405,2051805,DEMO_WARD_05,DEMO Ward 05,32.798,0.3541,0.0714,36.87,50.63,0.2942,5.639,169.41,564.12,7936.18,DEMO / SYNTHETIC DATA
DEMO_G_2604,18.5534253,73.8480875,378435,2051805,DEMO_WARD_05,DEMO Ward 05,35.336,0.2236,0.0333,23.68,39.29,0.1945,3.369,351.69,563.04,7595.49,DEMO / SYNTHETIC DATA
DEMO_G_2605,18.5534271,73.8483717,378465,2051805,DEMO_WARD_05,DEMO Ward 05,35.375,0.2292,0.1103,27.93,61.11,0.2099,6.529,351.82,567.19,10549.68,DEMO / SYNTHETIC DATA
DEMO_G_2606,18.5534288,73.8486559,378495,2051805,DEMO_WARD_05,DEMO Ward 05,30.394,0.374,-0.0379,30.41,32.31,0.256,4.802,385.22,564.03,9102.44,DEMO / SYNTHETIC DATA
DEMO_G_2607,18.5534305,73.8489402,378525,2051805,DEMO_WARD_05,DEMO Ward 05,29.064,0.369,0.0264,37.15,24.53,0.2246,3.774,182.25,572.64,6808.61,DEMO / SYNTHETIC DATA
DEMO_G_2608,18.5534323,73.8492244,378555,2051805,DEMO_WARD_05,DEMO Ward 05,33.025,0.2297,-0.0179,29.25,38.66,0.237,4.841,348.73,575.37,5101.54,DEMO / SYNTHETIC DATA
DEMO_G_2609,18.553434,73.8495086,378585,2051805,DEMO_WARD_05,DEMO Ward 05,32.259,0.3684,-0.0046,30.8,49.58,0.2127,3.596,200.89,568.51,9812.72,DEMO / SYNTHETIC DATA
DEMO_G_2610,18.5534357,73.8497928,378615,2051805,DEMO_WARD_05,DEMO Ward 05,30.248,0.5097,0.0559,58.05,30.43,0.1846,3.774,245.8,568.84,6983.28,DEMO / SYNTHETIC DATA
DEMO_G_2611,18.5534375,73.8500771,378645,2051805,DEMO_WARD_05,DEMO Ward 05,30.961,0.3339,-0.0142,29.0,40.66,0.2185,3.74,197.75,573.66,9971.09,DEMO / SYNTHETIC DATA
DEMO_G_2612,18.5534392,73.8503613,378675,2051805,DEMO_WARD_05,DEMO Ward 05,32.391,0.4581,-0.0634,38.92,25.33,0.1895,4.726,15.56,571.55,6750.52,DEMO / SYNTHETIC DATA
DEMO_G_2613,18.5534409,73.8506455,378705,2051805,DEMO_WARD_05,DEMO Ward 05,34.211,0.2361,0.2647,27.12,30.54,0.1303,2.167,387.45,566.35,5107.27,DEMO / SYNTHETIC DATA
DEMO_G_2614,18.5534426,73.8509298,378735,2051805,DEMO_WARD_05,DEMO Ward 05,31.771,0.4796,0.1669,42.68,30.5,0.1908,4.257,149.01,567.46,2854.86,DEMO / SYNTHETIC DATA
DEMO_G_2615,18.5534444,73.851214,378765,2051805,DEMO_WARD_05,DEMO Ward 05,31.827,0.3992,0.0218,27.13,19.91,0.2023,4.635,155.41,563.47,7963.94,DEMO / SYNTHETIC DATA
DEMO_G_2616,18.5534461,73.8514982,378795,2051805,DEMO_WARD_05,DEMO Ward 05,29.18,0.4991,-0.0733,56.46,26.42,0.1729,3.702,171.13,572.96,9058.04,DEMO / SYNTHETIC DATA
DEMO_G_2617,18.5534478,73.8517824,378825,2051805,DEMO_WARD_05,DEMO Ward 05,31.232,0.2589,0.0311,19.39,27.97,0.2042,4.149,198.61,568.62,3149.73,DEMO / SYNTHETIC DATA
DEMO_G_2618,18.5534496,73.8520667,378855,2051805,DEMO_WARD_05,DEMO Ward 05,32.963,0.2062,0.2668,33.6,60.8,0.1919,4.638,282.28,575.62,15992.12,DEMO / SYNTHETIC DATA
DEMO_G_2619,18.5534513,73.8523509,378885,2051805,DEMO_WARD_05,DEMO Ward 05,31.707,0.3052,-0.0356,24.86,26.58,0.1102,4.933,211.11,570.79,7476.69,DEMO / SYNTHETIC DATA
DEMO_G_2620,18.553453,73.8526351,378915,2051805,DEMO_WARD_05,DEMO Ward 05,30.062,0.4006,-0.0312,42.99,26.49,0.1655,1.825,188.14,567.48,11991.61,DEMO / SYNTHETIC DATA
DEMO_G_2621,18.5534547,73.8529194,378945,2051805,DEMO_WARD_06,DEMO Ward 06,33.809,0.4123,0.1409,49.02,47.2,0.157,6.438,462.23,570.37,12730.67,DEMO / SYNTHETIC DATA
DEMO_G_2622,18.5534565,73.8532036,378975,2051805,DEMO_WARD_06,DEMO Ward 06,31.765,0.4368,0.0167,42.6,29.8,0.1692,3.439,225.11,573.7,5328.97,DEMO / SYNTHETIC DATA
DEMO_G_2623,18.5534582,73.8534878,379005,2051805,DEMO_WARD_06,DEMO Ward 06,31.102,0.4199,0.0334,25.64,35.04,0.1955,4.464,318.99,571.12,9073.16,DEMO / SYNTHETIC DATA
DEMO_G_2624,18.5534599,73.853772,379035,2051805,DEMO_WARD_06,DEMO Ward 06,35.501,0.4834,0.1235,50.59,48.84,0.164,4.758,102.37,565.0,9866.97,DEMO / SYNTHETIC DATA
DEMO_G_2625,18.5534617,73.8540563,379065,2051805,DEMO_WARD_06,DEMO Ward 06,29.596,0.5169,0.08,46.65,46.31,0.2078,5.358,212.52,566.89,11231.94,DEMO / SYNTHETIC DATA
DEMO_G_2626,18.5534634,73.8543405,379095,2051805,DEMO_WARD_06,DEMO Ward 06,30.702,0.549,-0.0235,32.29,30.55,0.2109,3.864,45.11,563.8,8627.69,DEMO / SYNTHETIC DATA
DEMO_G_2627,18.5534651,73.8546247,379125,2051805,DEMO_WARD_06,DEMO Ward 06,32.889,0.3487,0.0533,27.52,39.29,0.1304,5.126,374.43,567.32,9562.75,DEMO / SYNTHETIC DATA
DEMO_G_2628,18.5534668,73.854909,379155,2051805,DEMO_WARD_06,DEMO Ward 06,29.547,0.4189,0.073,44.38,32.24,0.1791,2.258,373.87,560.43,10816.18,DEMO / SYNTHETIC DATA
DEMO_G_2629,18.5534685,73.8551932,379185,2051805,DEMO_WARD_06,DEMO Ward 06,30.172,0.4644,-0.0359,28.42,32.52,0.2383,3.72,157.07,566.98,10350.94,DEMO / SYNTHETIC DATA
DEMO_G_2630,18.5534703,73.8554774,379215,2051805,DEMO_WARD_06,DEMO Ward 06,36.642,0.2861,0.0609,27.29,68.38,0.1526,6.303,153.46,569.97,10409.87,DEMO / SYNTHETIC DATA
DEMO_G_2631,18.553472,73.8557617,379245,2051805,DEMO_WARD_06,DEMO Ward 06,34.041,0.3087,0.2075,28.43,60.55,0.1792,3.956,333.02,563.87,13849.63,DEMO / SYNTHETIC DATA
DEMO_G_2632,18.5534737,73.8560459,379275,2051805,DEMO_WARD_06,DEMO Ward 06,34.756,0.1692,0.2124,27.39,47.75,0.2818,7.519,277.99,569.63,13401.85,DEMO / SYNTHETIC DATA
DEMO_G_2633,18.5534754,73.8563301,379305,2051805,DEMO_WARD_06,DEMO Ward 06,35.054,0.3479,0.158,29.74,48.93,0.1655,5.213,309.07,567.29,11867.23,DEMO / SYNTHETIC DATA
DEMO_G_2634,18.5534772,73.8566143,379335,2051805,DEMO_WARD_06,DEMO Ward 06,32.833,0.2352,0.1705,20.85,63.16,0.2281,6.118,291.07,571.39,13986.87,DEMO / SYNTHETIC DATA
DEMO_G_2635,18.5534789,73.8568986,379365,2051805,DEMO_WARD_06,DEMO Ward 06,36.028,0.2488,0.3062,10.88,48.61,0.1738,5.912,339.65,565.78,9189.21,DEMO / SYNTHETIC DATA
DEMO_G_2636,18.5534806,73.8571828,379395,2051805,DEMO_WARD_06,DEMO Ward 06,37.076,0.1623,0.1732,11.72,48.59,0.1799,6.659,239.63,562.41,12582.55,DEMO / SYNTHETIC DATA
DEMO_G_2637,18.5534823,73.857467,379425,2051805,DEMO_WARD_06,DEMO Ward 06,36.729,0.2167,0.3661,16.75,82.85,0.2008,6.878,318.78,569.93,12745.54,DEMO / SYNTHETIC DATA
DEMO_G_2638,18.553484,73.8577513,379455,2051805,DEMO_WARD_06,DEMO Ward 06,29.952,0.542,0.0778,29.39,53.9,0.236,4.596,315.44,568.34,5481.15,DEMO / SYNTHETIC DATA
DEMO_G_2639,18.5534858,73.8580355,379485,2051805,DEMO_WARD_06,DEMO Ward 06,35.188,0.3394,0.1254,30.6,47.64,0.181,6.288,273.96,564.75,7390.91,DEMO / SYNTHETIC DATA
DEMO_G_2640,18.5534875,73.8583197,379515,2051805,DEMO_WARD_06,DEMO Ward 06,34.434,0.362,0.2653,25.95,61.79,0.2315,5.231,385.6,569.3,10364.92,DEMO / SYNTHETIC DATA
DEMO_G_2641,18.5536564,73.8415484,377745,2051835,DEMO_WARD_04,DEMO Ward 04,35.719,0.2453,0.2,33.05,67.58,0.2336,4.685,229.63,573.11,11477.23,DEMO / SYNTHETIC DATA
DEMO_G_2642,18.5536581,73.8418326,377775,2051835,DEMO_WARD_04,DEMO Ward 04,32.828,0.4908,-0.0037,47.36,30.57,0.1722,2.662,82.38,567.67,10402.76,DEMO / SYNTHETIC DATA
DEMO_G_2643,18.5536599,73.8421169,377805,2051835,DEMO_WARD_04,DEMO Ward 04,36.3,0.077,0.1402,10.19,64.54,0.1663,5.92,421.74,574.87,8443.73,DEMO / SYNTHETIC DATA
DEMO_G_2644,18.5536616,73.8424011,377835,2051835,DEMO_WARD_04,DEMO Ward 04,32.501,0.4581,0.0408,43.02,42.22,0.1849,4.503,321.61,573.45,5744.63,DEMO / SYNTHETIC DATA
DEMO_G_2645,18.5536634,73.8426853,377865,2051835,DEMO_WARD_04,DEMO Ward 04,30.86,0.3091,0.087,27.43,41.69,0.2376,4.29,286.92,569.54,6944.97,DEMO / SYNTHETIC DATA
DEMO_G_2646,18.5536651,73.8429695,377895,2051835,DEMO_WARD_04,DEMO Ward 04,35.359,0.2694,0.0016,17.39,49.02,0.1933,3.349,262.12,571.46,8704.48,DEMO / SYNTHETIC DATA
DEMO_G_2647,18.5536669,73.8432538,377925,2051835,DEMO_WARD_04,DEMO Ward 04,34.484,0.2575,0.1675,35.14,65.56,0.2669,5.465,270.64,571.15,9412.31,DEMO / SYNTHETIC DATA
DEMO_G_2648,18.5536686,73.843538,377955,2051835,DEMO_WARD_04,DEMO Ward 04,34.685,0.24,0.1897,19.08,44.96,0.2075,5.219,444.53,569.19,11033.14,DEMO / SYNTHETIC DATA
DEMO_G_2649,18.5536703,73.8438222,377985,2051835,DEMO_WARD_04,DEMO Ward 04,34.062,0.1573,-0.01,24.08,62.33,0.2237,4.431,340.86,570.87,10416.84,DEMO / SYNTHETIC DATA
DEMO_G_2650,18.5536721,73.8441065,378015,2051835,DEMO_WARD_04,DEMO Ward 04,36.337,0.243,0.1169,29.54,63.2,0.1381,5.217,202.94,570.95,10913.26,DEMO / SYNTHETIC DATA
DEMO_G_2651,18.5536738,73.8443907,378045,2051835,DEMO_WARD_04,DEMO Ward 04,35.52,0.1389,0.2887,14.01,54.75,0.1721,6.68,408.57,561.51,11332.87,DEMO / SYNTHETIC DATA
DEMO_G_2652,18.5536756,73.8446749,378075,2051835,DEMO_WARD_04,DEMO Ward 04,32.239,0.2864,-0.0262,17.8,45.25,0.2166,5.037,280.19,569.45,7660.64,DEMO / SYNTHETIC DATA
DEMO_G_2653,18.5536773,73.8449591,378105,2051835,DEMO_WARD_04,DEMO Ward 04,31.117,0.31,-0.0462,42.33,44.09,0.2037,6.606,283.03,565.93,10243.84,DEMO / SYNTHETIC DATA
DEMO_G_2654,18.553679,73.8452434,378135,2051835,DEMO_WARD_04,DEMO Ward 04,35.541,0.1233,0.1698,36.11,64.33,0.1818,7.274,465.13,565.23,14611.89,DEMO / SYNTHETIC DATA
DEMO_G_2655,18.5536808,73.8455276,378165,2051835,DEMO_WARD_04,DEMO Ward 04,33.731,0.2829,0.1485,28.81,73.0,0.2111,4.737,299.2,569.42,14461.99,DEMO / SYNTHETIC DATA
DEMO_G_2656,18.5536825,73.8458118,378195,2051835,DEMO_WARD_04,DEMO Ward 04,35.537,0.1309,0.2244,16.29,61.39,0.2027,6.055,355.91,574.47,15731.89,DEMO / SYNTHETIC DATA
DEMO_G_2657,18.5536843,73.8460961,378225,2051835,DEMO_WARD_04,DEMO Ward 04,35.656,0.2164,0.2133,31.03,47.63,0.2239,8.387,415.92,574.18,14168.82,DEMO / SYNTHETIC DATA
DEMO_G_2658,18.553686,73.8463803,378255,2051835,DEMO_WARD_04,DEMO Ward 04,34.046,0.255,0.2366,25.98,46.38,0.141,4.391,146.77,574.02,9123.26,DEMO / SYNTHETIC DATA
DEMO_G_2659,18.5536877,73.8466645,378285,2051835,DEMO_WARD_04,DEMO Ward 04,32.111,0.3843,-0.1284,34.04,62.42,0.1786,4.664,257.4,569.73,9535.85,DEMO / SYNTHETIC DATA
DEMO_G_2660,18.5536895,73.8469487,378315,2051835,DEMO_WARD_04,DEMO Ward 04,32.454,0.4745,0.2259,44.62,56.48,0.1671,2.866,379.59,570.47,9799.31,DEMO / SYNTHETIC DATA
DEMO_G_2661,18.5536912,73.847233,378345,2051835,DEMO_WARD_05,DEMO Ward 05,32.421,0.2845,0.1529,29.33,45.23,0.2111,4.408,215.98,570.68,9906.49,DEMO / SYNTHETIC DATA
DEMO_G_2662,18.5536929,73.8475172,378375,2051835,DEMO_WARD_05,DEMO Ward 05,35.271,0.2985,0.1071,26.76,68.27,0.1379,5.981,290.5,570.11,9251.57,DEMO / SYNTHETIC DATA
DEMO_G_2663,18.5536947,73.8478014,378405,2051835,DEMO_WARD_05,DEMO Ward 05,37.26,0.1114,0.4069,14.06,62.74,0.1745,6.105,420.88,565.33,13454.38,DEMO / SYNTHETIC DATA
DEMO_G_2664,18.5536964,73.8480857,378435,2051835,DEMO_WARD_05,DEMO Ward 05,35.674,0.1789,0.3861,29.56,74.55,0.1906,6.273,262.4,565.2,13785.07,DEMO / SYNTHETIC DATA
DEMO_G_2665,18.5536981,73.8483699,378465,2051835,DEMO_WARD_05,DEMO Ward 05,32.646,0.3646,0.1352,40.36,48.36,0.2608,6.129,345.84,573.01,9878.88,DEMO / SYNTHETIC DATA
DEMO_G_2666,18.5536999,73.8486541,378495,2051835,DEMO_WARD_05,DEMO Ward 05,33.896,0.3311,0.0887,23.43,40.03,0.2577,4.48,335.8,569.01,5349.97,DEMO / SYNTHETIC DATA
DEMO_G_2667,18.5537016,73.8489383,378525,2051835,DEMO_WARD_05,DEMO Ward 05,32.692,0.3421,0.022,30.57,50.15,0.1316,4.483,148.69,569.53,9670.38,DEMO / SYNTHETIC DATA
DEMO_G_2668,18.5537033,73.8492226,378555,2051835,DEMO_WARD_05,DEMO Ward 05,33.78,0.3837,0.0884,54.37,30.57,0.2337,2.507,287.23,558.87,7164.35,DEMO / SYNTHETIC DATA
DEMO_G_2669,18.5537051,73.8495068,378585,2051835,DEMO_WARD_05,DEMO Ward 05,35.728,0.3273,0.1354,39.28,38.04,0.1719,4.857,303.74,572.14,8358.05,DEMO / SYNTHETIC DATA
DEMO_G_2670,18.5537068,73.849791,378615,2051835,DEMO_WARD_05,DEMO Ward 05,33.661,0.4136,0.0529,37.24,28.28,0.1296,3.41,198.06,567.59,10923.38,DEMO / SYNTHETIC DATA
DEMO_G_2671,18.5537085,73.8500753,378645,2051835,DEMO_WARD_05,DEMO Ward 05,34.935,0.3247,0.2257,37.39,37.46,0.1755,6.484,338.44,569.21,12523.24,DEMO / SYNTHETIC DATA
DEMO_G_2672,18.5537103,73.8503595,378675,2051835,DEMO_WARD_05,DEMO Ward 05,29.047,0.3606,-0.02,28.6,17.38,0.2069,2.993,210.47,567.9,7455.83,DEMO / SYNTHETIC DATA
DEMO_G_2673,18.553712,73.8506437,378705,2051835,DEMO_WARD_05,DEMO Ward 05,34.463,0.1199,-0.0062,14.92,42.97,0.2092,5.109,174.17,565.48,14283.65,DEMO / SYNTHETIC DATA
DEMO_G_2674,18.5537137,73.8509279,378735,2051835,DEMO_WARD_05,DEMO Ward 05,28.92,0.4576,-0.0472,33.7,33.81,0.1946,2.358,226.14,575.09,6950.68,DEMO / SYNTHETIC DATA
DEMO_G_2675,18.5537155,73.8512122,378765,2051835,DEMO_WARD_05,DEMO Ward 05,31.091,0.6222,-0.0759,40.63,50.88,0.2496,2.302,127.34,576.3,4809.77,DEMO / SYNTHETIC DATA
DEMO_G_2676,18.5537172,73.8514964,378795,2051835,DEMO_WARD_05,DEMO Ward 05,28.728,0.5059,-0.1551,30.78,21.02,0.2108,1.099,309.56,569.94,5157.15,DEMO / SYNTHETIC DATA
DEMO_G_2677,18.5537189,73.8517806,378825,2051835,DEMO_WARD_05,DEMO Ward 05,32.516,0.2613,0.0921,36.88,44.82,0.2769,2.919,238.02,573.08,9844.21,DEMO / SYNTHETIC DATA
DEMO_G_2678,18.5537207,73.8520649,378855,2051835,DEMO_WARD_05,DEMO Ward 05,34.122,0.4191,0.0884,35.28,39.01,0.2292,4.208,470.97,574.18,11353.36,DEMO / SYNTHETIC DATA
DEMO_G_2679,18.5537224,73.8523491,378885,2051835,DEMO_WARD_05,DEMO Ward 05,28.989,0.3224,-0.042,19.76,46.66,0.1732,3.613,126.05,572.59,7590.83,DEMO / SYNTHETIC DATA
DEMO_G_2680,18.5537241,73.8526333,378915,2051835,DEMO_WARD_05,DEMO Ward 05,29.754,0.4717,-0.128,26.82,31.41,0.2437,2.88,332.85,574.86,6631.24,DEMO / SYNTHETIC DATA
DEMO_G_2681,18.5537258,73.8529175,378945,2051835,DEMO_WARD_06,DEMO Ward 06,30.067,0.3736,0.0085,25.72,26.27,0.2387,2.488,0.0,561.94,8039.6,DEMO / SYNTHETIC DATA
DEMO_G_2682,18.5537276,73.8532018,378975,2051835,DEMO_WARD_06,DEMO Ward 06,30.22,0.386,0.0213,40.13,30.48,0.205,3.542,211.35,575.42,8321.88,DEMO / SYNTHETIC DATA
DEMO_G_2683,18.5537293,73.853486,379005,2051835,DEMO_WARD_06,DEMO Ward 06,29.875,0.399,-0.1962,32.09,25.57,0.1679,3.268,118.03,566.36,4517.67,DEMO / SYNTHETIC DATA
DEMO_G_2684,18.553731,73.8537702,379035,2051835,DEMO_WARD_06,DEMO Ward 06,27.69,0.59,-0.1354,63.65,21.25,0.1712,3.962,307.2,567.38,1573.49,DEMO / SYNTHETIC DATA
DEMO_G_2685,18.5537327,73.8540545,379065,2051835,DEMO_WARD_06,DEMO Ward 06,32.024,0.4229,0.2257,52.73,59.21,0.1574,3.811,319.81,570.92,12373.49,DEMO / SYNTHETIC DATA
DEMO_G_2686,18.5537345,73.8543387,379095,2051835,DEMO_WARD_06,DEMO Ward 06,31.357,0.2791,0.233,22.22,44.82,0.2129,4.42,305.0,572.11,8410.81,DEMO / SYNTHETIC DATA
DEMO_G_2687,18.5537362,73.8546229,379125,2051835,DEMO_WARD_06,DEMO Ward 06,32.935,0.4049,0.2328,25.63,53.48,0.2551,4.551,290.13,577.2,8689.1,DEMO / SYNTHETIC DATA
DEMO_G_2688,18.5537379,73.8549072,379155,2051835,DEMO_WARD_06,DEMO Ward 06,34.241,0.1824,-0.0153,22.33,42.64,0.2742,6.512,297.07,566.66,12605.15,DEMO / SYNTHETIC DATA
DEMO_G_2689,18.5537396,73.8551914,379185,2051835,DEMO_WARD_06,DEMO Ward 06,34.257,0.3844,0.2076,47.57,70.73,0.2202,4.409,338.34,568.74,12324.21,DEMO / SYNTHETIC DATA
DEMO_G_2690,18.5537414,73.8554756,379215,2051835,DEMO_WARD_06,DEMO Ward 06,32.074,0.3239,0.1653,31.71,61.29,0.2516,6.108,409.86,560.45,11334.46,DEMO / SYNTHETIC DATA
DEMO_G_2691,18.5537431,73.8557598,379245,2051835,DEMO_WARD_06,DEMO Ward 06,32.94,0.1972,0.2048,26.09,55.19,0.2751,7.127,222.41,570.56,11444.42,DEMO / SYNTHETIC DATA
DEMO_G_2692,18.5537448,73.8560441,379275,2051835,DEMO_WARD_06,DEMO Ward 06,36.053,0.3252,0.2197,42.85,38.94,0.2227,6.485,294.97,573.19,12262.02,DEMO / SYNTHETIC DATA
DEMO_G_2693,18.5537465,73.8563283,379305,2051835,DEMO_WARD_06,DEMO Ward 06,33.952,0.2558,0.2391,32.8,37.03,0.1586,5.924,341.33,564.73,10400.18,DEMO / SYNTHETIC DATA
DEMO_G_2694,18.5537483,73.8566125,379335,2051835,DEMO_WARD_06,DEMO Ward 06,35.624,0.27,0.1034,39.09,75.16,0.1411,3.76,288.64,569.73,12059.19,DEMO / SYNTHETIC DATA
DEMO_G_2695,18.55375,73.8568968,379365,2051835,DEMO_WARD_06,DEMO Ward 06,34.766,0.2639,0.1866,29.94,47.47,0.1887,5.51,270.9,571.29,13650.63,DEMO / SYNTHETIC DATA
DEMO_G_2696,18.5537517,73.857181,379395,2051835,DEMO_WARD_06,DEMO Ward 06,31.825,0.5488,-0.0336,55.11,34.89,0.2496,3.248,412.13,567.3,8969.58,DEMO / SYNTHETIC DATA
DEMO_G_2697,18.5537534,73.8574652,379425,2051835,DEMO_WARD_06,DEMO Ward 06,31.527,0.2356,0.2406,31.42,62.0,0.197,3.782,315.44,571.41,10013.76,DEMO / SYNTHETIC DATA
DEMO_G_2698,18.5537551,73.8577495,379455,2051835,DEMO_WARD_06,DEMO Ward 06,36.759,0.255,0.1363,22.34,43.31,0.1988,5.78,345.9,573.52,8583.88,DEMO / SYNTHETIC DATA
DEMO_G_2699,18.5537569,73.8580337,379485,2051835,DEMO_WARD_06,DEMO Ward 06,34.404,0.2232,0.0955,18.95,64.58,0.1292,3.358,414.4,574.55,14005.06,DEMO / SYNTHETIC DATA
DEMO_G_2700,18.5537586,73.8583179,379515,2051835,DEMO_WARD_06,DEMO Ward 06,36.857,0.0179,0.2055,0.0,50.97,0.1976,6.309,264.44,574.66,12863.08,DEMO / SYNTHETIC DATA
DEMO_G_2701,18.5539275,73.8415466,377745,2051865,DEMO_WARD_04,DEMO Ward 04,28.503,0.429,-0.2007,38.93,24.73,0.2369,2.695,92.54,572.79,6753.3,DEMO / SYNTHETIC DATA
DEMO_G_2702,18.5539292,73.8418308,377775,2051865,DEMO_WARD_04,DEMO Ward 04,31.613,0.3735,-0.043,31.84,45.04,0.2371,4.224,293.11,561.49,8466.06,DEMO / SYNTHETIC DATA
DEMO_G_2703,18.553931,73.842115,377805,2051865,DEMO_WARD_04,DEMO Ward 04,33.479,0.3396,0.0643,20.95,48.88,0.1682,5.564,193.78,570.52,10200.93,DEMO / SYNTHETIC DATA
DEMO_G_2704,18.5539327,73.8423993,377835,2051865,DEMO_WARD_04,DEMO Ward 04,35.487,0.3166,0.0212,25.33,38.06,0.158,2.344,168.86,572.88,11100.2,DEMO / SYNTHETIC DATA
DEMO_G_2705,18.5539345,73.8426835,377865,2051865,DEMO_WARD_04,DEMO Ward 04,34.029,0.2275,0.2644,26.64,42.58,0.217,5.126,425.77,570.49,6074.64,DEMO / SYNTHETIC DATA
DEMO_G_2706,18.5539362,73.8429677,377895,2051865,DEMO_WARD_04,DEMO Ward 04,35.137,0.328,0.0717,27.24,45.33,0.2111,4.971,303.84,570.74,6960.42,DEMO / SYNTHETIC DATA
DEMO_G_2707,18.553938,73.8432519,377925,2051865,DEMO_WARD_04,DEMO Ward 04,33.623,0.1736,0.2023,17.12,58.91,0.1677,4.815,321.19,574.75,13272.32,DEMO / SYNTHETIC DATA
DEMO_G_2708,18.5539397,73.8435362,377955,2051865,DEMO_WARD_04,DEMO Ward 04,34.072,0.3581,0.0145,35.18,51.01,0.1905,6.889,527.58,560.59,11115.47,DEMO / SYNTHETIC DATA
DEMO_G_2709,18.5539414,73.8438204,377985,2051865,DEMO_WARD_04,DEMO Ward 04,37.064,0.1973,0.1153,12.98,80.53,0.2003,6.981,432.3,572.7,13202.08,DEMO / SYNTHETIC DATA
DEMO_G_2710,18.5539432,73.8441046,378015,2051865,DEMO_WARD_04,DEMO Ward 04,32.37,0.2572,0.2088,14.34,63.2,0.2442,4.694,274.0,568.81,11711.2,DEMO / SYNTHETIC DATA
DEMO_G_2711,18.5539449,73.8443889,378045,2051865,DEMO_WARD_04,DEMO Ward 04,39.611,0.0283,0.2315,24.71,60.54,0.1789,6.246,261.35,563.56,16441.75,DEMO / SYNTHETIC DATA
DEMO_G_2712,18.5539467,73.8446731,378075,2051865,DEMO_WARD_04,DEMO Ward 04,31.047,0.3481,0.2908,24.14,41.07,0.1749,2.488,278.65,574.52,11270.63,DEMO / SYNTHETIC DATA
DEMO_G_2713,18.5539484,73.8449573,378105,2051865,DEMO_WARD_04,DEMO Ward 04,33.913,0.2251,0.2708,28.37,40.34,0.2121,5.217,213.65,575.22,11085.36,DEMO / SYNTHETIC DATA
DEMO_G_2714,18.5539501,73.8452415,378135,2051865,DEMO_WARD_04,DEMO Ward 04,34.89,0.3098,0.0901,20.08,53.75,0.1278,5.93,258.09,568.79,8469.18,DEMO / SYNTHETIC DATA
DEMO_G_2715,18.5539519,73.8455258,378165,2051865,DEMO_WARD_04,DEMO Ward 04,38.586,-0.0152,0.4281,1.37,71.6,0.1747,8.292,372.17,576.77,18183.0,DEMO / SYNTHETIC DATA
DEMO_G_2716,18.5539536,73.84581,378195,2051865,DEMO_WARD_04,DEMO Ward 04,33.809,0.194,0.2192,11.84,62.14,0.1864,2.848,539.11,570.93,12601.89,DEMO / SYNTHETIC DATA
DEMO_G_2717,18.5539553,73.8460942,378225,2051865,DEMO_WARD_04,DEMO Ward 04,35.797,0.3934,0.209,21.88,53.03,0.1478,6.629,410.23,568.04,10473.77,DEMO / SYNTHETIC DATA
DEMO_G_2718,18.5539571,73.8463785,378255,2051865,DEMO_WARD_04,DEMO Ward 04,34.633,0.2889,0.304,34.47,70.62,0.204,6.343,434.65,567.2,16083.13,DEMO / SYNTHETIC DATA
DEMO_G_2719,18.5539588,73.8466627,378285,2051865,DEMO_WARD_04,DEMO Ward 04,36.0,0.2365,0.2169,36.37,52.92,0.219,5.936,431.77,577.95,8458.55,DEMO / SYNTHETIC DATA
DEMO_G_2720,18.5539606,73.8469469,378315,2051865,DEMO_WARD_04,DEMO Ward 04,34.726,0.2499,0.3004,8.33,43.26,0.1708,7.101,292.94,566.32,10473.04,DEMO / SYNTHETIC DATA
DEMO_G_2721,18.5539623,73.8472311,378345,2051865,DEMO_WARD_05,DEMO Ward 05,32.725,0.4743,0.0373,51.32,47.48,0.2347,6.313,499.32,570.21,10041.95,DEMO / SYNTHETIC DATA
DEMO_G_2722,18.553964,73.8475154,378375,2051865,DEMO_WARD_05,DEMO Ward 05,34.398,0.2121,0.0601,19.12,69.02,0.1795,5.342,249.12,568.61,16946.91,DEMO / SYNTHETIC DATA
DEMO_G_2723,18.5539658,73.8477996,378405,2051865,DEMO_WARD_05,DEMO Ward 05,32.42,0.3884,0.1782,27.71,46.24,0.2577,6.519,166.35,573.77,11635.42,DEMO / SYNTHETIC DATA
DEMO_G_2724,18.5539675,73.8480838,378435,2051865,DEMO_WARD_05,DEMO Ward 05,34.799,0.2539,0.2081,23.19,54.63,0.2227,5.371,441.22,566.17,12918.56,DEMO / SYNTHETIC DATA
DEMO_G_2725,18.5539692,73.8483681,378465,2051865,DEMO_WARD_05,DEMO Ward 05,35.528,0.2664,0.1177,16.13,47.65,0.1801,4.186,441.39,570.02,10510.72,DEMO / SYNTHETIC DATA
DEMO_G_2726,18.553971,73.8486523,378495,2051865,DEMO_WARD_05,DEMO Ward 05,27.988,0.4253,-0.0981,42.62,24.97,0.2405,4.745,165.33,568.77,1085.03,DEMO / SYNTHETIC DATA
DEMO_G_2727,18.5539727,73.8489365,378525,2051865,DEMO_WARD_05,DEMO Ward 05,36.139,0.213,0.0609,10.86,57.1,0.1808,5.094,327.14,569.4,8164.95,DEMO / SYNTHETIC DATA
DEMO_G_2728,18.5539744,73.8492208,378555,2051865,DEMO_WARD_05,DEMO Ward 05,29.078,0.4978,-0.0197,40.56,19.67,0.2123,3.533,179.8,572.52,795.26,DEMO / SYNTHETIC DATA
DEMO_G_2729,18.5539762,73.849505,378585,2051865,DEMO_WARD_05,DEMO Ward 05,33.169,0.3031,0.0046,33.33,42.06,0.2456,3.339,180.17,571.21,10061.59,DEMO / SYNTHETIC DATA
DEMO_G_2730,18.5539779,73.8497892,378615,2051865,DEMO_WARD_05,DEMO Ward 05,33.626,0.3434,0.0455,26.55,41.82,0.2197,5.151,323.53,568.96,11887.32,DEMO / SYNTHETIC DATA
DEMO_G_2731,18.5539796,73.8500734,378645,2051865,DEMO_WARD_05,DEMO Ward 05,32.845,0.26,0.1009,18.87,37.87,0.2353,4.188,345.16,562.29,9319.7,DEMO / SYNTHETIC DATA
DEMO_G_2732,18.5539814,73.8503577,378675,2051865,DEMO_WARD_05,DEMO Ward 05,31.05,0.3086,0.0584,27.24,65.88,0.2132,5.596,193.37,573.38,8712.56,DEMO / SYNTHETIC DATA
DEMO_G_2733,18.5539831,73.8506419,378705,2051865,DEMO_WARD_05,DEMO Ward 05,32.411,0.1919,-0.0061,29.91,58.09,0.114,4.816,283.13,574.52,12124.54,DEMO / SYNTHETIC DATA
DEMO_G_2734,18.5539848,73.8509261,378735,2051865,DEMO_WARD_05,DEMO Ward 05,27.477,0.5452,-0.1004,32.75,42.25,0.2028,6.546,208.53,570.22,7306.48,DEMO / SYNTHETIC DATA
DEMO_G_2735,18.5539866,73.8512104,378765,2051865,DEMO_WARD_05,DEMO Ward 05,32.617,0.3874,0.0932,39.47,40.04,0.1985,4.2,201.92,571.62,12899.83,DEMO / SYNTHETIC DATA
DEMO_G_2736,18.5539883,73.8514946,378795,2051865,DEMO_WARD_05,DEMO Ward 05,31.384,0.4198,0.0352,44.63,24.9,0.1796,2.732,167.08,563.84,4342.14,DEMO / SYNTHETIC DATA
DEMO_G_2737,18.55399,73.8517788,378825,2051865,DEMO_WARD_05,DEMO Ward 05,32.008,0.3759,0.1309,41.46,40.6,0.1668,5.145,304.69,571.26,6265.88,DEMO / SYNTHETIC DATA
DEMO_G_2738,18.5539917,73.852063,378855,2051865,DEMO_WARD_05,DEMO Ward 05,31.167,0.2654,0.0768,17.05,43.36,0.2019,4.331,234.98,579.14,7291.55,DEMO / SYNTHETIC DATA
DEMO_G_2739,18.5539935,73.8523473,378885,2051865,DEMO_WARD_05,DEMO Ward 05,32.408,0.2556,0.0505,34.63,44.36,0.2366,2.632,145.97,564.82,6673.63,DEMO / SYNTHETIC DATA
DEMO_G_2740,18.5539952,73.8526315,378915,2051865,DEMO_WARD_05,DEMO Ward 05,32.817,0.3324,0.1608,47.3,35.92,0.21,4.348,216.65,567.82,8034.53,DEMO / SYNTHETIC DATA
DEMO_G_2741,18.5539969,73.8529157,378945,2051865,DEMO_WARD_06,DEMO Ward 06,30.914,0.5312,-0.0808,63.74,10.41,0.1786,2.815,0.0,567.79,5347.04,DEMO / SYNTHETIC DATA
DEMO_G_2742,18.5539986,73.8532,378975,2051865,DEMO_WARD_06,DEMO Ward 06,31.501,0.4525,0.0203,32.6,47.36,0.2222,3.602,124.65,566.84,7604.24,DEMO / SYNTHETIC DATA
DEMO_G_2743,18.5540004,73.8534842,379005,2051865,DEMO_WARD_06,DEMO Ward 06,30.807,0.3124,-0.0277,35.3,38.64,0.2249,2.387,110.47,568.22,3894.27,DEMO / SYNTHETIC DATA
DEMO_G_2744,18.5540021,73.8537684,379035,2051865,DEMO_WARD_06,DEMO Ward 06,30.617,0.2594,-0.0537,20.45,53.55,0.2117,4.644,77.62,572.39,6222.11,DEMO / SYNTHETIC DATA
DEMO_G_2745,18.5540038,73.8540527,379065,2051865,DEMO_WARD_06,DEMO Ward 06,31.327,0.3278,-0.0656,17.83,56.52,0.1156,3.33,331.51,576.71,11070.28,DEMO / SYNTHETIC DATA
DEMO_G_2746,18.5540056,73.8543369,379095,2051865,DEMO_WARD_06,DEMO Ward 06,32.023,0.4171,0.1005,39.81,32.71,0.1317,5.107,166.93,573.04,4146.63,DEMO / SYNTHETIC DATA
DEMO_G_2747,18.5540073,73.8546211,379125,2051865,DEMO_WARD_06,DEMO Ward 06,32.914,0.2885,0.1929,30.35,53.0,0.1688,5.953,367.86,565.31,15008.39,DEMO / SYNTHETIC DATA
DEMO_G_2748,18.554009,73.8549053,379155,2051865,DEMO_WARD_06,DEMO Ward 06,32.285,0.3609,0.1407,30.05,26.75,0.1971,2.699,200.62,574.25,6003.17,DEMO / SYNTHETIC DATA
DEMO_G_2749,18.5540107,73.8551896,379185,2051865,DEMO_WARD_06,DEMO Ward 06,32.445,0.1665,0.1023,26.24,49.92,0.1198,4.337,371.31,570.81,8523.76,DEMO / SYNTHETIC DATA
DEMO_G_2750,18.5540125,73.8554738,379215,2051865,DEMO_WARD_06,DEMO Ward 06,34.658,0.3452,0.1679,35.91,42.97,0.2229,4.895,270.4,567.97,6617.66,DEMO / SYNTHETIC DATA
DEMO_G_2751,18.5540142,73.855758,379245,2051865,DEMO_WARD_06,DEMO Ward 06,30.5,0.3554,0.0722,31.54,62.72,0.174,3.772,213.78,566.91,9961.67,DEMO / SYNTHETIC DATA
DEMO_G_2752,18.5540159,73.8560423,379275,2051865,DEMO_WARD_06,DEMO Ward 06,32.312,0.2976,0.1174,28.05,47.88,0.2018,6.346,134.58,570.91,10567.3,DEMO / SYNTHETIC DATA
DEMO_G_2753,18.5540176,73.8563265,379305,2051865,DEMO_WARD_06,DEMO Ward 06,32.401,0.4891,0.0887,33.84,31.87,0.1813,2.285,166.57,570.69,10069.62,DEMO / SYNTHETIC DATA
DEMO_G_2754,18.5540193,73.8566107,379335,2051865,DEMO_WARD_06,DEMO Ward 06,35.508,0.122,0.4479,21.53,69.46,0.2506,6.053,432.79,567.35,10230.73,DEMO / SYNTHETIC DATA
DEMO_G_2755,18.5540211,73.856895,379365,2051865,DEMO_WARD_06,DEMO Ward 06,35.532,0.2761,0.0561,22.05,66.13,0.1031,7.55,372.96,571.41,14007.64,DEMO / SYNTHETIC DATA
DEMO_G_2756,18.5540228,73.8571792,379395,2051865,DEMO_WARD_06,DEMO Ward 06,40.415,-0.0093,0.3283,4.82,87.27,0.1154,6.553,452.38,575.74,12484.98,DEMO / SYNTHETIC DATA
DEMO_G_2757,18.5540245,73.8574634,379425,2051865,DEMO_WARD_06,DEMO Ward 06,32.874,0.2774,0.0786,36.58,29.77,0.1903,6.345,79.5,565.74,9434.21,DEMO / SYNTHETIC DATA
DEMO_G_2758,18.5540262,73.8577477,379455,2051865,DEMO_WARD_06,DEMO Ward 06,36.279,0.2745,0.3336,30.09,76.12,0.1666,7.307,318.64,566.65,13532.15,DEMO / SYNTHETIC DATA
DEMO_G_2759,18.5540279,73.8580319,379485,2051865,DEMO_WARD_06,DEMO Ward 06,37.689,0.2937,0.3219,27.69,47.42,0.181,6.178,448.23,569.26,10688.42,DEMO / SYNTHETIC DATA
DEMO_G_2760,18.5540297,73.8583161,379515,2051865,DEMO_WARD_06,DEMO Ward 06,36.531,0.2603,0.2615,18.23,87.1,0.1748,7.499,395.79,568.1,13197.06,DEMO / SYNTHETIC DATA
DEMO_G_2761,18.5541986,73.8415447,377745,2051895,DEMO_WARD_04,DEMO Ward 04,33.423,0.4426,0.149,39.16,52.66,0.2011,6.081,290.34,564.31,9761.31,DEMO / SYNTHETIC DATA
DEMO_G_2762,18.5542003,73.841829,377775,2051895,DEMO_WARD_04,DEMO Ward 04,32.026,0.3953,0.0218,42.62,59.44,0.1532,4.432,357.14,574.71,11279.79,DEMO / SYNTHETIC DATA
DEMO_G_2763,18.5542021,73.8421132,377805,2051895,DEMO_WARD_04,DEMO Ward 04,32.674,0.3303,0.2193,30.45,62.46,0.2769,4.663,310.32,563.39,11347.77,DEMO / SYNTHETIC DATA
DEMO_G_2764,18.5542038,73.8423974,377835,2051895,DEMO_WARD_04,DEMO Ward 04,32.172,0.5107,0.2272,47.68,29.77,0.1867,4.212,25.5,572.88,7062.75,DEMO / SYNTHETIC DATA
DEMO_G_2765,18.5542056,73.8426817,377865,2051895,DEMO_WARD_04,DEMO Ward 04,36.481,0.0657,0.2499,25.16,55.14,0.1836,5.169,497.74,570.72,12848.64,DEMO / SYNTHETIC DATA
DEMO_G_2766,18.5542073,73.8429659,377895,2051895,DEMO_WARD_04,DEMO Ward 04,38.454,0.2,0.2462,23.32,76.27,0.2112,9.672,112.46,574.95,13800.05,DEMO / SYNTHETIC DATA
DEMO_G_2767,18.554209,73.8432501,377925,2051895,DEMO_WARD_04,DEMO Ward 04,33.156,0.3839,0.2002,26.4,44.86,0.2251,4.17,337.59,572.22,12938.86,DEMO / SYNTHETIC DATA
DEMO_G_2768,18.5542108,73.8435343,377955,2051895,DEMO_WARD_04,DEMO Ward 04,34.931,0.3742,0.4115,32.2,62.39,0.2606,6.893,452.46,573.54,9029.0,DEMO / SYNTHETIC DATA
DEMO_G_2769,18.5542125,73.8438186,377985,2051895,DEMO_WARD_04,DEMO Ward 04,36.287,-0.017,0.21,16.71,64.12,0.1634,6.427,398.82,568.77,13334.18,DEMO / SYNTHETIC DATA
DEMO_G_2770,18.5542143,73.8441028,378015,2051895,DEMO_WARD_04,DEMO Ward 04,34.807,0.1093,0.1551,29.98,62.52,0.236,8.576,324.75,573.01,13910.61,DEMO / SYNTHETIC DATA
DEMO_G_2771,18.554216,73.844387,378045,2051895,DEMO_WARD_04,DEMO Ward 04,35.721,0.2422,0.1745,23.06,57.36,0.2223,5.756,349.54,571.66,13222.16,DEMO / SYNTHETIC DATA
DEMO_G_2772,18.5542177,73.8446713,378075,2051895,DEMO_WARD_04,DEMO Ward 04,34.961,0.2773,0.1649,33.64,82.72,0.2061,6.138,401.05,567.41,16145.51,DEMO / SYNTHETIC DATA
DEMO_G_2773,18.5542195,73.8449555,378105,2051895,DEMO_WARD_04,DEMO Ward 04,36.963,-0.0006,0.3012,11.28,72.18,0.1837,5.224,509.83,578.24,15163.17,DEMO / SYNTHETIC DATA
DEMO_G_2774,18.5542212,73.8452397,378135,2051895,DEMO_WARD_04,DEMO Ward 04,34.646,0.3096,0.3279,34.44,53.46,0.2372,5.845,491.19,571.55,11741.51,DEMO / SYNTHETIC DATA
DEMO_G_2775,18.554223,73.845524,378165,2051895,DEMO_WARD_04,DEMO Ward 04,32.789,0.3735,0.1989,24.81,61.44,0.1635,4.725,361.15,573.87,13888.94,DEMO / SYNTHETIC DATA
DEMO_G_2776,18.5542247,73.8458082,378195,2051895,DEMO_WARD_04,DEMO Ward 04,34.715,0.2303,0.3328,43.99,77.72,0.2098,3.213,302.77,567.44,15833.24,DEMO / SYNTHETIC DATA
DEMO_G_2777,18.5542264,73.8460924,378225,2051895,DEMO_WARD_04,DEMO Ward 04,35.606,0.0655,0.2431,18.86,49.79,0.2266,5.055,314.01,564.4,11628.85,DEMO / SYNTHETIC DATA
DEMO_G_2778,18.5542282,73.8463766,378255,2051895,DEMO_WARD_04,DEMO Ward 04,35.356,0.2677,0.0734,41.91,71.69,0.2187,4.803,313.17,572.04,15710.72,DEMO / SYNTHETIC DATA
DEMO_G_2779,18.5542299,73.8466609,378285,2051895,DEMO_WARD_04,DEMO Ward 04,32.906,0.357,0.1962,40.78,36.55,0.2186,4.186,217.95,568.74,5642.89,DEMO / SYNTHETIC DATA
DEMO_G_2780,18.5542316,73.8469451,378315,2051895,DEMO_WARD_04,DEMO Ward 04,37.671,0.0866,0.364,22.63,61.39,0.1903,6.16,463.29,571.77,14637.6,DEMO / SYNTHETIC DATA
DEMO_G_2781,18.5542334,73.8472293,378345,2051895,DEMO_WARD_05,DEMO Ward 05,32.104,0.2947,0.1524,41.7,59.61,0.2963,5.515,268.38,567.91,11872.42,DEMO / SYNTHETIC DATA
DEMO_G_2782,18.5542351,73.8475136,378375,2051895,DEMO_WARD_05,DEMO Ward 05,32.399,0.3576,0.1625,28.93,47.68,0.2022,5.793,203.51,568.65,10161.92,DEMO / SYNTHETIC DATA
DEMO_G_2783,18.5542369,73.8477978,378405,2051895,DEMO_WARD_05,DEMO Ward 05,34.465,0.2578,0.2119,11.06,32.29,0.284,5.872,313.78,571.22,10822.89,DEMO / SYNTHETIC DATA
DEMO_G_2784,18.5542386,73.848082,378435,2051895,DEMO_WARD_05,DEMO Ward 05,40.008,0.0343,0.4217,0.0,91.32,0.1227,7.825,560.12,569.17,15583.36,DEMO / SYNTHETIC DATA
DEMO_G_2785,18.5542403,73.8483662,378465,2051895,DEMO_WARD_05,DEMO Ward 05,30.314,0.3677,0.0875,30.06,41.6,0.2337,2.824,460.14,575.45,6811.0,DEMO / SYNTHETIC DATA
DEMO_G_2786,18.5542421,73.8486505,378495,2051895,DEMO_WARD_05,DEMO Ward 05,37.194,0.1749,0.2448,24.47,46.47,0.146,4.442,461.45,565.47,12669.41,DEMO / SYNTHETIC DATA
DEMO_G_2787,18.5542438,73.8489347,378525,2051895,DEMO_WARD_05,DEMO Ward 05,28.873,0.4133,-0.0421,48.85,28.82,0.1806,2.036,415.23,576.85,8358.63,DEMO / SYNTHETIC DATA
DEMO_G_2788,18.5542455,73.8492189,378555,2051895,DEMO_WARD_05,DEMO Ward 05,34.29,0.3696,-0.0229,28.77,58.69,0.2728,3.792,378.71,570.82,8006.68,DEMO / SYNTHETIC DATA
DEMO_G_2789,18.5542473,73.8495032,378585,2051895,DEMO_WARD_05,DEMO Ward 05,32.167,0.4085,0.0697,33.3,49.83,0.1689,6.191,369.55,570.67,18064.95,DEMO / SYNTHETIC DATA
DEMO_G_2790,18.554249,73.8497874,378615,2051895,DEMO_WARD_05,DEMO Ward 05,31.103,0.5069,0.0113,46.6,33.19,0.2407,2.682,86.31,571.35,5910.17,DEMO / SYNTHETIC DATA
DEMO_G_2791,18.5542507,73.8500716,378645,2051895,DEMO_WARD_05,DEMO Ward 05,33.002,0.1941,0.0724,23.35,38.13,0.211,6.012,361.25,572.01,9415.94,DEMO / SYNTHETIC DATA
DEMO_G_2792,18.5542524,73.8503559,378675,2051895,DEMO_WARD_05,DEMO Ward 05,34.648,0.3752,0.0656,19.85,29.29,0.1475,3.68,224.6,573.88,4692.79,DEMO / SYNTHETIC DATA
DEMO_G_2793,18.5542542,73.8506401,378705,2051895,DEMO_WARD_05,DEMO Ward 05,38.024,0.1734,0.3613,25.85,59.82,0.1383,5.812,241.88,563.74,11566.77,DEMO / SYNTHETIC DATA
DEMO_G_2794,18.5542559,73.8509243,378735,2051895,DEMO_WARD_05,DEMO Ward 05,32.863,0.3098,0.0559,28.73,44.96,0.2043,7.618,256.41,568.78,9508.07,DEMO / SYNTHETIC DATA
DEMO_G_2795,18.5542576,73.8512085,378765,2051895,DEMO_WARD_05,DEMO Ward 05,29.977,0.4682,0.0976,27.27,28.74,0.1963,1.169,356.82,564.29,8234.83,DEMO / SYNTHETIC DATA
DEMO_G_2796,18.5542594,73.8514928,378795,2051895,DEMO_WARD_05,DEMO Ward 05,32.205,0.4436,0.0804,53.92,43.24,0.2306,4.049,327.34,565.89,5702.24,DEMO / SYNTHETIC DATA
DEMO_G_2797,18.5542611,73.851777,378825,2051895,DEMO_WARD_05,DEMO Ward 05,29.874,0.3982,-0.1807,42.33,18.98,0.205,1.233,307.82,565.23,1678.21,DEMO / SYNTHETIC DATA
DEMO_G_2798,18.5542628,73.8520612,378855,2051895,DEMO_WARD_05,DEMO Ward 05,32.133,0.2404,-0.0074,28.47,45.25,0.2199,4.698,144.81,571.03,6829.8,DEMO / SYNTHETIC DATA
DEMO_G_2799,18.5542646,73.8523455,378885,2051895,DEMO_WARD_05,DEMO Ward 05,34.932,0.3256,0.0928,29.43,36.54,0.1337,4.805,253.62,572.1,5915.21,DEMO / SYNTHETIC DATA
DEMO_G_2800,18.5542663,73.8526297,378915,2051895,DEMO_WARD_05,DEMO Ward 05,26.287,0.5704,-0.1809,36.36,8.64,0.279,1.515,83.65,573.38,945.16,DEMO / SYNTHETIC DATA
DEMO_G_2801,18.554268,73.8529139,378945,2051895,DEMO_WARD_06,DEMO Ward 06,33.508,0.3211,0.0914,15.27,44.81,0.2417,6.007,184.93,574.25,6410.36,DEMO / SYNTHETIC DATA
DEMO_G_2802,18.5542697,73.8531982,378975,2051895,DEMO_WARD_06,DEMO Ward 06,30.525,0.4905,-0.0806,41.38,18.79,0.1964,1.204,0.0,572.29,4591.74,DEMO / SYNTHETIC DATA
DEMO_G_2803,18.5542715,73.8534824,379005,2051895,DEMO_WARD_06,DEMO Ward 06,34.092,0.2091,0.4388,19.66,77.04,0.1957,6.521,348.87,565.87,13043.15,DEMO / SYNTHETIC DATA
DEMO_G_2804,18.5542732,73.8537666,379035,2051895,DEMO_WARD_06,DEMO Ward 06,30.151,0.3856,-0.1358,32.22,30.93,0.2198,1.264,167.36,572.34,2139.09,DEMO / SYNTHETIC DATA
DEMO_G_2805,18.5542749,73.8540508,379065,2051895,DEMO_WARD_06,DEMO Ward 06,28.934,0.407,0.0242,52.89,29.96,0.213,3.54,369.37,571.48,8796.82,DEMO / SYNTHETIC DATA
DEMO_G_2806,18.5542766,73.8543351,379095,2051895,DEMO_WARD_06,DEMO Ward 06,34.038,0.2262,0.0728,30.37,47.45,0.1967,5.444,356.36,566.14,5778.1,DEMO / SYNTHETIC DATA
DEMO_G_2807,18.5542784,73.8546193,379125,2051895,DEMO_WARD_06,DEMO Ward 06,34.866,0.2284,-0.0754,23.78,53.44,0.1625,6.186,238.75,567.28,7860.39,DEMO / SYNTHETIC DATA
DEMO_G_2808,18.5542801,73.8549035,379155,2051895,DEMO_WARD_06,DEMO Ward 06,31.048,0.428,0.1219,47.7,49.2,0.2107,2.523,211.58,575.64,9099.66,DEMO / SYNTHETIC DATA
DEMO_G_2809,18.5542818,73.8551878,379185,2051895,DEMO_WARD_06,DEMO Ward 06,36.892,0.2726,0.1711,21.13,54.05,0.1964,5.066,415.36,578.12,13929.93,DEMO / SYNTHETIC DATA
DEMO_G_2810,18.5542835,73.855472,379215,2051895,DEMO_WARD_06,DEMO Ward 06,31.814,0.3668,0.0782,28.42,33.52,0.2563,3.27,174.78,574.26,4117.92,DEMO / SYNTHETIC DATA
DEMO_G_2811,18.5542853,73.8557562,379245,2051895,DEMO_WARD_06,DEMO Ward 06,33.891,0.0839,0.1817,3.48,39.7,0.2076,3.58,304.65,572.03,8540.45,DEMO / SYNTHETIC DATA
DEMO_G_2812,18.554287,73.8560405,379275,2051895,DEMO_WARD_06,DEMO Ward 06,30.101,0.2495,0.17,30.97,54.93,0.1132,5.506,266.79,561.23,14121.43,DEMO / SYNTHETIC DATA
DEMO_G_2813,18.5542887,73.8563247,379305,2051895,DEMO_WARD_06,DEMO Ward 06,38.522,0.198,0.2645,15.15,62.0,0.1935,7.153,492.67,569.72,10406.43,DEMO / SYNTHETIC DATA
DEMO_G_2814,18.5542904,73.8566089,379335,2051895,DEMO_WARD_06,DEMO Ward 06,32.937,0.3701,0.1884,22.57,44.67,0.2456,5.411,454.09,574.84,11933.02,DEMO / SYNTHETIC DATA
DEMO_G_2815,18.5542922,73.8568932,379365,2051895,DEMO_WARD_06,DEMO Ward 06,37.491,0.1743,0.313,33.09,74.83,0.1852,5.332,398.89,573.79,15409.49,DEMO / SYNTHETIC DATA
DEMO_G_2816,18.5542939,73.8571774,379395,2051895,DEMO_WARD_06,DEMO Ward 06,35.224,0.0624,0.392,15.2,70.36,0.1559,5.357,352.97,568.78,12981.39,DEMO / SYNTHETIC DATA
DEMO_G_2817,18.5542956,73.8574616,379425,2051895,DEMO_WARD_06,DEMO Ward 06,33.907,0.2447,0.3419,26.51,65.91,0.1762,6.647,472.86,573.88,17381.91,DEMO / SYNTHETIC DATA
DEMO_G_2818,18.5542973,73.8577458,379455,2051895,DEMO_WARD_06,DEMO Ward 06,36.771,0.0852,0.3729,16.2,84.44,0.2413,5.905,405.47,570.37,14787.19,DEMO / SYNTHETIC DATA
DEMO_G_2819,18.554299,73.8580301,379485,2051895,DEMO_WARD_06,DEMO Ward 06,34.832,0.2633,0.2575,17.52,61.02,0.1436,7.181,364.97,576.78,12076.73,DEMO / SYNTHETIC DATA
DEMO_G_2820,18.5543008,73.8583143,379515,2051895,DEMO_WARD_06,DEMO Ward 06,39.627,0.0381,0.3157,14.42,78.62,0.2256,8.195,648.65,567.66,20446.93,DEMO / SYNTHETIC DATA
DEMO_G_2821,18.5544697,73.8415429,377745,2051925,DEMO_WARD_04,DEMO Ward 04,33.991,0.3773,0.2523,24.95,38.47,0.1516,5.398,214.85,567.46,7251.13,DEMO / SYNTHETIC DATA
DEMO_G_2822,18.5544714,73.8418271,377775,2051925,DEMO_WARD_04,DEMO Ward 04,28.826,0.4272,0.0551,34.89,30.53,0.2511,3.658,304.75,566.75,8010.91,DEMO / SYNTHETIC DATA
DEMO_G_2823,18.5544732,73.8421114,377805,2051925,DEMO_WARD_04,DEMO Ward 04,32.454,0.3339,0.0243,30.13,43.3,0.1689,4.932,68.93,574.98,3629.48,DEMO / SYNTHETIC DATA
DEMO_G_2824,18.5544749,73.8423956,377835,2051925,DEMO_WARD_04,DEMO Ward 04,32.995,0.3181,0.3101,28.31,70.34,0.21,6.563,393.93,576.26,16568.12,DEMO / SYNTHETIC DATA
DEMO_G_2825,18.5544766,73.8426798,377865,2051925,DEMO_WARD_04,DEMO Ward 04,29.306,0.4022,-0.1006,35.48,38.85,0.2777,2.876,112.45,570.24,3814.11,DEMO / SYNTHETIC DATA
DEMO_G_2826,18.5544784,73.8429641,377895,2051925,DEMO_WARD_04,DEMO Ward 04,32.237,0.2874,0.0679,28.71,54.76,0.2217,4.213,141.05,572.3,9260.58,DEMO / SYNTHETIC DATA
DEMO_G_2827,18.5544801,73.8432483,377925,2051925,DEMO_WARD_04,DEMO Ward 04,37.755,0.2661,0.2515,20.41,51.77,0.1697,5.829,347.02,570.9,9149.67,DEMO / SYNTHETIC DATA
DEMO_G_2828,18.5544819,73.8435325,377955,2051925,DEMO_WARD_04,DEMO Ward 04,35.167,0.2394,0.1523,25.24,50.86,0.1919,1.404,367.09,570.06,14153.59,DEMO / SYNTHETIC DATA
DEMO_G_2829,18.5544836,73.8438168,377985,2051925,DEMO_WARD_04,DEMO Ward 04,33.129,0.2305,0.0958,32.58,59.41,0.2986,7.254,488.27,573.54,5169.01,DEMO / SYNTHETIC DATA
DEMO_G_2830,18.5544854,73.844101,378015,2051925,DEMO_WARD_04,DEMO Ward 04,32.701,0.4124,0.1349,23.3,73.1,0.209,4.882,554.02,575.16,13740.26,DEMO / SYNTHETIC DATA
DEMO_G_2831,18.5544871,73.8443852,378045,2051925,DEMO_WARD_04,DEMO Ward 04,34.099,0.1411,0.1534,4.04,61.96,0.1866,5.356,410.01,571.13,14825.75,DEMO / SYNTHETIC DATA
DEMO_G_2832,18.5544888,73.8446694,378075,2051925,DEMO_WARD_04,DEMO Ward 04,30.171,0.3463,0.1633,33.93,46.05,0.2121,5.055,429.52,573.55,11088.78,DEMO / SYNTHETIC DATA
DEMO_G_2833,18.5544906,73.8449537,378105,2051925,DEMO_WARD_04,DEMO Ward 04,33.989,0.1788,0.1435,33.15,63.85,0.1831,5.031,579.05,574.29,16833.44,DEMO / SYNTHETIC DATA
DEMO_G_2834,18.5544923,73.8452379,378135,2051925,DEMO_WARD_04,DEMO Ward 04,33.503,0.1325,0.0851,13.38,69.25,0.1559,5.142,397.43,569.31,12446.86,DEMO / SYNTHETIC DATA
DEMO_G_2835,18.554494,73.8455221,378165,2051925,DEMO_WARD_04,DEMO Ward 04,37.188,0.3743,0.1802,27.06,51.67,0.1437,5.825,351.56,563.07,13001.3,DEMO / SYNTHETIC DATA
DEMO_G_2836,18.5544958,73.8458064,378195,2051925,DEMO_WARD_04,DEMO Ward 04,34.645,0.1831,0.1466,20.4,47.36,0.2388,3.973,343.49,570.43,10926.45,DEMO / SYNTHETIC DATA
DEMO_G_2837,18.5544975,73.8460906,378225,2051925,DEMO_WARD_04,DEMO Ward 04,38.372,0.1162,0.2442,3.93,83.02,0.2172,6.938,457.79,571.27,13731.63,DEMO / SYNTHETIC DATA
DEMO_G_2838,18.5544993,73.8463748,378255,2051925,DEMO_WARD_04,DEMO Ward 04,33.585,0.3748,0.0138,38.03,68.04,0.2297,5.652,290.33,563.01,11692.16,DEMO / SYNTHETIC DATA
DEMO_G_2839,18.554501,73.846659,378285,2051925,DEMO_WARD_04,DEMO Ward 04,34.054,0.2142,0.2822,14.51,62.65,0.1797,4.985,441.58,579.08,8160.67,DEMO / SYNTHETIC DATA
DEMO_G_2840,18.5545027,73.8469433,378315,2051925,DEMO_WARD_04,DEMO Ward 04,34.924,0.2549,0.2184,15.08,61.84,0.1594,5.048,264.7,571.5,8047.11,DEMO / SYNTHETIC DATA
DEMO_G_2841,18.5545045,73.8472275,378345,2051925,DEMO_WARD_05,DEMO Ward 05,34.838,0.248,0.1629,29.45,69.53,0.1478,6.031,547.84,571.84,14281.63,DEMO / SYNTHETIC DATA
DEMO_G_2842,18.5545062,73.8475117,378375,2051925,DEMO_WARD_05,DEMO Ward 05,32.979,0.3412,0.1232,29.44,50.63,0.1991,4.46,222.1,574.37,11734.09,DEMO / SYNTHETIC DATA
DEMO_G_2843,18.5545079,73.847796,378405,2051925,DEMO_WARD_05,DEMO Ward 05,35.765,0.2464,0.1092,19.91,50.62,0.163,6.459,392.73,570.05,12422.42,DEMO / SYNTHETIC DATA
DEMO_G_2844,18.5545097,73.8480802,378435,2051925,DEMO_WARD_05,DEMO Ward 05,31.976,0.3019,-0.0042,26.26,49.59,0.2164,4.73,245.26,565.33,11234.77,DEMO / SYNTHETIC DATA
DEMO_G_2845,18.5545114,73.8483644,378465,2051925,DEMO_WARD_05,DEMO Ward 05,32.808,0.2331,0.1227,31.67,51.2,0.1815,5.06,263.26,567.96,9607.3,DEMO / SYNTHETIC DATA
DEMO_G_2846,18.5545131,73.8486487,378495,2051925,DEMO_WARD_05,DEMO Ward 05,32.273,0.3344,0.1446,36.45,40.73,0.1824,3.697,280.12,568.9,2851.63,DEMO / SYNTHETIC DATA
DEMO_G_2847,18.5545149,73.8489329,378525,2051925,DEMO_WARD_05,DEMO Ward 05,33.094,0.3321,0.1294,33.68,44.97,0.2357,4.354,259.41,566.45,9466.15,DEMO / SYNTHETIC DATA
DEMO_G_2848,18.5545166,73.8492171,378555,2051925,DEMO_WARD_05,DEMO Ward 05,35.175,0.2959,0.0853,28.38,57.11,0.1635,5.305,407.24,572.46,14604.58,DEMO / SYNTHETIC DATA
DEMO_G_2849,18.5545183,73.8495014,378585,2051925,DEMO_WARD_05,DEMO Ward 05,33.076,0.1105,0.1605,24.66,34.97,0.2521,3.412,251.36,568.24,9283.1,DEMO / SYNTHETIC DATA
DEMO_G_2850,18.5545201,73.8497856,378615,2051925,DEMO_WARD_05,DEMO Ward 05,31.781,0.4012,0.1544,42.1,66.44,0.2241,4.215,246.23,568.87,10368.31,DEMO / SYNTHETIC DATA
DEMO_G_2851,18.5545218,73.8500698,378645,2051925,DEMO_WARD_05,DEMO Ward 05,32.776,0.3007,0.0233,26.55,36.05,0.1823,1.198,31.21,581.26,8221.54,DEMO / SYNTHETIC DATA
DEMO_G_2852,18.5545235,73.850354,378675,2051925,DEMO_WARD_05,DEMO Ward 05,32.192,0.4259,0.0859,30.28,45.68,0.224,3.958,186.0,573.93,9564.75,DEMO / SYNTHETIC DATA
DEMO_G_2853,18.5545253,73.8506383,378705,2051925,DEMO_WARD_05,DEMO Ward 05,29.641,0.3924,0.0995,46.1,55.0,0.2032,5.225,401.14,572.54,7744.89,DEMO / SYNTHETIC DATA
DEMO_G_2854,18.554527,73.8509225,378735,2051925,DEMO_WARD_05,DEMO Ward 05,33.141,0.3014,-0.0827,38.4,40.19,0.1902,5.751,196.36,558.75,8889.45,DEMO / SYNTHETIC DATA
DEMO_G_2855,18.5545287,73.8512067,378765,2051925,DEMO_WARD_05,DEMO Ward 05,32.306,0.3147,0.0831,37.23,48.92,0.2103,5.539,281.13,572.63,11189.47,DEMO / SYNTHETIC DATA
DEMO_G_2856,18.5545305,73.851491,378795,2051925,DEMO_WARD_05,DEMO Ward 05,30.646,0.4138,0.0502,46.23,43.24,0.229,3.346,244.48,566.78,11568.93,DEMO / SYNTHETIC DATA
DEMO_G_2857,18.5545322,73.8517752,378825,2051925,DEMO_WARD_05,DEMO Ward 05,27.02,0.3473,-0.0973,34.76,45.7,0.1644,1.88,52.12,569.52,5491.91,DEMO / SYNTHETIC DATA
DEMO_G_2858,18.5545339,73.8520594,378855,2051925,DEMO_WARD_05,DEMO Ward 05,31.158,0.4589,0.0549,39.69,32.92,0.1548,3.98,219.62,569.86,7333.94,DEMO / SYNTHETIC DATA
DEMO_G_2859,18.5545356,73.8523437,378885,2051925,DEMO_WARD_05,DEMO Ward 05,33.594,0.3507,-0.133,34.64,33.64,0.1272,2.918,160.01,579.44,8512.22,DEMO / SYNTHETIC DATA
DEMO_G_2860,18.5545374,73.8526279,378915,2051925,DEMO_WARD_05,DEMO Ward 05,28.881,0.445,-0.0347,32.37,20.56,0.2036,2.473,143.84,569.81,8072.81,DEMO / SYNTHETIC DATA
DEMO_G_2861,18.5545391,73.8529121,378945,2051925,DEMO_WARD_06,DEMO Ward 06,31.975,0.5292,-0.0426,53.95,49.99,0.1625,3.474,236.56,573.1,9549.53,DEMO / SYNTHETIC DATA
DEMO_G_2862,18.5545408,73.8531963,378975,2051925,DEMO_WARD_06,DEMO Ward 06,29.044,0.5946,-0.0347,56.9,37.04,0.174,2.063,300.81,575.38,4314.25,DEMO / SYNTHETIC DATA
DEMO_G_2863,18.5545426,73.8534806,379005,2051925,DEMO_WARD_06,DEMO Ward 06,34.96,0.2503,0.1762,24.47,51.15,0.1291,4.93,243.78,564.6,8958.68,DEMO / SYNTHETIC DATA
DEMO_G_2864,18.5545443,73.8537648,379035,2051925,DEMO_WARD_06,DEMO Ward 06,34.09,0.2661,0.1541,24.64,50.36,0.1287,2.673,338.99,575.8,8714.21,DEMO / SYNTHETIC DATA
DEMO_G_2865,18.554546,73.854049,379065,2051925,DEMO_WARD_06,DEMO Ward 06,28.135,0.5661,0.0134,34.6,43.03,0.206,3.832,167.93,575.68,8712.74,DEMO / SYNTHETIC DATA
DEMO_G_2866,18.5545477,73.8543333,379095,2051925,DEMO_WARD_06,DEMO Ward 06,32.152,0.3412,0.1292,39.04,43.28,0.1261,6.652,101.23,570.93,13650.08,DEMO / SYNTHETIC DATA
DEMO_G_2867,18.5545495,73.8546175,379125,2051925,DEMO_WARD_06,DEMO Ward 06,32.059,0.3744,0.0579,47.92,51.74,0.1919,7.679,470.98,566.71,11597.85,DEMO / SYNTHETIC DATA
DEMO_G_2868,18.5545512,73.8549017,379155,2051925,DEMO_WARD_06,DEMO Ward 06,36.469,0.1808,0.1294,9.74,40.93,0.2129,4.858,114.57,568.51,7959.59,DEMO / SYNTHETIC DATA
DEMO_G_2869,18.5545529,73.855186,379185,2051925,DEMO_WARD_06,DEMO Ward 06,37.203,0.1675,0.2695,22.14,49.38,0.1203,6.139,398.05,567.61,6004.43,DEMO / SYNTHETIC DATA
DEMO_G_2870,18.5545546,73.8554702,379215,2051925,DEMO_WARD_06,DEMO Ward 06,31.546,0.3709,0.1469,21.54,49.65,0.2181,5.458,241.14,571.66,10453.25,DEMO / SYNTHETIC DATA
DEMO_G_2871,18.5545564,73.8557544,379245,2051925,DEMO_WARD_06,DEMO Ward 06,36.793,0.1095,0.4023,12.15,63.3,0.2488,6.576,605.47,573.89,14047.1,DEMO / SYNTHETIC DATA
DEMO_G_2872,18.5545581,73.8560387,379275,2051925,DEMO_WARD_06,DEMO Ward 06,32.469,0.3175,0.3453,41.43,48.2,0.2615,4.377,316.57,570.2,9046.59,DEMO / SYNTHETIC DATA
DEMO_G_2873,18.5545598,73.8563229,379305,2051925,DEMO_WARD_06,DEMO Ward 06,37.152,0.1792,0.3041,18.87,53.08,0.1876,4.331,431.99,570.08,7816.3,DEMO / SYNTHETIC DATA
DEMO_G_2874,18.5545615,73.8566071,379335,2051925,DEMO_WARD_06,DEMO Ward 06,36.994,0.0411,0.2306,9.37,60.06,0.1626,7.313,326.31,574.01,14802.1,DEMO / SYNTHETIC DATA
DEMO_G_2875,18.5545632,73.8568913,379365,2051925,DEMO_WARD_06,DEMO Ward 06,39.453,0.2279,0.3101,13.21,69.03,0.2286,8.083,483.49,575.37,14182.75,DEMO / SYNTHETIC DATA
DEMO_G_2876,18.554565,73.8571756,379395,2051925,DEMO_WARD_06,DEMO Ward 06,33.214,0.2296,0.1888,6.57,42.57,0.2777,5.039,429.39,570.62,8378.23,DEMO / SYNTHETIC DATA
DEMO_G_2877,18.5545667,73.8574598,379425,2051925,DEMO_WARD_06,DEMO Ward 06,29.022,0.4402,-0.0426,49.87,38.99,0.2605,2.987,340.02,561.7,14762.28,DEMO / SYNTHETIC DATA
DEMO_G_2878,18.5545684,73.857744,379455,2051925,DEMO_WARD_06,DEMO Ward 06,38.773,0.1541,0.4214,12.94,72.6,0.1739,7.831,399.15,565.46,16698.6,DEMO / SYNTHETIC DATA
DEMO_G_2879,18.5545701,73.8580283,379485,2051925,DEMO_WARD_06,DEMO Ward 06,38.231,0.1405,0.2837,16.39,65.29,0.1911,7.481,266.85,564.32,12935.43,DEMO / SYNTHETIC DATA
DEMO_G_2880,18.5545718,73.8583125,379515,2051925,DEMO_WARD_06,DEMO Ward 06,35.591,0.2873,0.2782,30.31,60.0,0.2246,4.205,505.62,570.88,13368.97,DEMO / SYNTHETIC DATA
DEMO_G_2881,18.5547408,73.8415411,377745,2051955,DEMO_WARD_04,DEMO Ward 04,34.538,0.2164,0.1348,34.6,36.15,0.2371,4.14,313.1,568.38,12668.54,DEMO / SYNTHETIC DATA
DEMO_G_2882,18.5547425,73.8418253,377775,2051955,DEMO_WARD_04,DEMO Ward 04,32.971,0.3507,0.1522,22.79,66.14,0.1696,6.688,389.75,567.27,6487.03,DEMO / SYNTHETIC DATA
DEMO_G_2883,18.5547442,73.8421095,377805,2051955,DEMO_WARD_04,DEMO Ward 04,32.869,0.4441,0.1781,41.38,68.12,0.2098,4.453,475.78,572.88,10465.81,DEMO / SYNTHETIC DATA
DEMO_G_2884,18.554746,73.8423938,377835,2051955,DEMO_WARD_04,DEMO Ward 04,32.674,0.21,0.1883,9.52,50.85,0.2539,3.987,219.51,568.16,10021.01,DEMO / SYNTHETIC DATA
DEMO_G_2885,18.5547477,73.842678,377865,2051955,DEMO_WARD_04,DEMO Ward 04,40.195,0.0618,0.325,13.37,63.95,0.1666,7.786,621.1,565.73,13558.89,DEMO / SYNTHETIC DATA
DEMO_G_2886,18.5547495,73.8429622,377895,2051955,DEMO_WARD_04,DEMO Ward 04,37.284,0.244,0.3433,4.3,59.18,0.1855,4.853,372.75,564.19,13598.46,DEMO / SYNTHETIC DATA
DEMO_G_2887,18.5547512,73.8432465,377925,2051955,DEMO_WARD_04,DEMO Ward 04,30.7,0.5432,0.0506,49.35,59.65,0.1937,5.671,308.26,577.02,14478.62,DEMO / SYNTHETIC DATA
DEMO_G_2888,18.554753,73.8435307,377955,2051955,DEMO_WARD_04,DEMO Ward 04,31.425,0.2504,0.0649,37.82,35.09,0.2743,3.934,230.49,571.8,6995.34,DEMO / SYNTHETIC DATA
DEMO_G_2889,18.5547547,73.8438149,377985,2051955,DEMO_WARD_04,DEMO Ward 04,31.943,0.2398,0.1855,21.37,47.94,0.1806,4.402,257.82,571.93,12200.45,DEMO / SYNTHETIC DATA
DEMO_G_2890,18.5547564,73.8440992,378015,2051955,DEMO_WARD_04,DEMO Ward 04,35.247,0.0797,0.0871,0.0,57.06,0.2226,7.532,243.96,562.24,10193.98,DEMO / SYNTHETIC DATA
DEMO_G_2891,18.5547582,73.8443834,378045,2051955,DEMO_WARD_04,DEMO Ward 04,38.705,-0.013,0.1746,10.73,58.6,0.1601,4.631,406.33,565.75,15071.69,DEMO / SYNTHETIC DATA
DEMO_G_2892,18.5547599,73.8446676,378075,2051955,DEMO_WARD_04,DEMO Ward 04,31.653,0.3455,0.1191,28.77,30.91,0.2119,4.493,393.01,569.68,10103.77,DEMO / SYNTHETIC DATA
DEMO_G_2893,18.5547617,73.8449518,378105,2051955,DEMO_WARD_04,DEMO Ward 04,34.314,0.2598,0.3185,33.75,74.41,0.1861,7.952,364.61,574.69,18486.02,DEMO / SYNTHETIC DATA
DEMO_G_2894,18.5547634,73.8452361,378135,2051955,DEMO_WARD_04,DEMO Ward 04,35.558,0.1154,0.2317,25.78,47.69,0.199,4.756,576.02,571.27,13788.96,DEMO / SYNTHETIC DATA
DEMO_G_2895,18.5547651,73.8455203,378165,2051955,DEMO_WARD_04,DEMO Ward 04,38.089,0.001,0.304,14.19,65.37,0.1526,7.078,410.61,575.2,15211.9,DEMO / SYNTHETIC DATA
DEMO_G_2896,18.5547669,73.8458045,378195,2051955,DEMO_WARD_04,DEMO Ward 04,36.763,0.3443,0.2222,33.75,77.19,0.2043,4.792,448.47,577.63,17381.74,DEMO / SYNTHETIC DATA
DEMO_G_2897,18.5547686,73.8460888,378225,2051955,DEMO_WARD_04,DEMO Ward 04,33.189,0.324,0.19,26.81,37.83,0.2178,5.54,250.54,579.83,15990.02,DEMO / SYNTHETIC DATA
DEMO_G_2898,18.5547703,73.846373,378255,2051955,DEMO_WARD_04,DEMO Ward 04,30.004,0.4549,0.0511,50.05,42.38,0.1311,3.555,390.1,574.36,10453.96,DEMO / SYNTHETIC DATA
DEMO_G_2899,18.5547721,73.8466572,378285,2051955,DEMO_WARD_04,DEMO Ward 04,34.552,0.3985,0.0724,41.38,50.93,0.2355,4.92,394.28,577.59,12784.72,DEMO / SYNTHETIC DATA
DEMO_G_2900,18.5547738,73.8469415,378315,2051955,DEMO_WARD_04,DEMO Ward 04,33.025,0.5361,0.1309,31.12,63.67,0.1801,5.559,251.16,572.59,8763.54,DEMO / SYNTHETIC DATA
DEMO_G_2901,18.5547756,73.8472257,378345,2051955,DEMO_WARD_05,DEMO Ward 05,35.104,0.1063,0.3908,4.43,57.79,0.1845,6.121,507.49,561.41,12814.83,DEMO / SYNTHETIC DATA
DEMO_G_2902,18.5547773,73.8475099,378375,2051955,DEMO_WARD_05,DEMO Ward 05,32.742,0.3544,0.0569,23.21,35.2,0.1681,4.302,237.76,576.91,8856.63,DEMO / SYNTHETIC DATA
DEMO_G_2903,18.554779,73.8477942,378405,2051955,DEMO_WARD_05,DEMO Ward 05,32.51,0.1835,0.2555,24.28,56.02,0.2158,6.84,121.55,574.63,15140.2,DEMO / SYNTHETIC DATA
DEMO_G_2904,18.5547808,73.8480784,378435,2051955,DEMO_WARD_05,DEMO Ward 05,33.724,0.2356,0.191,22.24,55.06,0.2834,3.614,359.64,571.71,7925.25,DEMO / SYNTHETIC DATA
DEMO_G_2905,18.5547825,73.8483626,378465,2051955,DEMO_WARD_05,DEMO Ward 05,35.181,0.2752,0.2203,28.69,64.41,0.1613,6.726,401.2,560.01,11288.25,DEMO / SYNTHETIC DATA
DEMO_G_2906,18.5547842,73.8486468,378495,2051955,DEMO_WARD_05,DEMO Ward 05,36.985,0.0904,0.3587,2.97,52.99,0.2005,7.01,443.67,575.44,16299.63,DEMO / SYNTHETIC DATA
DEMO_G_2907,18.554786,73.8489311,378525,2051955,DEMO_WARD_05,DEMO Ward 05,30.883,0.3037,-0.0258,23.04,55.46,0.2709,5.344,159.5,571.26,9421.34,DEMO / SYNTHETIC DATA
DEMO_G_2908,18.5547877,73.8492153,378555,2051955,DEMO_WARD_05,DEMO Ward 05,28.757,0.4308,0.0157,43.28,25.4,0.1839,0.742,454.66,568.81,7575.5,DEMO / SYNTHETIC DATA
DEMO_G_2909,18.5547894,73.8494995,378585,2051955,DEMO_WARD_05,DEMO Ward 05,30.539,0.5155,0.1753,48.01,17.16,0.2457,3.847,16.4,565.59,6005.66,DEMO / SYNTHETIC DATA
DEMO_G_2910,18.5547912,73.8497838,378615,2051955,DEMO_WARD_05,DEMO Ward 05,31.613,0.3453,-0.0166,22.0,29.17,0.3194,2.362,256.96,571.1,4703.09,DEMO / SYNTHETIC DATA
DEMO_G_2911,18.5547929,73.850068,378645,2051955,DEMO_WARD_05,DEMO Ward 05,30.024,0.3896,-0.079,35.74,45.5,0.184,6.3,230.46,578.18,9310.78,DEMO / SYNTHETIC DATA
DEMO_G_2912,18.5547946,73.8503522,378675,2051955,DEMO_WARD_05,DEMO Ward 05,26.906,0.5447,0.0011,57.37,33.09,0.2996,4.402,284.43,573.0,7844.24,DEMO / SYNTHETIC DATA
DEMO_G_2913,18.5547964,73.8506365,378705,2051955,DEMO_WARD_05,DEMO Ward 05,28.055,0.4419,0.0483,45.54,27.07,0.2576,2.215,141.61,575.8,3458.34,DEMO / SYNTHETIC DATA
DEMO_G_2914,18.5547981,73.8509207,378735,2051955,DEMO_WARD_05,DEMO Ward 05,31.039,0.4033,0.0599,45.64,43.43,0.2121,5.447,225.02,573.12,4675.27,DEMO / SYNTHETIC DATA
DEMO_G_2915,18.5547998,73.8512049,378765,2051955,DEMO_WARD_05,DEMO Ward 05,31.38,0.3085,-0.0538,36.7,54.94,0.1877,5.145,380.39,564.82,5549.34,DEMO / SYNTHETIC DATA
DEMO_G_2916,18.5548015,73.8514892,378795,2051955,DEMO_WARD_05,DEMO Ward 05,32.843,0.5007,0.035,35.52,42.63,0.2011,4.535,48.96,570.46,8873.65,DEMO / SYNTHETIC DATA
DEMO_G_2917,18.5548033,73.8517734,378825,2051955,DEMO_WARD_05,DEMO Ward 05,28.872,0.3864,-0.1445,28.31,38.39,0.2489,1.847,124.39,562.84,5081.27,DEMO / SYNTHETIC DATA
DEMO_G_2918,18.554805,73.8520576,378855,2051955,DEMO_WARD_05,DEMO Ward 05,32.988,0.4435,0.1823,35.32,50.73,0.2218,2.727,265.91,566.21,7858.83,DEMO / SYNTHETIC DATA
DEMO_G_2919,18.5548067,73.8523418,378885,2051955,DEMO_WARD_05,DEMO Ward 05,34.419,0.2299,0.237,27.42,38.8,0.2511,6.083,318.89,570.71,9033.31,DEMO / SYNTHETIC DATA
DEMO_G_2920,18.5548085,73.8526261,378915,2051955,DEMO_WARD_05,DEMO Ward 05,34.156,0.289,0.0992,16.65,35.96,0.1982,3.217,159.72,564.86,6854.88,DEMO / SYNTHETIC DATA
DEMO_G_2921,18.5548102,73.8529103,378945,2051955,DEMO_WARD_06,DEMO Ward 06,27.527,0.5531,0.0089,54.13,20.28,0.3144,3.624,175.19,569.2,10796.49,DEMO / SYNTHETIC DATA
DEMO_G_2922,18.5548119,73.8531945,378975,2051955,DEMO_WARD_06,DEMO Ward 06,30.04,0.3652,-0.0872,32.95,38.22,0.221,3.161,213.09,570.52,10310.47,DEMO / SYNTHETIC DATA
DEMO_G_2923,18.5548136,73.8534788,379005,2051955,DEMO_WARD_06,DEMO Ward 06,30.748,0.3549,-0.0925,25.14,30.35,0.1919,4.454,263.97,568.82,6183.86,DEMO / SYNTHETIC DATA
DEMO_G_2924,18.5548154,73.853763,379035,2051955,DEMO_WARD_06,DEMO Ward 06,31.938,0.393,0.0664,33.18,28.34,0.2313,4.94,180.75,570.47,6921.37,DEMO / SYNTHETIC DATA
DEMO_G_2925,18.5548171,73.8540472,379065,2051955,DEMO_WARD_06,DEMO Ward 06,35.203,0.3238,-0.02,16.55,32.98,0.1819,2.304,193.4,569.32,6434.87,DEMO / SYNTHETIC DATA
DEMO_G_2926,18.5548188,73.8543315,379095,2051955,DEMO_WARD_06,DEMO Ward 06,34.7,0.225,0.1442,21.38,61.79,0.1962,5.155,178.35,566.92,8049.47,DEMO / SYNTHETIC DATA
DEMO_G_2927,18.5548205,73.8546157,379125,2051955,DEMO_WARD_06,DEMO Ward 06,33.564,0.4052,0.0354,23.62,48.97,0.2201,3.919,371.44,571.0,9448.28,DEMO / SYNTHETIC DATA
DEMO_G_2928,18.5548223,73.8548999,379155,2051955,DEMO_WARD_06,DEMO Ward 06,34.789,0.0999,0.1754,14.79,48.27,0.2263,5.742,346.3,574.85,5344.98,DEMO / SYNTHETIC DATA
DEMO_G_2929,18.554824,73.8551842,379185,2051955,DEMO_WARD_06,DEMO Ward 06,34.272,0.1802,0.1453,28.77,52.07,0.1932,5.59,349.99,569.51,15153.79,DEMO / SYNTHETIC DATA
DEMO_G_2930,18.5548257,73.8554684,379215,2051955,DEMO_WARD_06,DEMO Ward 06,33.699,0.1936,0.2681,32.6,61.53,0.2404,6.155,512.37,571.5,11285.78,DEMO / SYNTHETIC DATA
DEMO_G_2931,18.5548274,73.8557526,379245,2051955,DEMO_WARD_06,DEMO Ward 06,36.42,0.1795,0.2305,0.0,69.39,0.2261,6.037,369.41,568.09,12382.43,DEMO / SYNTHETIC DATA
DEMO_G_2932,18.5548292,73.8560369,379275,2051955,DEMO_WARD_06,DEMO Ward 06,34.283,0.2175,0.14,21.17,45.85,0.1836,4.685,390.45,564.44,10385.24,DEMO / SYNTHETIC DATA
DEMO_G_2933,18.5548309,73.8563211,379305,2051955,DEMO_WARD_06,DEMO Ward 06,37.06,0.197,0.2709,18.04,63.66,0.1003,4.928,420.59,568.85,13135.54,DEMO / SYNTHETIC DATA
DEMO_G_2934,18.5548326,73.8566053,379335,2051955,DEMO_WARD_06,DEMO Ward 06,33.691,0.2575,0.0199,39.39,40.56,0.2103,4.556,129.9,566.11,9652.92,DEMO / SYNTHETIC DATA
DEMO_G_2935,18.5548343,73.8568895,379365,2051955,DEMO_WARD_06,DEMO Ward 06,35.82,0.2508,0.2534,15.77,62.75,0.1161,3.607,376.69,571.14,13274.38,DEMO / SYNTHETIC DATA
DEMO_G_2936,18.5548361,73.8571738,379395,2051955,DEMO_WARD_06,DEMO Ward 06,33.167,0.2625,0.1344,20.34,57.13,0.2269,5.411,338.68,570.96,12234.79,DEMO / SYNTHETIC DATA
DEMO_G_2937,18.5548378,73.857458,379425,2051955,DEMO_WARD_06,DEMO Ward 06,39.611,0.1005,0.4015,27.7,78.31,0.1658,5.218,430.27,571.75,17741.99,DEMO / SYNTHETIC DATA
DEMO_G_2938,18.5548395,73.8577422,379455,2051955,DEMO_WARD_06,DEMO Ward 06,33.869,0.1995,0.18,15.48,59.67,0.1577,6.958,380.42,569.45,14625.69,DEMO / SYNTHETIC DATA
DEMO_G_2939,18.5548412,73.8580265,379485,2051955,DEMO_WARD_06,DEMO Ward 06,36.414,0.1123,0.0198,7.34,42.65,0.1622,5.369,482.77,567.26,11697.3,DEMO / SYNTHETIC DATA
DEMO_G_2940,18.5548429,73.8583107,379515,2051955,DEMO_WARD_06,DEMO Ward 06,37.396,0.088,0.3249,16.73,82.47,0.1542,6.085,421.87,570.32,13604.78,DEMO / SYNTHETIC DATA
DEMO_G_2941,18.5550118,73.8415393,377745,2051985,DEMO_WARD_04,DEMO Ward 04,37.666,0.2827,0.2731,20.69,67.79,0.1742,6.433,454.17,573.1,11188.96,DEMO / SYNTHETIC DATA
DEMO_G_2942,18.5550136,73.8418235,377775,2051985,DEMO_WARD_04,DEMO Ward 04,35.078,0.0915,0.2113,11.76,49.04,0.1877,4.703,393.02,576.51,12307.15,DEMO / SYNTHETIC DATA
DEMO_G_2943,18.5550153,73.8421077,377805,2051985,DEMO_WARD_04,DEMO Ward 04,34.214,0.2951,0.2972,28.46,45.85,0.1975,4.905,285.09,578.58,11921.93,DEMO / SYNTHETIC DATA
DEMO_G_2944,18.5550171,73.8423919,377835,2051985,DEMO_WARD_04,DEMO Ward 04,32.263,0.3742,0.1029,36.8,34.69,0.2261,3.837,197.55,574.39,8913.45,DEMO / SYNTHETIC DATA
DEMO_G_2945,18.5550188,73.8426762,377865,2051985,DEMO_WARD_04,DEMO Ward 04,37.8,0.1166,0.3517,7.51,82.96,0.212,6.342,619.04,571.23,17358.68,DEMO / SYNTHETIC DATA
DEMO_G_2946,18.5550206,73.8429604,377895,2051985,DEMO_WARD_04,DEMO Ward 04,32.015,0.394,0.1612,28.68,52.19,0.2031,4.57,190.01,571.81,11321.72,DEMO / SYNTHETIC DATA
DEMO_G_2947,18.5550223,73.8432446,377925,2051985,DEMO_WARD_04,DEMO Ward 04,36.991,0.2964,0.3222,18.94,86.45,0.1348,5.577,517.1,565.89,14186.78,DEMO / SYNTHETIC DATA
DEMO_G_2948,18.555024,73.8435289,377955,2051985,DEMO_WARD_04,DEMO Ward 04,34.872,0.1841,-0.0001,17.04,71.28,0.1983,6.56,443.19,576.13,9518.3,DEMO / SYNTHETIC DATA
DEMO_G_2949,18.5550258,73.8438131,377985,2051985,DEMO_WARD_04,DEMO Ward 04,40.072,0.2274,0.2737,18.16,76.7,0.1729,7.058,363.15,576.5,14557.52,DEMO / SYNTHETIC DATA
DEMO_G_2950,18.5550275,73.8440973,378015,2051985,DEMO_WARD_04,DEMO Ward 04,37.833,0.1854,0.2666,14.59,67.84,0.1422,7.384,382.49,566.48,14766.56,DEMO / SYNTHETIC DATA
DEMO_G_2951,18.5550293,73.8443816,378045,2051985,DEMO_WARD_04,DEMO Ward 04,37.022,0.1943,0.4835,29.98,61.37,0.176,5.522,414.62,569.65,17799.7,DEMO / SYNTHETIC DATA
DEMO_G_2952,18.555031,73.8446658,378075,2051985,DEMO_WARD_04,DEMO Ward 04,34.925,0.2345,0.2524,33.54,53.23,0.2302,5.748,353.3,568.02,10673.73,DEMO / SYNTHETIC DATA
DEMO_G_2953,18.5550327,73.84495,378105,2051985,DEMO_WARD_04,DEMO Ward 04,32.683,0.2554,0.2736,19.63,59.37,0.1843,4.602,312.37,568.53,11484.53,DEMO / SYNTHETIC DATA
DEMO_G_2954,18.5550345,73.8452343,378135,2051985,DEMO_WARD_04,DEMO Ward 04,36.726,0.1385,0.1843,18.32,70.24,0.2082,8.752,477.27,571.63,12609.74,DEMO / SYNTHETIC DATA
DEMO_G_2955,18.5550362,73.8455185,378165,2051985,DEMO_WARD_04,DEMO Ward 04,37.87,0.2333,0.3221,12.46,70.03,0.1751,7.843,445.85,577.74,15974.81,DEMO / SYNTHETIC DATA
DEMO_G_2956,18.555038,73.8458027,378195,2051985,DEMO_WARD_04,DEMO Ward 04,35.751,0.1022,0.3689,13.42,63.43,0.1972,5.411,596.6,578.02,16054.8,DEMO / SYNTHETIC DATA
DEMO_G_2957,18.5550397,73.8460869,378225,2051985,DEMO_WARD_04,DEMO Ward 04,36.787,0.2429,0.2971,25.07,75.1,0.1526,6.09,357.2,574.49,11033.4,DEMO / SYNTHETIC DATA
DEMO_G_2958,18.5550414,73.8463712,378255,2051985,DEMO_WARD_04,DEMO Ward 04,34.59,0.4004,0.1462,36.71,45.12,0.209,1.805,190.46,574.9,9377.43,DEMO / SYNTHETIC DATA
DEMO_G_2959,18.5550432,73.8466554,378285,2051985,DEMO_WARD_04,DEMO Ward 04,34.778,0.0903,0.1265,15.8,51.19,0.1868,4.86,126.52,567.17,7678.17,DEMO / SYNTHETIC DATA
DEMO_G_2960,18.5550449,73.8469396,378315,2051985,DEMO_WARD_04,DEMO Ward 04,32.812,0.4055,0.1833,36.7,59.04,0.1801,5.179,380.92,571.86,10898.74,DEMO / SYNTHETIC DATA
DEMO_G_2961,18.5550466,73.8472239,378345,2051985,DEMO_WARD_05,DEMO Ward 05,31.527,0.3075,0.0774,20.94,55.97,0.2404,2.828,220.26,571.42,5971.36,DEMO / SYNTHETIC DATA
DEMO_G_2962,18.5550484,73.8475081,378375,2051985,DEMO_WARD_05,DEMO Ward 05,39.616,0.1466,0.3235,4.66,54.94,0.1146,5.986,406.6,570.33,9499.03,DEMO / SYNTHETIC DATA
DEMO_G_2963,18.5550501,73.8477923,378405,2051985,DEMO_WARD_05,DEMO Ward 05,37.401,0.2108,0.2131,18.29,81.14,0.195,6.567,492.58,572.38,13651.99,DEMO / SYNTHETIC DATA
DEMO_G_2964,18.5550519,73.8480766,378435,2051985,DEMO_WARD_05,DEMO Ward 05,35.319,0.1012,0.1276,7.27,54.22,0.1984,6.99,375.59,564.85,12696.1,DEMO / SYNTHETIC DATA
DEMO_G_2965,18.5550536,73.8483608,378465,2051985,DEMO_WARD_05,DEMO Ward 05,33.519,0.1921,0.0881,20.39,41.35,0.1724,5.737,464.83,575.39,5664.68,DEMO / SYNTHETIC DATA
DEMO_G_2966,18.5550553,73.848645,378495,2051985,DEMO_WARD_05,DEMO Ward 05,33.023,0.344,-0.0125,27.36,28.55,0.1937,2.416,175.8,572.89,3280.1,DEMO / SYNTHETIC DATA
DEMO_G_2967,18.5550571,73.8489293,378525,2051985,DEMO_WARD_05,DEMO Ward 05,33.007,0.2636,0.2133,34.21,60.34,0.2318,4.958,442.54,568.97,8705.56,DEMO / SYNTHETIC DATA
DEMO_G_2968,18.5550588,73.8492135,378555,2051985,DEMO_WARD_05,DEMO Ward 05,31.632,0.4942,-0.1551,41.33,47.91,0.1731,3.234,280.38,576.56,2727.73,DEMO / SYNTHETIC DATA
DEMO_G_2969,18.5550605,73.8494977,378585,2051985,DEMO_WARD_05,DEMO Ward 05,33.785,0.2595,0.049,23.19,35.75,0.1307,5.193,244.78,570.32,9909.5,DEMO / SYNTHETIC DATA
DEMO_G_2970,18.5550623,73.8497819,378615,2051985,DEMO_WARD_05,DEMO Ward 05,32.542,0.4889,0.1117,33.52,49.57,0.181,4.821,505.8,563.74,8131.14,DEMO / SYNTHETIC DATA
DEMO_G_2971,18.555064,73.8500662,378645,2051985,DEMO_WARD_05,DEMO Ward 05,35.227,0.2534,0.0037,32.65,50.68,0.2433,4.469,347.68,567.86,10280.24,DEMO / SYNTHETIC DATA
DEMO_G_2972,18.5550657,73.8503504,378675,2051985,DEMO_WARD_05,DEMO Ward 05,35.027,0.437,0.0637,20.55,40.95,0.2197,5.185,194.0,569.34,7955.88,DEMO / SYNTHETIC DATA
DEMO_G_2973,18.5550674,73.8506346,378705,2051985,DEMO_WARD_05,DEMO Ward 05,32.254,0.1673,0.0845,10.58,34.58,0.202,3.605,339.43,567.35,6925.63,DEMO / SYNTHETIC DATA
DEMO_G_2974,18.5550692,73.8509189,378735,2051985,DEMO_WARD_05,DEMO Ward 05,33.942,0.2941,0.1498,33.01,44.2,0.1719,3.287,349.81,567.3,5172.48,DEMO / SYNTHETIC DATA
DEMO_G_2975,18.5550709,73.8512031,378765,2051985,DEMO_WARD_05,DEMO Ward 05,32.911,0.4233,-0.0663,42.83,29.68,0.1915,4.921,0.0,568.27,3936.72,DEMO / SYNTHETIC DATA
DEMO_G_2976,18.5550726,73.8514873,378795,2051985,DEMO_WARD_05,DEMO Ward 05,31.013,0.4572,-0.0059,42.52,38.99,0.1349,4.454,416.7,572.41,5488.83,DEMO / SYNTHETIC DATA
DEMO_G_2977,18.5550744,73.8517716,378825,2051985,DEMO_WARD_05,DEMO Ward 05,31.83,0.436,-0.0495,23.95,27.09,0.2127,4.31,113.73,574.85,10239.22,DEMO / SYNTHETIC DATA
DEMO_G_2978,18.5550761,73.8520558,378855,2051985,DEMO_WARD_05,DEMO Ward 05,30.597,0.3669,0.191,51.45,46.74,0.1992,3.422,245.78,568.36,7559.31,DEMO / SYNTHETIC DATA
DEMO_G_2979,18.5550778,73.85234,378885,2051985,DEMO_WARD_05,DEMO Ward 05,32.292,0.2187,0.0034,11.56,40.91,0.1447,3.548,328.74,573.1,11862.8,DEMO / SYNTHETIC DATA
DEMO_G_2980,18.5550796,73.8526243,378915,2051985,DEMO_WARD_05,DEMO Ward 05,34.647,0.266,0.1211,8.3,53.1,0.1619,5.162,109.95,575.43,11485.39,DEMO / SYNTHETIC DATA
DEMO_G_2981,18.5550813,73.8529085,378945,2051985,DEMO_WARD_06,DEMO Ward 06,31.992,0.385,0.1022,28.39,53.13,0.1836,5.634,353.91,569.18,11395.86,DEMO / SYNTHETIC DATA
DEMO_G_2982,18.555083,73.8531927,378975,2051985,DEMO_WARD_06,DEMO Ward 06,32.202,0.3776,-0.045,38.55,29.18,0.1649,3.879,184.62,573.34,2064.96,DEMO / SYNTHETIC DATA
DEMO_G_2983,18.5550847,73.853477,379005,2051985,DEMO_WARD_06,DEMO Ward 06,31.447,0.4053,0.148,45.1,54.7,0.2184,4.663,204.67,576.99,7278.48,DEMO / SYNTHETIC DATA
DEMO_G_2984,18.5550865,73.8537612,379035,2051985,DEMO_WARD_06,DEMO Ward 06,32.883,0.4034,0.0431,46.52,54.5,0.2134,6.163,245.52,575.52,13818.57,DEMO / SYNTHETIC DATA
DEMO_G_2985,18.5550882,73.8540454,379065,2051985,DEMO_WARD_06,DEMO Ward 06,32.972,0.3134,0.1402,27.94,29.89,0.2226,4.817,222.03,574.06,1454.21,DEMO / SYNTHETIC DATA
DEMO_G_2986,18.5550899,73.8543297,379095,2051985,DEMO_WARD_06,DEMO Ward 06,32.486,0.399,0.0229,24.47,48.33,0.1596,3.439,50.48,571.3,6921.58,DEMO / SYNTHETIC DATA
DEMO_G_2987,18.5550916,73.8546139,379125,2051985,DEMO_WARD_06,DEMO Ward 06,33.007,0.3191,0.1673,31.48,52.96,0.2213,5.488,401.41,571.71,8226.99,DEMO / SYNTHETIC DATA
DEMO_G_2988,18.5550934,73.8548981,379155,2051985,DEMO_WARD_06,DEMO Ward 06,32.524,0.3943,0.1592,36.45,60.84,0.2296,4.817,371.19,570.79,14867.77,DEMO / SYNTHETIC DATA
DEMO_G_2989,18.5550951,73.8551823,379185,2051985,DEMO_WARD_06,DEMO Ward 06,35.351,0.183,0.3222,18.26,68.23,0.1808,5.107,457.61,572.94,6368.38,DEMO / SYNTHETIC DATA
DEMO_G_2990,18.5550968,73.8554666,379215,2051985,DEMO_WARD_06,DEMO Ward 06,34.494,0.1493,0.2164,24.01,61.87,0.1935,7.207,396.54,567.87,9899.93,DEMO / SYNTHETIC DATA
DEMO_G_2991,18.5550985,73.8557508,379245,2051985,DEMO_WARD_06,DEMO Ward 06,37.682,0.1872,0.4133,23.89,70.91,0.2126,4.141,312.22,572.81,9497.7,DEMO / SYNTHETIC DATA
DEMO_G_2992,18.5551003,73.856035,379275,2051985,DEMO_WARD_06,DEMO Ward 06,34.189,0.2848,0.1025,28.35,66.62,0.1995,4.869,230.24,563.95,12541.26,DEMO / SYNTHETIC DATA
DEMO_G_2993,18.555102,73.8563193,379305,2051985,DEMO_WARD_06,DEMO Ward 06,39.065,0.0325,0.2593,24.21,72.41,0.2491,5.791,416.01,571.08,12552.08,DEMO / SYNTHETIC DATA
DEMO_G_2994,18.5551037,73.8566035,379335,2051985,DEMO_WARD_06,DEMO Ward 06,34.546,0.1271,0.345,25.14,71.24,0.2279,5.622,411.63,575.08,16468.29,DEMO / SYNTHETIC DATA
DEMO_G_2995,18.5551054,73.8568877,379365,2051985,DEMO_WARD_06,DEMO Ward 06,34.249,0.159,0.1751,27.82,66.33,0.2455,5.183,358.88,569.11,14502.11,DEMO / SYNTHETIC DATA
DEMO_G_2996,18.5551071,73.857172,379395,2051985,DEMO_WARD_06,DEMO Ward 06,37.52,0.2691,0.1879,29.07,54.92,0.1923,5.102,366.51,573.6,11183.75,DEMO / SYNTHETIC DATA
DEMO_G_2997,18.5551089,73.8574562,379425,2051985,DEMO_WARD_06,DEMO Ward 06,38.565,0.1717,0.399,17.76,66.07,0.1891,7.629,335.88,565.18,14514.9,DEMO / SYNTHETIC DATA
DEMO_G_2998,18.5551106,73.8577404,379455,2051985,DEMO_WARD_06,DEMO Ward 06,33.764,0.1715,0.2999,18.77,60.72,0.1839,7.066,383.95,569.1,12808.31,DEMO / SYNTHETIC DATA
DEMO_G_2999,18.5551123,73.8580247,379485,2051985,DEMO_WARD_06,DEMO Ward 06,35.01,0.1526,0.1453,0.0,56.07,0.2038,4.021,328.01,568.63,7749.33,DEMO / SYNTHETIC DATA
DEMO_G_3000,18.555114,73.8583089,379515,2051985,DEMO_WARD_06,DEMO Ward 06,34.708,0.2789,0.2529,34.86,65.04,0.2524,9.237,294.04,572.07,16468.56,DEMO / SYNTHETIC DATA
DEMO_G_3001,18.5552829,73.8415374,377745,2052015,DEMO_WARD_04,DEMO Ward 04,35.588,0.1353,0.1578,14.39,46.86,0.2151,6.604,234.55,568.33,10404.83,DEMO / SYNTHETIC DATA
DEMO_G_3002,18.5552847,73.8418217,377775,2052015,DEMO_WARD_04,DEMO Ward 04,32.997,0.1351,0.103,3.8,51.34,0.2555,2.95,373.75,572.59,13316.65,DEMO / SYNTHETIC DATA
DEMO_G_3003,18.5552864,73.8421059,377805,2052015,DEMO_WARD_04,DEMO Ward 04,30.07,0.2303,0.1015,22.35,32.43,0.2636,3.677,340.43,572.49,6963.73,DEMO / SYNTHETIC DATA
DEMO_G_3004,18.5552882,73.8423901,377835,2052015,DEMO_WARD_04,DEMO Ward 04,33.431,0.3135,0.1069,33.25,54.89,0.1722,4.838,340.73,574.42,13049.52,DEMO / SYNTHETIC DATA
DEMO_G_3005,18.5552899,73.8426744,377865,2052015,DEMO_WARD_04,DEMO Ward 04,28.961,0.26,0.0765,35.64,45.52,0.2401,3.788,283.38,570.23,13999.53,DEMO / SYNTHETIC DATA
DEMO_G_3006,18.5552916,73.8429586,377895,2052015,DEMO_WARD_04,DEMO Ward 04,33.816,0.2259,0.0099,31.26,42.5,0.1864,6.323,262.84,569.49,9422.07,DEMO / SYNTHETIC DATA
DEMO_G_3007,18.5552934,73.8432428,377925,2052015,DEMO_WARD_04,DEMO Ward 04,33.087,0.2281,0.2425,27.58,56.98,0.2527,2.086,310.63,587.38,9512.35,DEMO / SYNTHETIC DATA
DEMO_G_3008,18.5552951,73.843527,377955,2052015,DEMO_WARD_04,DEMO Ward 04,32.838,0.2202,0.1936,28.99,53.7,0.1087,6.701,466.17,573.37,13828.79,DEMO / SYNTHETIC DATA
DEMO_G_3009,18.5552969,73.8438113,377985,2052015,DEMO_WARD_04,DEMO Ward 04,33.927,0.2193,0.2311,28.58,54.41,0.0878,3.487,224.83,569.21,14041.02,DEMO / SYNTHETIC DATA
DEMO_G_3010,18.5552986,73.8440955,378015,2052015,DEMO_WARD_04,DEMO Ward 04,39.277,0.038,0.3687,8.96,62.84,0.184,8.025,275.87,569.08,15203.78,DEMO / SYNTHETIC DATA
DEMO_G_3011,18.5553004,73.8443797,378045,2052015,DEMO_WARD_04,DEMO Ward 04,37.951,0.1685,0.1686,11.03,71.08,0.2796,6.982,272.04,569.83,9236.05,DEMO / SYNTHETIC DATA
DEMO_G_3012,18.5553021,73.844664,378075,2052015,DEMO_WARD_04,DEMO Ward 04,34.496,0.1734,0.2886,8.45,66.63,0.2138,5.823,505.59,576.2,15237.77,DEMO / SYNTHETIC DATA
DEMO_G_3013,18.5553038,73.8449482,378105,2052015,DEMO_WARD_04,DEMO Ward 04,35.904,0.1977,0.4135,18.18,56.93,0.2256,4.93,364.41,573.88,13017.6,DEMO / SYNTHETIC DATA
DEMO_G_3014,18.5553056,73.8452324,378135,2052015,DEMO_WARD_04,DEMO Ward 04,38.173,0.18,0.3277,3.99,42.2,0.1966,6.373,183.48,567.23,11295.99,DEMO / SYNTHETIC DATA
DEMO_G_3015,18.5553073,73.8455167,378165,2052015,DEMO_WARD_04,DEMO Ward 04,38.021,0.08,0.3695,16.76,75.63,0.201,9.576,298.32,572.56,9449.01,DEMO / SYNTHETIC DATA
DEMO_G_3016,18.5553091,73.8458009,378195,2052015,DEMO_WARD_04,DEMO Ward 04,38.468,0.1307,0.3039,25.97,80.51,0.1885,8.658,441.64,578.58,9010.57,DEMO / SYNTHETIC DATA
DEMO_G_3017,18.5553108,73.8460851,378225,2052015,DEMO_WARD_04,DEMO Ward 04,32.002,0.358,0.1654,26.65,52.09,0.1689,6.017,368.67,575.84,9734.34,DEMO / SYNTHETIC DATA
DEMO_G_3018,18.5553125,73.8463694,378255,2052015,DEMO_WARD_04,DEMO Ward 04,38.44,0.1645,0.235,25.39,63.62,0.1887,4.096,430.56,578.86,15961.26,DEMO / SYNTHETIC DATA
DEMO_G_3019,18.5553143,73.8466536,378285,2052015,DEMO_WARD_04,DEMO Ward 04,35.839,0.1744,0.2197,25.06,48.12,0.1397,6.611,339.83,572.72,14291.02,DEMO / SYNTHETIC DATA
DEMO_G_3020,18.555316,73.8469378,378315,2052015,DEMO_WARD_04,DEMO Ward 04,33.325,0.4262,0.1716,41.18,44.89,0.1675,3.58,133.92,574.71,7185.98,DEMO / SYNTHETIC DATA
DEMO_G_3021,18.5553177,73.847222,378345,2052015,DEMO_WARD_05,DEMO Ward 05,37.408,0.2008,0.2868,17.53,42.8,0.1909,6.78,72.45,579.06,7711.82,DEMO / SYNTHETIC DATA
DEMO_G_3022,18.5553195,73.8475063,378375,2052015,DEMO_WARD_05,DEMO Ward 05,35.121,0.2691,0.3729,18.84,50.04,0.134,5.989,385.44,572.31,10514.83,DEMO / SYNTHETIC DATA
DEMO_G_3023,18.5553212,73.8477905,378405,2052015,DEMO_WARD_05,DEMO Ward 05,33.163,0.318,0.2632,28.25,43.78,0.2497,5.723,360.39,566.42,9070.22,DEMO / SYNTHETIC DATA
DEMO_G_3024,18.5553229,73.8480747,378435,2052015,DEMO_WARD_05,DEMO Ward 05,32.55,0.3148,0.2384,37.16,60.01,0.2373,6.377,361.15,579.45,14495.49,DEMO / SYNTHETIC DATA
DEMO_G_3025,18.5553247,73.848359,378465,2052015,DEMO_WARD_05,DEMO Ward 05,34.481,0.3822,0.2618,40.06,37.84,0.1754,4.316,183.32,578.42,14719.8,DEMO / SYNTHETIC DATA
DEMO_G_3026,18.5553264,73.8486432,378495,2052015,DEMO_WARD_05,DEMO Ward 05,36.469,0.1203,0.1762,18.99,47.77,0.1782,8.025,221.62,571.55,17275.77,DEMO / SYNTHETIC DATA
DEMO_G_3027,18.5553281,73.8489274,378525,2052015,DEMO_WARD_05,DEMO Ward 05,32.271,0.3261,0.0513,26.21,51.75,0.136,5.126,420.92,563.79,12248.04,DEMO / SYNTHETIC DATA
DEMO_G_3028,18.5553299,73.8492117,378555,2052015,DEMO_WARD_05,DEMO Ward 05,31.394,0.2766,-0.0221,27.9,50.38,0.2149,6.029,241.56,572.41,10521.98,DEMO / SYNTHETIC DATA
DEMO_G_3029,18.5553316,73.8494959,378585,2052015,DEMO_WARD_05,DEMO Ward 05,33.28,0.3529,0.0379,34.22,46.96,0.239,2.702,372.92,574.75,8086.42,DEMO / SYNTHETIC DATA
DEMO_G_3030,18.5553333,73.8497801,378615,2052015,DEMO_WARD_05,DEMO Ward 05,31.295,0.236,0.2287,39.02,61.75,0.1697,6.191,393.45,568.69,11748.76,DEMO / SYNTHETIC DATA
DEMO_G_3031,18.5553351,73.8500644,378645,2052015,DEMO_WARD_05,DEMO Ward 05,32.749,0.3063,-0.0035,33.96,39.45,0.2235,3.003,395.93,567.54,7362.99,DEMO / SYNTHETIC DATA
DEMO_G_3032,18.5553368,73.8503486,378675,2052015,DEMO_WARD_05,DEMO Ward 05,30.407,0.442,0.0835,26.99,33.81,0.1537,4.347,213.44,570.62,3250.13,DEMO / SYNTHETIC DATA
DEMO_G_3033,18.5553385,73.8506328,378705,2052015,DEMO_WARD_05,DEMO Ward 05,36.796,0.1448,0.1344,9.78,69.77,0.1491,6.068,415.53,570.69,11557.29,DEMO / SYNTHETIC DATA
DEMO_G_3034,18.5553403,73.8509171,378735,2052015,DEMO_WARD_05,DEMO Ward 05,31.55,0.5019,-0.1253,37.75,37.94,0.2005,3.015,125.31,570.33,7614.6,DEMO / SYNTHETIC DATA
DEMO_G_3035,18.555342,73.8512013,378765,2052015,DEMO_WARD_05,DEMO Ward 05,32.962,0.3839,0.1361,35.09,51.27,0.2538,6.432,362.33,576.72,12305.27,DEMO / SYNTHETIC DATA
DEMO_G_3036,18.5553437,73.8514855,378795,2052015,DEMO_WARD_05,DEMO Ward 05,32.628,0.4374,0.0091,34.95,32.66,0.1859,4.459,199.51,572.48,9460.15,DEMO / SYNTHETIC DATA
DEMO_G_3037,18.5553455,73.8517698,378825,2052015,DEMO_WARD_05,DEMO Ward 05,29.378,0.4506,0.0733,42.77,47.58,0.2388,3.983,310.47,571.97,10824.74,DEMO / SYNTHETIC DATA
DEMO_G_3038,18.5553472,73.852054,378855,2052015,DEMO_WARD_05,DEMO Ward 05,28.407,0.4378,-0.2207,30.49,35.45,0.2624,2.563,85.26,566.31,4297.25,DEMO / SYNTHETIC DATA
DEMO_G_3039,18.5553489,73.8523382,378885,2052015,DEMO_WARD_05,DEMO Ward 05,27.454,0.3812,-0.0849,32.77,36.82,0.2242,3.674,198.14,579.23,10107.25,DEMO / SYNTHETIC DATA
DEMO_G_3040,18.5553506,73.8526225,378915,2052015,DEMO_WARD_05,DEMO Ward 05,33.554,0.2182,0.2776,29.38,52.0,0.2428,5.915,302.47,567.16,13036.83,DEMO / SYNTHETIC DATA
DEMO_G_3041,18.5553524,73.8529067,378945,2052015,DEMO_WARD_06,DEMO Ward 06,32.904,0.346,0.0689,48.63,63.28,0.1417,7.044,332.31,578.26,15854.34,DEMO / SYNTHETIC DATA
DEMO_G_3042,18.5553541,73.8531909,378975,2052015,DEMO_WARD_06,DEMO Ward 06,30.0,0.5055,0.1974,40.19,35.85,0.2446,3.761,142.19,568.18,5288.75,DEMO / SYNTHETIC DATA
DEMO_G_3043,18.5553558,73.8534751,379005,2052015,DEMO_WARD_06,DEMO Ward 06,28.062,0.3987,-0.1557,32.07,24.25,0.2132,2.928,263.61,569.09,5935.81,DEMO / SYNTHETIC DATA
DEMO_G_3044,18.5553575,73.8537594,379035,2052015,DEMO_WARD_06,DEMO Ward 06,37.032,0.3527,0.0889,29.53,61.78,0.2117,4.142,322.75,572.9,7836.53,DEMO / SYNTHETIC DATA
DEMO_G_3045,18.5553593,73.8540436,379065,2052015,DEMO_WARD_06,DEMO Ward 06,33.56,0.2356,0.0089,14.64,13.83,0.215,3.764,264.81,574.79,6289.28,DEMO / SYNTHETIC DATA
DEMO_G_3046,18.555361,73.8543278,379095,2052015,DEMO_WARD_06,DEMO Ward 06,34.044,0.3263,0.1601,31.73,59.3,0.1618,5.689,282.92,572.67,7294.5,DEMO / SYNTHETIC DATA
DEMO_G_3047,18.5553627,73.8546121,379125,2052015,DEMO_WARD_06,DEMO Ward 06,31.37,0.3684,0.0777,32.63,47.31,0.2826,3.786,257.73,578.03,7443.45,DEMO / SYNTHETIC DATA
DEMO_G_3048,18.5553644,73.8548963,379155,2052015,DEMO_WARD_06,DEMO Ward 06,33.37,0.2762,0.1666,20.13,50.79,0.1772,4.514,268.2,568.4,10048.08,DEMO / SYNTHETIC DATA
DEMO_G_3049,18.5553662,73.8551805,379185,2052015,DEMO_WARD_06,DEMO Ward 06,33.248,0.1778,0.1331,26.9,49.27,0.1862,4.632,463.86,569.56,12062.47,DEMO / SYNTHETIC DATA
DEMO_G_3050,18.5553679,73.8554648,379215,2052015,DEMO_WARD_06,DEMO Ward 06,33.534,0.2287,0.0965,31.7,62.31,0.2438,7.316,342.05,570.66,11440.73,DEMO / SYNTHETIC DATA
DEMO_G_3051,18.5553696,73.855749,379245,2052015,DEMO_WARD_06,DEMO Ward 06,39.254,0.2026,0.5358,28.73,64.21,0.2102,5.455,558.7,574.36,12661.08,DEMO / SYNTHETIC DATA
DEMO_G_3052,18.5553713,73.8560332,379275,2052015,DEMO_WARD_06,DEMO Ward 06,36.561,0.074,0.3474,14.8,64.53,0.2066,7.615,448.53,568.87,12487.13,DEMO / SYNTHETIC DATA
DEMO_G_3053,18.5553731,73.8563175,379305,2052015,DEMO_WARD_06,DEMO Ward 06,36.261,0.1618,0.1511,8.69,44.86,0.25,6.434,405.52,574.55,11185.67,DEMO / SYNTHETIC DATA
DEMO_G_3054,18.5553748,73.8566017,379335,2052015,DEMO_WARD_06,DEMO Ward 06,35.222,0.133,0.1568,1.39,54.62,0.2625,7.035,349.07,572.94,13686.45,DEMO / SYNTHETIC DATA
DEMO_G_3055,18.5553765,73.8568859,379365,2052015,DEMO_WARD_06,DEMO Ward 06,35.058,0.0932,0.2769,21.55,70.39,0.1606,5.001,378.92,571.02,14186.7,DEMO / SYNTHETIC DATA
DEMO_G_3056,18.5553782,73.8571702,379395,2052015,DEMO_WARD_06,DEMO Ward 06,36.269,0.168,0.1549,20.89,66.1,0.1649,5.097,312.23,575.7,12534.27,DEMO / SYNTHETIC DATA
DEMO_G_3057,18.5553799,73.8574544,379425,2052015,DEMO_WARD_06,DEMO Ward 06,36.709,0.3102,0.3364,21.12,66.69,0.2215,8.522,533.26,570.62,17346.01,DEMO / SYNTHETIC DATA
DEMO_G_3058,18.5553817,73.8577386,379455,2052015,DEMO_WARD_06,DEMO Ward 06,35.185,0.1468,0.2167,22.78,61.64,0.1665,6.043,415.19,566.94,11877.44,DEMO / SYNTHETIC DATA
DEMO_G_3059,18.5553834,73.8580229,379485,2052015,DEMO_WARD_06,DEMO Ward 06,33.202,0.2592,0.1544,22.06,63.07,0.2657,3.937,312.71,574.9,17387.47,DEMO / SYNTHETIC DATA
DEMO_G_3060,18.5553851,73.8583071,379515,2052015,DEMO_WARD_06,DEMO Ward 06,36.347,0.1589,0.3051,18.23,71.07,0.2113,7.07,549.49,580.16,17193.4,DEMO / SYNTHETIC DATA
DEMO_G_3061,18.555554,73.8415356,377745,2052045,DEMO_WARD_04,DEMO Ward 04,29.159,0.4328,0.0241,41.16,43.97,0.2613,3.912,257.18,573.53,8021.94,DEMO / SYNTHETIC DATA
DEMO_G_3062,18.5555558,73.8418198,377775,2052045,DEMO_WARD_04,DEMO Ward 04,34.499,0.2689,0.1942,31.07,42.49,0.1784,5.329,424.97,568.08,11198.39,DEMO / SYNTHETIC DATA
DEMO_G_3063,18.5555575,73.8421041,377805,2052045,DEMO_WARD_04,DEMO Ward 04,36.701,0.169,0.1032,13.08,44.83,0.1556,4.284,329.33,574.1,9825.05,DEMO / SYNTHETIC DATA
DEMO_G_3064,18.5555593,73.8423883,377835,2052045,DEMO_WARD_04,DEMO Ward 04,36.736,0.1092,0.217,14.75,55.97,0.2044,7.67,334.05,572.21,11001.35,DEMO / SYNTHETIC DATA
DEMO_G_3065,18.555561,73.8426725,377865,2052045,DEMO_WARD_04,DEMO Ward 04,29.525,0.4519,-0.035,45.48,27.7,0.1636,4.612,146.49,571.65,5339.77,DEMO / SYNTHETIC DATA
DEMO_G_3066,18.5555627,73.8429568,377895,2052045,DEMO_WARD_04,DEMO Ward 04,36.21,0.0877,0.3006,18.17,79.01,0.2732,6.051,475.46,575.9,11491.06,DEMO / SYNTHETIC DATA
DEMO_G_3067,18.5555645,73.843241,377925,2052045,DEMO_WARD_04,DEMO Ward 04,32.726,0.4227,0.0916,46.69,50.72,0.1839,3.773,227.27,569.79,10620.51,DEMO / SYNTHETIC DATA
DEMO_G_3068,18.5555662,73.8435252,377955,2052045,DEMO_WARD_04,DEMO Ward 04,30.256,0.3267,0.1065,39.13,28.29,0.2048,4.895,252.74,568.48,11682.11,DEMO / SYNTHETIC DATA
DEMO_G_3069,18.555568,73.8438094,377985,2052045,DEMO_WARD_04,DEMO Ward 04,37.94,0.2487,0.4835,27.07,83.55,0.203,7.125,373.69,569.04,15425.63,DEMO / SYNTHETIC DATA
DEMO_G_3070,18.5555697,73.8440937,378015,2052045,DEMO_WARD_04,DEMO Ward 04,35.068,0.2894,0.0861,27.47,60.58,0.2193,5.843,141.62,569.94,13844.0,DEMO / SYNTHETIC DATA
DEMO_G_3071,18.5555714,73.8443779,378045,2052045,DEMO_WARD_04,DEMO Ward 04,32.948,0.2694,0.0235,10.5,55.5,0.1908,6.966,185.1,576.67,11365.4,DEMO / SYNTHETIC DATA
DEMO_G_3072,18.5555732,73.8446621,378075,2052045,DEMO_WARD_04,DEMO Ward 04,36.832,0.1931,0.1398,14.92,50.75,0.2357,4.541,419.2,572.41,10402.13,DEMO / SYNTHETIC DATA
DEMO_G_3073,18.5555749,73.8449464,378105,2052045,DEMO_WARD_04,DEMO Ward 04,33.097,0.3379,0.336,26.34,56.58,0.2724,5.386,332.23,576.11,12581.59,DEMO / SYNTHETIC DATA
DEMO_G_3074,18.5555767,73.8452306,378135,2052045,DEMO_WARD_04,DEMO Ward 04,37.014,0.2168,0.5505,12.54,73.21,0.2628,8.439,683.84,569.35,17586.35,DEMO / SYNTHETIC DATA
DEMO_G_3075,18.5555784,73.8455148,378165,2052045,DEMO_WARD_04,DEMO Ward 04,36.338,0.2707,0.2376,23.56,60.9,0.2292,6.89,486.35,575.62,11130.62,DEMO / SYNTHETIC DATA
DEMO_G_3076,18.5555801,73.8457991,378195,2052045,DEMO_WARD_04,DEMO Ward 04,37.608,0.1578,0.1794,21.78,68.73,0.2526,6.113,293.85,569.22,15998.04,DEMO / SYNTHETIC DATA
DEMO_G_3077,18.5555819,73.8460833,378225,2052045,DEMO_WARD_04,DEMO Ward 04,36.675,0.205,0.2428,10.76,54.77,0.1805,6.803,387.39,571.41,13601.2,DEMO / SYNTHETIC DATA
DEMO_G_3078,18.5555836,73.8463675,378255,2052045,DEMO_WARD_04,DEMO Ward 04,36.51,0.3226,0.2146,21.83,58.16,0.1934,8.034,452.49,574.79,12469.03,DEMO / SYNTHETIC DATA
DEMO_G_3079,18.5555854,73.8466518,378285,2052045,DEMO_WARD_04,DEMO Ward 04,33.211,0.249,0.2294,27.18,76.0,0.1797,5.831,340.96,577.18,16550.62,DEMO / SYNTHETIC DATA
DEMO_G_3080,18.5555871,73.846936,378315,2052045,DEMO_WARD_04,DEMO Ward 04,32.896,0.3248,-0.0271,46.44,41.73,0.2269,4.699,128.32,565.3,5130.23,DEMO / SYNTHETIC DATA
DEMO_G_3081,18.5555888,73.8472202,378345,2052045,DEMO_WARD_05,DEMO Ward 05,33.101,0.5064,0.2551,42.14,46.68,0.2085,6.82,339.78,572.05,8466.78,DEMO / SYNTHETIC DATA
DEMO_G_3082,18.5555906,73.8475045,378375,2052045,DEMO_WARD_05,DEMO Ward 05,34.906,0.2615,0.225,18.06,56.87,0.1823,5.819,388.85,570.14,14317.31,DEMO / SYNTHETIC DATA
DEMO_G_3083,18.5555923,73.8477887,378405,2052045,DEMO_WARD_05,DEMO Ward 05,36.378,0.1464,0.1549,17.67,62.43,0.2156,6.136,255.96,572.63,12558.69,DEMO / SYNTHETIC DATA
DEMO_G_3084,18.555594,73.8480729,378435,2052045,DEMO_WARD_05,DEMO Ward 05,34.041,0.1971,0.2236,16.37,61.33,0.251,5.12,225.95,570.32,14151.94,DEMO / SYNTHETIC DATA
DEMO_G_3085,18.5555958,73.8483572,378465,2052045,DEMO_WARD_05,DEMO Ward 05,33.244,0.4181,0.3147,39.2,64.73,0.1683,4.166,235.28,572.99,10463.15,DEMO / SYNTHETIC DATA
DEMO_G_3086,18.5555975,73.8486414,378495,2052045,DEMO_WARD_05,DEMO Ward 05,33.632,0.4209,0.2024,45.26,48.35,0.1855,4.758,127.77,575.77,6834.09,DEMO / SYNTHETIC DATA
DEMO_G_3087,18.5555992,73.8489256,378525,2052045,DEMO_WARD_05,DEMO Ward 05,29.702,0.32,0.0876,38.6,63.33,0.2088,2.827,359.02,575.38,11736.41,DEMO / SYNTHETIC DATA
DEMO_G_3088,18.555601,73.8492099,378555,2052045,DEMO_WARD_05,DEMO Ward 05,30.36,0.3596,0.1175,40.43,38.14,0.2332,2.382,133.63,575.09,9352.87,DEMO / SYNTHETIC DATA
DEMO_G_3089,18.5556027,73.8494941,378585,2052045,DEMO_WARD_05,DEMO Ward 05,33.455,0.3646,0.2063,12.83,47.25,0.2582,4.408,244.68,571.07,4661.38,DEMO / SYNTHETIC DATA
DEMO_G_3090,18.5556044,73.8497783,378615,2052045,DEMO_WARD_05,DEMO Ward 05,32.866,0.3381,0.128,27.39,51.05,0.2075,4.533,309.57,577.17,7274.94,DEMO / SYNTHETIC DATA
DEMO_G_3091,18.5556062,73.8500625,378645,2052045,DEMO_WARD_05,DEMO Ward 05,31.2,0.2222,0.1261,35.97,41.96,0.167,2.556,327.2,571.1,9020.58,DEMO / SYNTHETIC DATA
DEMO_G_3092,18.5556079,73.8503468,378675,2052045,DEMO_WARD_05,DEMO Ward 05,32.262,0.4375,0.1402,33.67,49.11,0.1733,5.093,370.49,564.29,11691.11,DEMO / SYNTHETIC DATA
DEMO_G_3093,18.5556096,73.850631,378705,2052045,DEMO_WARD_05,DEMO Ward 05,35.269,0.3597,0.064,30.3,52.64,0.1773,5.205,155.79,571.73,11166.46,DEMO / SYNTHETIC DATA
DEMO_G_3094,18.5556114,73.8509152,378735,2052045,DEMO_WARD_05,DEMO Ward 05,34.76,0.2248,0.2354,12.64,51.63,0.221,6.132,323.68,580.37,11819.27,DEMO / SYNTHETIC DATA
DEMO_G_3095,18.5556131,73.8511995,378765,2052045,DEMO_WARD_05,DEMO Ward 05,31.233,0.3074,0.0566,31.02,44.22,0.1511,5.154,395.44,573.1,10036.11,DEMO / SYNTHETIC DATA
DEMO_G_3096,18.5556148,73.8514837,378795,2052045,DEMO_WARD_05,DEMO Ward 05,35.825,0.1093,0.0882,4.5,50.44,0.1489,2.055,492.58,574.41,12612.02,DEMO / SYNTHETIC DATA
DEMO_G_3097,18.5556165,73.8517679,378825,2052045,DEMO_WARD_05,DEMO Ward 05,32.394,0.3896,0.1539,38.05,47.31,0.1763,4.754,477.14,570.28,11339.42,DEMO / SYNTHETIC DATA
DEMO_G_3098,18.5556183,73.8520522,378855,2052045,DEMO_WARD_05,DEMO Ward 05,33.194,0.3343,0.0204,32.06,40.43,0.1351,5.476,357.46,570.03,6062.86,DEMO / SYNTHETIC DATA
DEMO_G_3099,18.55562,73.8523364,378885,2052045,DEMO_WARD_05,DEMO Ward 05,28.028,0.5417,0.0183,35.11,27.78,0.202,3.515,196.28,577.72,4239.25,DEMO / SYNTHETIC DATA
DEMO_G_3100,18.5556217,73.8526206,378915,2052045,DEMO_WARD_05,DEMO Ward 05,33.765,0.2179,0.2411,27.35,48.77,0.171,4.32,441.61,570.07,9011.79,DEMO / SYNTHETIC DATA
DEMO_G_3101,18.5556235,73.8529049,378945,2052045,DEMO_WARD_06,DEMO Ward 06,29.341,0.4995,-0.0347,42.43,38.47,0.2461,3.766,245.78,574.18,7473.74,DEMO / SYNTHETIC DATA
DEMO_G_3102,18.5556252,73.8531891,378975,2052045,DEMO_WARD_06,DEMO Ward 06,34.632,0.4972,0.033,32.17,41.6,0.2029,4.936,135.82,580.25,7808.5,DEMO / SYNTHETIC DATA
DEMO_G_3103,18.5556269,73.8534733,379005,2052045,DEMO_WARD_06,DEMO Ward 06,32.55,0.2139,0.0289,34.78,40.01,0.1332,3.162,255.28,570.2,11093.9,DEMO / SYNTHETIC DATA
DEMO_G_3104,18.5556286,73.8537576,379035,2052045,DEMO_WARD_06,DEMO Ward 06,36.314,0.1935,0.2347,21.69,69.7,0.2241,5.338,304.53,575.9,6569.15,DEMO / SYNTHETIC DATA
DEMO_G_3105,18.5556304,73.8540418,379065,2052045,DEMO_WARD_06,DEMO Ward 06,35.464,0.2971,0.2596,22.43,73.52,0.1278,6.029,217.73,572.62,11836.08,DEMO / SYNTHETIC DATA
DEMO_G_3106,18.5556321,73.854326,379095,2052045,DEMO_WARD_06,DEMO Ward 06,31.908,0.2274,0.0374,12.76,40.58,0.2294,3.801,278.02,571.8,8413.54,DEMO / SYNTHETIC DATA
DEMO_G_3107,18.5556338,73.8546103,379125,2052045,DEMO_WARD_06,DEMO Ward 06,33.872,0.2772,0.2105,28.63,58.51,0.2129,5.849,242.88,577.25,8670.84,DEMO / SYNTHETIC DATA
DEMO_G_3108,18.5556355,73.8548945,379155,2052045,DEMO_WARD_06,DEMO Ward 06,33.975,0.2646,0.3291,10.36,49.38,0.2079,4.644,314.89,575.65,7939.13,DEMO / SYNTHETIC DATA
DEMO_G_3109,18.5556373,73.8551787,379185,2052045,DEMO_WARD_06,DEMO Ward 06,32.295,0.3371,0.0894,32.78,48.7,0.1643,4.073,405.73,573.33,8236.84,DEMO / SYNTHETIC DATA
DEMO_G_3110,18.555639,73.855463,379215,2052045,DEMO_WARD_06,DEMO Ward 06,36.95,0.0628,0.2793,0.0,60.66,0.2231,4.523,571.63,575.75,12933.97,DEMO / SYNTHETIC DATA
DEMO_G_3111,18.5556407,73.8557472,379245,2052045,DEMO_WARD_06,DEMO Ward 06,38.521,0.2506,0.3823,24.34,71.11,0.1794,7.302,397.33,571.76,12961.18,DEMO / SYNTHETIC DATA
DEMO_G_3112,18.5556424,73.8560314,379275,2052045,DEMO_WARD_06,DEMO Ward 06,36.044,0.2776,0.0954,46.46,33.48,0.1661,5.768,212.58,572.89,10375.8,DEMO / SYNTHETIC DATA
DEMO_G_3113,18.5556442,73.8563157,379305,2052045,DEMO_WARD_06,DEMO Ward 06,35.404,0.0708,0.3105,18.61,60.47,0.177,8.751,579.59,566.7,11141.75,DEMO / SYNTHETIC DATA
DEMO_G_3114,18.5556459,73.8565999,379335,2052045,DEMO_WARD_06,DEMO Ward 06,35.127,0.2063,0.1332,10.57,74.67,0.1286,5.563,537.44,577.01,15013.64,DEMO / SYNTHETIC DATA
DEMO_G_3115,18.5556476,73.8568841,379365,2052045,DEMO_WARD_06,DEMO Ward 06,35.295,0.2412,0.2792,40.07,57.04,0.1727,5.026,379.58,574.38,15146.17,DEMO / SYNTHETIC DATA
DEMO_G_3116,18.5556493,73.8571684,379395,2052045,DEMO_WARD_06,DEMO Ward 06,37.037,0.1821,0.3785,32.9,74.69,0.1768,7.18,382.26,571.84,14136.13,DEMO / SYNTHETIC DATA
DEMO_G_3117,18.555651,73.8574526,379425,2052045,DEMO_WARD_06,DEMO Ward 06,39.904,0.0006,0.4609,4.19,86.28,0.1634,8.151,506.64,567.27,16880.75,DEMO / SYNTHETIC DATA
DEMO_G_3118,18.5556528,73.8577368,379455,2052045,DEMO_WARD_06,DEMO Ward 06,36.372,0.1883,0.4506,15.22,71.11,0.2104,9.143,599.58,570.71,18988.75,DEMO / SYNTHETIC DATA
DEMO_G_3119,18.5556545,73.8580211,379485,2052045,DEMO_WARD_06,DEMO Ward 06,36.783,0.1554,0.156,21.96,79.1,0.1683,6.916,546.32,576.67,11005.11,DEMO / SYNTHETIC DATA
DEMO_G_3120,18.5556562,73.8583053,379515,2052045,DEMO_WARD_06,DEMO Ward 06,37.337,0.156,0.2475,7.1,66.15,0.2481,7.179,430.15,573.47,11973.27,DEMO / SYNTHETIC DATA
DEMO_G_3121,18.5558251,73.8415338,377745,2052075,DEMO_WARD_04,DEMO Ward 04,33.228,0.34,0.0123,15.72,39.46,0.2858,4.685,207.53,572.66,12333.34,DEMO / SYNTHETIC DATA
DEMO_G_3122,18.5558269,73.841818,377775,2052075,DEMO_WARD_04,DEMO Ward 04,37.742,0.076,0.2589,12.22,65.03,0.1522,5.839,201.17,580.87,10474.54,DEMO / SYNTHETIC DATA
DEMO_G_3123,18.5558286,73.8421022,377805,2052075,DEMO_WARD_04,DEMO Ward 04,33.892,0.3038,0.123,30.14,26.27,0.17,4.765,270.55,580.05,7949.18,DEMO / SYNTHETIC DATA
DEMO_G_3124,18.5558303,73.8423865,377835,2052075,DEMO_WARD_04,DEMO Ward 04,34.536,0.2764,0.2056,24.9,42.2,0.1934,4.987,304.58,576.27,8559.5,DEMO / SYNTHETIC DATA
DEMO_G_3125,18.5558321,73.8426707,377865,2052075,DEMO_WARD_04,DEMO Ward 04,37.026,0.389,0.1823,25.34,65.13,0.2008,5.908,361.08,571.81,11919.95,DEMO / SYNTHETIC DATA
DEMO_G_3126,18.5558338,73.8429549,377895,2052075,DEMO_WARD_04,DEMO Ward 04,37.224,0.1055,0.2906,16.04,58.52,0.2053,5.405,481.89,575.39,10488.01,DEMO / SYNTHETIC DATA
DEMO_G_3127,18.5558356,73.8432392,377925,2052075,DEMO_WARD_04,DEMO Ward 04,36.085,0.1779,0.1572,34.57,62.12,0.179,5.982,389.54,572.24,14582.95,DEMO / SYNTHETIC DATA
DEMO_G_3128,18.5558373,73.8435234,377955,2052075,DEMO_WARD_04,DEMO Ward 04,39.138,-0.0038,0.2286,4.75,65.71,0.1592,6.589,424.03,578.39,17509.61,DEMO / SYNTHETIC DATA
DEMO_G_3129,18.555839,73.8438076,377985,2052075,DEMO_WARD_04,DEMO Ward 04,35.121,0.2414,0.3017,24.63,52.24,0.2023,4.192,288.69,574.03,9442.41,DEMO / SYNTHETIC DATA
DEMO_G_3130,18.5558408,73.8440919,378015,2052075,DEMO_WARD_04,DEMO Ward 04,37.392,0.2137,0.2416,6.46,74.27,0.1844,6.848,495.63,571.68,13884.21,DEMO / SYNTHETIC DATA
DEMO_G_3131,18.5558425,73.8443761,378045,2052075,DEMO_WARD_04,DEMO Ward 04,34.367,0.2374,0.1132,22.12,51.13,0.2055,6.697,548.44,579.75,12822.86,DEMO / SYNTHETIC DATA
DEMO_G_3132,18.5558443,73.8446603,378075,2052075,DEMO_WARD_04,DEMO Ward 04,36.691,0.2701,0.2051,23.48,58.62,0.2195,5.516,458.99,571.44,10251.44,DEMO / SYNTHETIC DATA
DEMO_G_3133,18.555846,73.8449446,378105,2052075,DEMO_WARD_04,DEMO Ward 04,34.643,0.2389,0.2283,30.2,69.98,0.1971,7.078,345.9,576.44,11044.72,DEMO / SYNTHETIC DATA
DEMO_G_3134,18.5558477,73.8452288,378135,2052075,DEMO_WARD_04,DEMO Ward 04,36.771,0.2353,0.3751,17.78,67.49,0.1992,8.26,485.62,570.24,11731.49,DEMO / SYNTHETIC DATA
DEMO_G_3135,18.5558495,73.845513,378165,2052075,DEMO_WARD_04,DEMO Ward 04,36.561,0.2011,0.2941,35.97,77.01,0.1372,7.213,332.03,575.86,17624.45,DEMO / SYNTHETIC DATA
DEMO_G_3136,18.5558512,73.8457972,378195,2052075,DEMO_WARD_04,DEMO Ward 04,36.261,0.3783,0.1055,33.13,55.89,0.1566,5.524,215.75,573.61,14054.91,DEMO / SYNTHETIC DATA
DEMO_G_3137,18.555853,73.8460815,378225,2052075,DEMO_WARD_04,DEMO Ward 04,33.635,0.3524,0.0969,32.83,61.88,0.1516,7.449,508.1,566.9,13467.89,DEMO / SYNTHETIC DATA
DEMO_G_3138,18.5558547,73.8463657,378255,2052075,DEMO_WARD_04,DEMO Ward 04,35.34,0.0523,0.4053,11.85,66.51,0.2242,6.366,530.54,582.85,14572.23,DEMO / SYNTHETIC DATA
DEMO_G_3139,18.5558564,73.8466499,378285,2052075,DEMO_WARD_04,DEMO Ward 04,31.995,0.2736,0.1693,20.76,73.36,0.1664,6.146,483.6,572.5,11298.8,DEMO / SYNTHETIC DATA
DEMO_G_3140,18.5558582,73.8469342,378315,2052075,DEMO_WARD_04,DEMO Ward 04,33.252,0.2344,0.1564,30.26,46.87,0.1655,3.278,376.89,576.34,12982.5,DEMO / SYNTHETIC DATA
DEMO_G_3141,18.5558599,73.8472184,378345,2052075,DEMO_WARD_05,DEMO Ward 05,35.462,0.2969,0.2419,25.35,54.32,0.1841,6.524,124.21,567.06,12128.84,DEMO / SYNTHETIC DATA
DEMO_G_3142,18.5558616,73.8475026,378375,2052075,DEMO_WARD_05,DEMO Ward 05,35.823,0.436,0.1372,38.04,57.44,0.1714,3.006,286.22,569.15,6772.76,DEMO / SYNTHETIC DATA
DEMO_G_3143,18.5558634,73.8477869,378405,2052075,DEMO_WARD_05,DEMO Ward 05,34.089,0.1693,0.3047,16.64,50.82,0.1162,5.27,390.25,566.18,10471.48,DEMO / SYNTHETIC DATA
DEMO_G_3144,18.5558651,73.8480711,378435,2052075,DEMO_WARD_05,DEMO Ward 05,38.454,0.1557,0.2658,23.21,66.91,0.1496,5.862,305.74,567.23,16565.19,DEMO / SYNTHETIC DATA
DEMO_G_3145,18.5558669,73.8483553,378465,2052075,DEMO_WARD_05,DEMO Ward 05,34.889,0.1949,0.1484,23.5,50.98,0.3029,7.092,232.24,569.02,10276.96,DEMO / SYNTHETIC DATA
DEMO_G_3146,18.5558686,73.8486396,378495,2052075,DEMO_WARD_05,DEMO Ward 05,32.202,0.1536,0.1603,11.51,71.78,0.2084,4.595,270.1,573.52,13359.98,DEMO / SYNTHETIC DATA
DEMO_G_3147,18.5558703,73.8489238,378525,2052075,DEMO_WARD_05,DEMO Ward 05,35.153,0.0535,0.2065,31.98,58.35,0.1994,8.609,402.75,577.18,10017.15,DEMO / SYNTHETIC DATA
DEMO_G_3148,18.5558721,73.849208,378555,2052075,DEMO_WARD_05,DEMO Ward 05,37.201,0.2229,0.2777,33.17,51.01,0.1549,7.082,340.79,578.23,12416.04,DEMO / SYNTHETIC DATA
DEMO_G_3149,18.5558738,73.8494923,378585,2052075,DEMO_WARD_05,DEMO Ward 05,33.115,0.2875,0.2136,20.66,53.74,0.2198,6.366,346.86,568.37,12844.95,DEMO / SYNTHETIC DATA
DEMO_G_3150,18.5558755,73.8497765,378615,2052075,DEMO_WARD_05,DEMO Ward 05,34.504,0.2213,0.2171,22.88,36.44,0.1835,3.797,398.97,573.89,10885.73,DEMO / SYNTHETIC DATA
DEMO_G_3151,18.5558772,73.8500607,378645,2052075,DEMO_WARD_05,DEMO Ward 05,32.353,0.3075,0.1423,28.13,46.6,0.2309,2.271,250.69,575.9,9340.77,DEMO / SYNTHETIC DATA
DEMO_G_3152,18.555879,73.850345,378675,2052075,DEMO_WARD_05,DEMO Ward 05,34.026,0.2748,0.1535,14.7,50.51,0.1402,2.763,234.36,575.17,14871.19,DEMO / SYNTHETIC DATA
DEMO_G_3153,18.5558807,73.8506292,378705,2052075,DEMO_WARD_05,DEMO Ward 05,26.588,0.541,0.0306,41.63,22.6,0.1927,2.886,124.8,570.29,1787.99,DEMO / SYNTHETIC DATA
DEMO_G_3154,18.5558824,73.8509134,378735,2052075,DEMO_WARD_05,DEMO Ward 05,30.06,0.5392,-0.012,48.83,34.09,0.1583,3.662,178.59,576.41,4869.52,DEMO / SYNTHETIC DATA
DEMO_G_3155,18.5558842,73.8511977,378765,2052075,DEMO_WARD_05,DEMO Ward 05,30.798,0.3616,-0.0377,40.82,25.37,0.267,2.52,296.81,565.77,4978.84,DEMO / SYNTHETIC DATA
DEMO_G_3156,18.5558859,73.8514819,378795,2052075,DEMO_WARD_05,DEMO Ward 05,35.967,0.1411,0.0893,30.61,42.09,0.1301,5.275,322.91,570.59,11520.89,DEMO / SYNTHETIC DATA
DEMO_G_3157,18.5558876,73.8517661,378825,2052075,DEMO_WARD_05,DEMO Ward 05,32.968,0.3833,0.079,17.89,49.37,0.2018,1.637,380.63,567.57,8050.41,DEMO / SYNTHETIC DATA
DEMO_G_3158,18.5558894,73.8520504,378855,2052075,DEMO_WARD_05,DEMO Ward 05,32.465,0.3562,0.0848,49.2,62.84,0.2153,5.503,163.99,576.87,6001.51,DEMO / SYNTHETIC DATA
DEMO_G_3159,18.5558911,73.8523346,378885,2052075,DEMO_WARD_05,DEMO Ward 05,34.219,0.2615,-0.0823,42.58,47.39,0.1891,3.566,171.22,574.96,4670.76,DEMO / SYNTHETIC DATA
DEMO_G_3160,18.5558928,73.8526188,378915,2052075,DEMO_WARD_05,DEMO Ward 05,31.9,0.3855,0.1115,37.37,58.15,0.1974,5.067,304.47,575.42,6024.75,DEMO / SYNTHETIC DATA
DEMO_G_3161,18.5558945,73.8529031,378945,2052075,DEMO_WARD_06,DEMO Ward 06,34.69,0.1995,0.0448,30.36,47.95,0.185,4.313,86.98,573.71,6546.74,DEMO / SYNTHETIC DATA
DEMO_G_3162,18.5558963,73.8531873,378975,2052075,DEMO_WARD_06,DEMO Ward 06,36.214,0.1929,0.1861,16.71,61.04,0.182,5.372,294.09,581.0,10093.07,DEMO / SYNTHETIC DATA
DEMO_G_3163,18.555898,73.8534715,379005,2052075,DEMO_WARD_06,DEMO Ward 06,33.932,0.2914,-0.0484,25.85,34.98,0.1462,4.015,303.46,575.66,9034.02,DEMO / SYNTHETIC DATA
DEMO_G_3164,18.5558997,73.8537558,379035,2052075,DEMO_WARD_06,DEMO Ward 06,35.009,0.3146,0.154,36.24,44.36,0.2265,5.351,368.9,572.51,13057.6,DEMO / SYNTHETIC DATA
DEMO_G_3165,18.5559015,73.85404,379065,2052075,DEMO_WARD_06,DEMO Ward 06,36.115,0.2257,0.1316,30.26,42.88,0.1578,5.76,336.65,567.58,8819.05,DEMO / SYNTHETIC DATA
DEMO_G_3166,18.5559032,73.8543242,379095,2052075,DEMO_WARD_06,DEMO Ward 06,32.75,0.2298,0.1664,36.77,35.02,0.1924,4.044,422.63,573.41,5386.5,DEMO / SYNTHETIC DATA
DEMO_G_3167,18.5559049,73.8546085,379125,2052075,DEMO_WARD_06,DEMO Ward 06,35.519,0.2167,0.2464,32.08,56.15,0.2,4.018,456.57,570.0,9964.97,DEMO / SYNTHETIC DATA
DEMO_G_3168,18.5559066,73.8548927,379155,2052075,DEMO_WARD_06,DEMO Ward 06,36.855,0.2101,0.2826,26.72,72.86,0.1596,6.094,363.86,577.18,12183.42,DEMO / SYNTHETIC DATA
DEMO_G_3169,18.5559084,73.8551769,379185,2052075,DEMO_WARD_06,DEMO Ward 06,37.219,0.1367,0.0758,11.86,67.54,0.167,6.327,401.53,579.16,12685.12,DEMO / SYNTHETIC DATA
DEMO_G_3170,18.5559101,73.8554612,379215,2052075,DEMO_WARD_06,DEMO Ward 06,36.622,0.0883,0.1703,9.33,47.68,0.156,7.138,413.79,577.9,13776.62,DEMO / SYNTHETIC DATA
DEMO_G_3171,18.5559118,73.8557454,379245,2052075,DEMO_WARD_06,DEMO Ward 06,28.854,0.4993,-0.1574,41.09,38.68,0.2469,1.792,300.28,576.74,6813.83,DEMO / SYNTHETIC DATA
DEMO_G_3172,18.5559135,73.8560296,379275,2052075,DEMO_WARD_06,DEMO Ward 06,35.871,0.2131,0.0579,27.87,62.77,0.1525,4.409,363.66,569.76,10296.07,DEMO / SYNTHETIC DATA
DEMO_G_3173,18.5559152,73.8563139,379305,2052075,DEMO_WARD_06,DEMO Ward 06,36.259,0.2742,0.1698,15.37,61.27,0.2522,7.042,266.44,577.24,15475.32,DEMO / SYNTHETIC DATA
DEMO_G_3174,18.555917,73.8565981,379335,2052075,DEMO_WARD_06,DEMO Ward 06,34.971,0.3126,0.1067,33.3,40.45,0.1602,3.882,322.12,570.03,10026.31,DEMO / SYNTHETIC DATA
DEMO_G_3175,18.5559187,73.8568823,379365,2052075,DEMO_WARD_06,DEMO Ward 06,40.613,0.1728,0.4346,22.07,62.11,0.1127,8.066,440.41,571.6,15546.25,DEMO / SYNTHETIC DATA
DEMO_G_3176,18.5559204,73.8571666,379395,2052075,DEMO_WARD_06,DEMO Ward 06,37.199,0.1993,0.354,29.96,69.95,0.2562,7.703,562.74,575.02,13705.16,DEMO / SYNTHETIC DATA
DEMO_G_3177,18.5559221,73.8574508,379425,2052075,DEMO_WARD_06,DEMO Ward 06,35.114,0.261,0.2622,17.83,62.18,0.2037,5.837,593.97,572.68,9754.21,DEMO / SYNTHETIC DATA
DEMO_G_3178,18.5559238,73.857735,379455,2052075,DEMO_WARD_06,DEMO Ward 06,36.312,0.1139,0.2434,21.05,74.18,0.2167,8.492,386.55,574.72,14948.77,DEMO / SYNTHETIC DATA
DEMO_G_3179,18.5559256,73.8580193,379485,2052075,DEMO_WARD_06,DEMO Ward 06,35.97,0.1604,0.2155,21.09,77.3,0.2493,8.167,278.99,575.42,13909.32,DEMO / SYNTHETIC DATA
DEMO_G_3180,18.5559273,73.8583035,379515,2052075,DEMO_WARD_06,DEMO Ward 06,37.952,0.0832,0.2553,9.71,85.1,0.2371,8.178,469.91,578.43,18697.13,DEMO / SYNTHETIC DATA
DEMO_G_3181,18.5560962,73.8415319,377745,2052105,DEMO_WARD_04,DEMO Ward 04,34.964,0.308,0.0959,24.59,53.06,0.1755,3.218,137.76,564.49,5074.73,DEMO / SYNTHETIC DATA
DEMO_G_3182,18.5560979,73.8418162,377775,2052105,DEMO_WARD_04,DEMO Ward 04,31.121,0.433,0.0581,47.59,66.73,0.1992,5.846,459.7,570.86,10141.77,DEMO / SYNTHETIC DATA
DEMO_G_3183,18.5560997,73.8421004,377805,2052105,DEMO_WARD_04,DEMO Ward 04,33.312,0.5269,0.0391,50.08,50.35,0.256,4.187,192.26,570.27,9528.63,DEMO / SYNTHETIC DATA
DEMO_G_3184,18.5561014,73.8423846,377835,2052105,DEMO_WARD_04,DEMO Ward 04,38.742,0.2231,0.4498,14.82,72.15,0.15,4.354,429.93,574.8,17712.68,DEMO / SYNTHETIC DATA
DEMO_G_3185,18.5561032,73.8426689,377865,2052105,DEMO_WARD_04,DEMO Ward 04,36.533,0.1862,0.0736,38.33,57.38,0.1102,6.074,395.41,574.58,12212.59,DEMO / SYNTHETIC DATA
DEMO_G_3186,18.5561049,73.8429531,377895,2052105,DEMO_WARD_04,DEMO Ward 04,34.758,0.1882,0.4276,20.72,81.71,0.3022,5.793,581.96,569.47,17510.63,DEMO / SYNTHETIC DATA
DEMO_G_3187,18.5561067,73.8432373,377925,2052105,DEMO_WARD_04,DEMO Ward 04,35.188,0.3319,0.0651,31.32,63.06,0.2175,4.081,519.9,575.48,12008.78,DEMO / SYNTHETIC DATA
DEMO_G_3188,18.5561084,73.8435216,377955,2052105,DEMO_WARD_04,DEMO Ward 04,35.4,0.2218,0.3502,32.99,48.6,0.1969,5.535,446.74,575.0,11204.65,DEMO / SYNTHETIC DATA
DEMO_G_3189,18.5561101,73.8438058,377985,2052105,DEMO_WARD_04,DEMO Ward 04,36.83,0.1023,0.3798,6.45,61.53,0.2099,5.754,620.64,571.72,16654.94,DEMO / SYNTHETIC DATA
DEMO_G_3190,18.5561119,73.84409,378015,2052105,DEMO_WARD_04,DEMO Ward 04,33.615,0.2242,0.308,26.47,44.88,0.2145,6.302,387.41,581.28,10919.87,DEMO / SYNTHETIC DATA
DEMO_G_3191,18.5561136,73.8443743,378045,2052105,DEMO_WARD_04,DEMO Ward 04,35.774,0.2395,0.1408,24.02,58.4,0.1559,5.296,301.69,574.58,12808.26,DEMO / SYNTHETIC DATA
DEMO_G_3192,18.5561154,73.8446585,378075,2052105,DEMO_WARD_04,DEMO Ward 04,38.272,0.1188,0.3293,11.28,73.53,0.142,6.506,426.65,571.91,17668.21,DEMO / SYNTHETIC DATA
DEMO_G_3193,18.5561171,73.8449427,378105,2052105,DEMO_WARD_04,DEMO Ward 04,36.718,0.1644,0.3106,7.38,89.66,0.1491,6.791,507.28,573.75,11545.7,DEMO / SYNTHETIC DATA
DEMO_G_3194,18.5561188,73.845227,378135,2052105,DEMO_WARD_04,DEMO Ward 04,35.155,0.2769,0.16,9.75,61.89,0.2666,5.756,506.64,574.99,14499.71,DEMO / SYNTHETIC DATA
DEMO_G_3195,18.5561206,73.8455112,378165,2052105,DEMO_WARD_04,DEMO Ward 04,36.882,0.1543,0.1726,28.23,56.09,0.1862,6.301,348.03,567.21,15091.22,DEMO / SYNTHETIC DATA
DEMO_G_3196,18.5561223,73.8457954,378195,2052105,DEMO_WARD_04,DEMO Ward 04,31.405,0.3438,0.0471,33.61,50.29,0.1713,2.025,399.16,573.31,9759.54,DEMO / SYNTHETIC DATA
DEMO_G_3197,18.5561241,73.8460797,378225,2052105,DEMO_WARD_04,DEMO Ward 04,36.854,0.0701,0.2923,13.75,76.1,0.2445,9.884,575.48,571.96,14349.8,DEMO / SYNTHETIC DATA
DEMO_G_3198,18.5561258,73.8463639,378255,2052105,DEMO_WARD_04,DEMO Ward 04,38.532,0.1346,0.2633,24.87,61.99,0.2114,8.059,353.67,579.16,14979.24,DEMO / SYNTHETIC DATA
DEMO_G_3199,18.5561275,73.8466481,378285,2052105,DEMO_WARD_04,DEMO Ward 04,33.499,0.2531,0.2417,34.3,58.49,0.2119,4.265,541.43,570.91,9985.51,DEMO / SYNTHETIC DATA
DEMO_G_3200,18.5561293,73.8469324,378315,2052105,DEMO_WARD_04,DEMO Ward 04,37.535,0.2791,0.4106,35.37,57.85,0.1235,5.854,457.08,575.61,12569.42,DEMO / SYNTHETIC DATA
DEMO_G_3201,18.556131,73.8472166,378345,2052105,DEMO_WARD_05,DEMO Ward 05,35.206,0.3609,0.2416,22.48,72.7,0.229,4.569,517.22,579.55,11479.17,DEMO / SYNTHETIC DATA
DEMO_G_3202,18.5561327,73.8475008,378375,2052105,DEMO_WARD_05,DEMO Ward 05,31.858,0.181,-0.0092,5.82,39.31,0.2095,4.059,316.57,576.68,8146.44,DEMO / SYNTHETIC DATA
DEMO_G_3203,18.5561345,73.8477851,378405,2052105,DEMO_WARD_05,DEMO Ward 05,35.498,0.0968,0.3163,0.0,68.8,0.2011,6.352,455.42,581.59,10009.46,DEMO / SYNTHETIC DATA
DEMO_G_3204,18.5561362,73.8480693,378435,2052105,DEMO_WARD_05,DEMO Ward 05,31.834,0.3996,0.088,36.71,22.69,0.1797,3.712,381.26,568.68,9662.5,DEMO / SYNTHETIC DATA
DEMO_G_3205,18.5561379,73.8483535,378465,2052105,DEMO_WARD_05,DEMO Ward 05,37.791,0.0813,0.3644,6.39,60.11,0.2186,8.586,276.5,569.88,15075.59,DEMO / SYNTHETIC DATA
DEMO_G_3206,18.5561397,73.8486378,378495,2052105,DEMO_WARD_05,DEMO Ward 05,35.587,-0.041,0.2072,7.98,80.01,0.2283,7.567,483.67,567.11,12701.26,DEMO / SYNTHETIC DATA
DEMO_G_3207,18.5561414,73.848922,378525,2052105,DEMO_WARD_05,DEMO Ward 05,33.279,0.1967,0.1894,10.7,55.08,0.2484,7.619,202.05,576.16,16031.2,DEMO / SYNTHETIC DATA
DEMO_G_3208,18.5561431,73.8492062,378555,2052105,DEMO_WARD_05,DEMO Ward 05,33.3,0.3425,0.1622,45.12,46.53,0.2132,6.587,306.28,573.49,11598.2,DEMO / SYNTHETIC DATA
DEMO_G_3209,18.5561449,73.8494905,378585,2052105,DEMO_WARD_05,DEMO Ward 05,32.892,0.1505,0.1456,12.21,61.55,0.2536,5.892,216.5,570.46,11085.43,DEMO / SYNTHETIC DATA
DEMO_G_3210,18.5561466,73.8497747,378615,2052105,DEMO_WARD_05,DEMO Ward 05,31.669,0.3889,0.0494,36.65,24.74,0.2122,5.492,103.88,573.32,6107.54,DEMO / SYNTHETIC DATA
DEMO_G_3211,18.5561483,73.8500589,378645,2052105,DEMO_WARD_05,DEMO Ward 05,33.656,0.2499,0.1128,38.14,47.28,0.2853,6.291,463.76,575.75,9780.75,DEMO / SYNTHETIC DATA
DEMO_G_3212,18.5561501,73.8503432,378675,2052105,DEMO_WARD_05,DEMO Ward 05,35.501,0.2054,0.1604,23.82,59.7,0.2168,4.645,273.09,574.15,6452.61,DEMO / SYNTHETIC DATA
DEMO_G_3213,18.5561518,73.8506274,378705,2052105,DEMO_WARD_05,DEMO Ward 05,33.287,0.2971,0.1894,29.52,62.86,0.1957,5.65,161.56,565.97,16325.05,DEMO / SYNTHETIC DATA
DEMO_G_3214,18.5561535,73.8509116,378735,2052105,DEMO_WARD_05,DEMO Ward 05,32.638,0.4446,0.1719,46.45,50.07,0.2006,4.965,288.7,567.68,7541.57,DEMO / SYNTHETIC DATA
DEMO_G_3215,18.5561553,73.8511959,378765,2052105,DEMO_WARD_05,DEMO Ward 05,31.915,0.2628,0.0018,30.46,36.74,0.2344,4.245,88.36,573.6,6751.65,DEMO / SYNTHETIC DATA
DEMO_G_3216,18.556157,73.8514801,378795,2052105,DEMO_WARD_05,DEMO Ward 05,33.483,0.4139,0.273,42.75,57.46,0.2043,4.765,153.8,575.11,8029.59,DEMO / SYNTHETIC DATA
DEMO_G_3217,18.5561587,73.8517643,378825,2052105,DEMO_WARD_05,DEMO Ward 05,32.156,0.405,0.0198,38.66,30.45,0.1316,2.211,62.25,568.83,3398.7,DEMO / SYNTHETIC DATA
DEMO_G_3218,18.5561604,73.8520486,378855,2052105,DEMO_WARD_05,DEMO Ward 05,34.726,0.3063,0.0938,20.53,50.47,0.1843,4.358,251.99,569.84,6980.16,DEMO / SYNTHETIC DATA
DEMO_G_3219,18.5561622,73.8523328,378885,2052105,DEMO_WARD_05,DEMO Ward 05,32.623,0.4747,-0.0255,45.42,49.41,0.2252,4.862,351.99,564.77,12256.02,DEMO / SYNTHETIC DATA
DEMO_G_3220,18.5561639,73.852617,378915,2052105,DEMO_WARD_05,DEMO Ward 05,31.085,0.289,-0.0878,36.75,15.5,0.2489,4.516,338.31,567.8,281.0,DEMO / SYNTHETIC DATA
DEMO_G_3221,18.5561656,73.8529013,378945,2052105,DEMO_WARD_06,DEMO Ward 06,33.06,0.2027,0.0402,4.69,36.04,0.1972,4.387,337.27,578.06,8016.24,DEMO / SYNTHETIC DATA
DEMO_G_3222,18.5561674,73.8531855,378975,2052105,DEMO_WARD_06,DEMO Ward 06,33.105,0.2535,0.2636,6.09,52.72,0.1937,5.558,313.36,564.62,6519.55,DEMO / SYNTHETIC DATA
DEMO_G_3223,18.5561691,73.8534697,379005,2052105,DEMO_WARD_06,DEMO Ward 06,33.987,0.3191,-0.0533,39.96,41.58,0.1613,2.514,293.53,572.66,9228.95,DEMO / SYNTHETIC DATA
DEMO_G_3224,18.5561708,73.853754,379035,2052105,DEMO_WARD_06,DEMO Ward 06,33.74,0.3096,0.0498,24.39,35.28,0.2153,3.513,272.66,570.45,6650.69,DEMO / SYNTHETIC DATA
DEMO_G_3225,18.5561725,73.8540382,379065,2052105,DEMO_WARD_06,DEMO Ward 06,33.899,0.1978,0.1309,10.69,48.44,0.2551,5.904,464.66,569.29,13929.44,DEMO / SYNTHETIC DATA
DEMO_G_3226,18.5561743,73.8543224,379095,2052105,DEMO_WARD_06,DEMO Ward 06,34.003,0.269,0.2422,31.88,37.71,0.2443,5.465,260.33,568.18,15314.79,DEMO / SYNTHETIC DATA
DEMO_G_3227,18.556176,73.8546067,379125,2052105,DEMO_WARD_06,DEMO Ward 06,33.525,0.2998,0.003,35.99,38.07,0.185,5.102,244.43,572.13,10074.6,DEMO / SYNTHETIC DATA
DEMO_G_3228,18.5561777,73.8548909,379155,2052105,DEMO_WARD_06,DEMO Ward 06,34.103,0.2322,0.2063,19.31,51.3,0.1679,5.214,415.48,571.61,9710.38,DEMO / SYNTHETIC DATA
DEMO_G_3229,18.5561794,73.8551751,379185,2052105,DEMO_WARD_06,DEMO Ward 06,33.949,0.389,0.2704,28.59,45.19,0.1559,3.37,301.99,574.68,10011.41,DEMO / SYNTHETIC DATA
DEMO_G_3230,18.5561812,73.8554594,379215,2052105,DEMO_WARD_06,DEMO Ward 06,33.972,0.1468,0.1535,5.42,51.49,0.2332,2.89,299.38,576.69,15848.53,DEMO / SYNTHETIC DATA
DEMO_G_3231,18.5561829,73.8557436,379245,2052105,DEMO_WARD_06,DEMO Ward 06,35.814,0.132,0.1607,21.58,59.79,0.2424,4.069,390.4,573.91,10758.84,DEMO / SYNTHETIC DATA
DEMO_G_3232,18.5561846,73.8560278,379275,2052105,DEMO_WARD_06,DEMO Ward 06,37.977,0.2086,0.1395,13.2,49.2,0.14,8.298,395.75,569.57,10546.89,DEMO / SYNTHETIC DATA
DEMO_G_3233,18.5561863,73.8563121,379305,2052105,DEMO_WARD_06,DEMO Ward 06,32.518,0.2497,0.0408,26.0,54.3,0.1936,4.299,245.16,576.05,7614.61,DEMO / SYNTHETIC DATA
DEMO_G_3234,18.5561881,73.8565963,379335,2052105,DEMO_WARD_06,DEMO Ward 06,32.769,0.3769,0.1617,48.93,63.28,0.1845,3.397,370.73,575.23,8091.34,DEMO / SYNTHETIC DATA
DEMO_G_3235,18.5561898,73.8568805,379365,2052105,DEMO_WARD_06,DEMO Ward 06,35.74,0.1594,0.2942,29.89,71.92,0.1899,7.262,431.55,571.89,9673.04,DEMO / SYNTHETIC DATA
DEMO_G_3236,18.5561915,73.8571648,379395,2052105,DEMO_WARD_06,DEMO Ward 06,39.366,0.0027,0.3062,10.63,84.65,0.1448,7.768,637.03,572.29,11096.33,DEMO / SYNTHETIC DATA
DEMO_G_3237,18.5561932,73.857449,379425,2052105,DEMO_WARD_06,DEMO Ward 06,32.359,0.2956,0.2285,24.76,66.9,0.217,5.351,472.86,569.46,13713.66,DEMO / SYNTHETIC DATA
DEMO_G_3238,18.5561949,73.8577332,379455,2052105,DEMO_WARD_06,DEMO Ward 06,39.332,-0.0251,0.2668,6.24,75.16,0.151,8.234,504.82,574.14,17476.99,DEMO / SYNTHETIC DATA
DEMO_G_3239,18.5561967,73.8580175,379485,2052105,DEMO_WARD_06,DEMO Ward 06,38.654,0.0231,0.3768,12.89,60.47,0.2295,6.648,449.78,573.09,13692.5,DEMO / SYNTHETIC DATA
DEMO_G_3240,18.5561984,73.8583017,379515,2052105,DEMO_WARD_06,DEMO Ward 06,39.267,-0.0832,0.2411,14.29,69.33,0.2402,7.843,654.51,568.76,18286.31,DEMO / SYNTHETIC DATA
DEMO_G_3241,18.5563673,73.8415301,377745,2052135,DEMO_WARD_04,DEMO Ward 04,34.29,0.2516,0.3002,29.26,60.01,0.1582,6.218,491.17,580.42,13365.23,DEMO / SYNTHETIC DATA
DEMO_G_3242,18.556369,73.8418143,377775,2052135,DEMO_WARD_04,DEMO Ward 04,35.078,0.2276,0.1947,27.74,48.75,0.2002,4.14,455.09,569.21,12663.31,DEMO / SYNTHETIC DATA
DEMO_G_3243,18.5563708,73.8420986,377805,2052135,DEMO_WARD_04,DEMO Ward 04,28.79,0.3754,0.0262,52.73,38.89,0.1979,4.538,302.62,572.9,10074.14,DEMO / SYNTHETIC DATA
DEMO_G_3244,18.5563725,73.8423828,377835,2052135,DEMO_WARD_04,DEMO Ward 04,31.5,0.1773,0.215,21.7,43.44,0.1665,5.921,287.25,575.83,7582.69,DEMO / SYNTHETIC DATA
DEMO_G_3245,18.5563743,73.842667,377865,2052135,DEMO_WARD_04,DEMO Ward 04,36.465,0.2159,0.2378,14.84,77.71,0.2133,4.359,348.33,570.22,13326.06,DEMO / SYNTHETIC DATA
DEMO_G_3246,18.556376,73.8429513,377895,2052135,DEMO_WARD_04,DEMO Ward 04,34.599,0.2568,0.2197,14.19,48.17,0.1254,6.499,155.26,575.22,8397.11,DEMO / SYNTHETIC DATA
DEMO_G_3247,18.5563777,73.8432355,377925,2052135,DEMO_WARD_04,DEMO Ward 04,34.112,0.1681,0.0956,23.36,63.07,0.2088,4.101,322.12,572.96,12073.63,DEMO / SYNTHETIC DATA
DEMO_G_3248,18.5563795,73.8435197,377955,2052135,DEMO_WARD_04,DEMO Ward 04,37.235,0.1367,0.1435,12.96,46.81,0.1853,5.535,441.83,571.25,11472.8,DEMO / SYNTHETIC DATA
DEMO_G_3249,18.5563812,73.843804,377985,2052135,DEMO_WARD_04,DEMO Ward 04,36.977,0.1842,0.3291,13.95,63.66,0.1996,6.166,425.21,576.01,15078.29,DEMO / SYNTHETIC DATA
DEMO_G_3250,18.556383,73.8440882,378015,2052135,DEMO_WARD_04,DEMO Ward 04,32.919,0.2011,0.2025,21.77,54.05,0.2649,7.815,329.87,577.01,13875.67,DEMO / SYNTHETIC DATA
DEMO_G_3251,18.5563847,73.8443724,378045,2052135,DEMO_WARD_04,DEMO Ward 04,34.252,0.1383,0.1615,10.68,59.67,0.2349,7.368,204.23,569.68,16506.81,DEMO / SYNTHETIC DATA
DEMO_G_3252,18.5563864,73.8446567,378075,2052135,DEMO_WARD_04,DEMO Ward 04,37.155,0.2096,0.1679,34.51,74.26,0.1906,8.525,206.07,580.02,15913.29,DEMO / SYNTHETIC DATA
DEMO_G_3253,18.5563882,73.8449409,378105,2052135,DEMO_WARD_04,DEMO Ward 04,37.555,0.08,0.1911,12.19,68.23,0.2149,7.937,472.37,574.78,16620.82,DEMO / SYNTHETIC DATA
DEMO_G_3254,18.5563899,73.8452251,378135,2052135,DEMO_WARD_04,DEMO Ward 04,33.213,0.1894,0.1888,30.04,69.44,0.1767,7.237,289.87,572.38,12402.0,DEMO / SYNTHETIC DATA
DEMO_G_3255,18.5563917,73.8455094,378165,2052135,DEMO_WARD_04,DEMO Ward 04,39.896,0.0461,0.4008,14.11,90.54,0.194,7.651,475.24,571.79,21627.71,DEMO / SYNTHETIC DATA
DEMO_G_3256,18.5563934,73.8457936,378195,2052135,DEMO_WARD_04,DEMO Ward 04,36.007,0.185,0.3057,19.09,61.41,0.1797,6.309,543.53,574.12,15214.18,DEMO / SYNTHETIC DATA
DEMO_G_3257,18.5563951,73.8460778,378225,2052135,DEMO_WARD_04,DEMO Ward 04,33.689,0.1521,0.142,30.02,54.71,0.2466,6.604,347.75,571.69,13021.05,DEMO / SYNTHETIC DATA
DEMO_G_3258,18.5563969,73.8463621,378255,2052135,DEMO_WARD_04,DEMO Ward 04,38.676,0.1285,0.4129,23.61,86.4,0.1904,6.689,303.79,570.31,19234.54,DEMO / SYNTHETIC DATA
DEMO_G_3259,18.5563986,73.8466463,378285,2052135,DEMO_WARD_04,DEMO Ward 04,35.691,0.0968,0.1381,23.91,66.46,0.1743,6.218,490.28,567.89,13158.49,DEMO / SYNTHETIC DATA
DEMO_G_3260,18.5564004,73.8469305,378315,2052135,DEMO_WARD_04,DEMO Ward 04,32.725,0.3262,0.2645,32.14,61.99,0.223,5.829,355.22,574.98,10242.49,DEMO / SYNTHETIC DATA
DEMO_G_3261,18.5564021,73.8472148,378345,2052135,DEMO_WARD_05,DEMO Ward 05,34.488,0.2189,0.3037,22.07,78.16,0.1842,6.384,235.52,572.7,16777.07,DEMO / SYNTHETIC DATA
DEMO_G_3262,18.5564038,73.847499,378375,2052135,DEMO_WARD_05,DEMO Ward 05,34.525,0.2253,0.2204,13.32,82.1,0.2535,6.065,356.89,577.62,11893.92,DEMO / SYNTHETIC DATA
DEMO_G_3263,18.5564056,73.8477832,378405,2052135,DEMO_WARD_05,DEMO Ward 05,32.754,0.3248,0.1443,31.67,49.11,0.2244,6.742,224.03,568.92,7812.1,DEMO / SYNTHETIC DATA
DEMO_G_3264,18.5564073,73.8480675,378435,2052135,DEMO_WARD_05,DEMO Ward 05,37.44,0.3153,0.3767,29.23,63.54,0.0928,6.657,349.58,574.52,10549.47,DEMO / SYNTHETIC DATA
DEMO_G_3265,18.556409,73.8483517,378465,2052135,DEMO_WARD_05,DEMO Ward 05,32.424,0.4379,0.1296,31.42,38.65,0.153,4.332,426.79,575.85,5682.72,DEMO / SYNTHETIC DATA
DEMO_G_3266,18.5564108,73.8486359,378495,2052135,DEMO_WARD_05,DEMO Ward 05,33.21,0.2103,0.1177,11.11,36.65,0.2183,3.73,308.59,576.79,14640.44,DEMO / SYNTHETIC DATA
DEMO_G_3267,18.5564125,73.8489202,378525,2052135,DEMO_WARD_05,DEMO Ward 05,31.104,0.354,0.0117,14.72,34.19,0.2389,3.026,147.92,580.2,10452.49,DEMO / SYNTHETIC DATA
DEMO_G_3268,18.5564142,73.8492044,378555,2052135,DEMO_WARD_05,DEMO Ward 05,33.852,0.3624,0.1247,26.31,59.69,0.2737,4.619,269.93,574.62,15479.0,DEMO / SYNTHETIC DATA
DEMO_G_3269,18.556416,73.8494886,378585,2052135,DEMO_WARD_05,DEMO Ward 05,34.991,0.2473,0.0675,1.99,58.68,0.1421,5.322,307.17,565.58,11852.66,DEMO / SYNTHETIC DATA
DEMO_G_3270,18.5564177,73.8497729,378615,2052135,DEMO_WARD_05,DEMO Ward 05,35.256,0.3459,0.1846,17.41,82.81,0.1908,5.43,256.6,571.9,9509.22,DEMO / SYNTHETIC DATA
DEMO_G_3271,18.5564194,73.8500571,378645,2052135,DEMO_WARD_05,DEMO Ward 05,32.993,0.4,-0.0096,34.1,49.44,0.1982,2.818,229.79,570.44,6523.74,DEMO / SYNTHETIC DATA
DEMO_G_3272,18.5564212,73.8503413,378675,2052135,DEMO_WARD_05,DEMO Ward 05,32.706,0.208,0.0793,17.05,58.39,0.2089,4.968,276.19,574.3,13083.09,DEMO / SYNTHETIC DATA
DEMO_G_3273,18.5564229,73.8506256,378705,2052135,DEMO_WARD_05,DEMO Ward 05,31.754,0.3659,0.0709,28.77,35.43,0.2424,4.685,226.65,572.26,9073.26,DEMO / SYNTHETIC DATA
DEMO_G_3274,18.5564246,73.8509098,378735,2052135,DEMO_WARD_05,DEMO Ward 05,30.078,0.3959,-0.0264,41.36,26.13,0.1948,3.345,114.41,585.22,7672.9,DEMO / SYNTHETIC DATA
DEMO_G_3275,18.5564263,73.851194,378765,2052135,DEMO_WARD_05,DEMO Ward 05,35.207,0.4101,0.0046,30.35,46.78,0.113,3.669,241.23,574.73,9157.59,DEMO / SYNTHETIC DATA
DEMO_G_3276,18.5564281,73.8514783,378795,2052135,DEMO_WARD_05,DEMO Ward 05,30.758,0.2685,-0.0141,19.6,43.7,0.2224,2.984,113.51,575.56,504.53,DEMO / SYNTHETIC DATA
DEMO_G_3277,18.5564298,73.8517625,378825,2052135,DEMO_WARD_05,DEMO Ward 05,33.853,0.1807,0.2554,27.57,64.02,0.1657,3.369,406.32,569.74,12588.63,DEMO / SYNTHETIC DATA
DEMO_G_3278,18.5564315,73.8520467,378855,2052135,DEMO_WARD_05,DEMO Ward 05,34.696,0.3076,0.0568,24.03,50.19,0.1851,3.762,343.54,581.35,11872.02,DEMO / SYNTHETIC DATA
DEMO_G_3279,18.5564333,73.852331,378885,2052135,DEMO_WARD_05,DEMO Ward 05,32.446,0.1959,0.1642,18.63,53.83,0.1795,5.67,331.46,570.82,12558.68,DEMO / SYNTHETIC DATA
DEMO_G_3280,18.556435,73.8526152,378915,2052135,DEMO_WARD_05,DEMO Ward 05,30.168,0.3804,-0.0422,28.4,30.23,0.2397,2.519,179.74,576.21,4818.48,DEMO / SYNTHETIC DATA
DEMO_G_3281,18.5564367,73.8528994,378945,2052135,DEMO_WARD_06,DEMO Ward 06,33.048,0.3606,-0.0289,33.96,26.19,0.1954,3.382,231.25,559.97,7421.33,DEMO / SYNTHETIC DATA
DEMO_G_3282,18.5564384,73.8531837,378975,2052135,DEMO_WARD_06,DEMO Ward 06,35.173,0.1833,0.1063,4.68,64.6,0.1836,5.192,358.12,576.2,11646.2,DEMO / SYNTHETIC DATA
DEMO_G_3283,18.5564402,73.8534679,379005,2052135,DEMO_WARD_06,DEMO Ward 06,27.514,0.4404,-0.0346,38.48,20.31,0.2293,2.538,260.55,576.92,6513.24,DEMO / SYNTHETIC DATA
DEMO_G_3284,18.5564419,73.8537521,379035,2052135,DEMO_WARD_06,DEMO Ward 06,33.266,0.2073,-0.0707,12.0,54.5,0.1789,5.869,262.33,573.6,9491.26,DEMO / SYNTHETIC DATA
DEMO_G_3285,18.5564436,73.8540364,379065,2052135,DEMO_WARD_06,DEMO Ward 06,30.711,0.4191,-0.054,42.09,49.44,0.2411,2.037,323.63,576.68,6947.46,DEMO / SYNTHETIC DATA
DEMO_G_3286,18.5564454,73.8543206,379095,2052135,DEMO_WARD_06,DEMO Ward 06,35.411,0.3082,0.3621,28.23,59.05,0.2239,5.432,568.14,579.56,13754.87,DEMO / SYNTHETIC DATA
DEMO_G_3287,18.5564471,73.8546048,379125,2052135,DEMO_WARD_06,DEMO Ward 06,36.446,0.2177,0.3988,20.49,57.2,0.2023,3.074,294.9,571.24,10317.27,DEMO / SYNTHETIC DATA
DEMO_G_3288,18.5564488,73.8548891,379155,2052135,DEMO_WARD_06,DEMO Ward 06,33.692,0.4874,0.2634,44.22,48.28,0.198,6.145,394.22,569.12,12559.56,DEMO / SYNTHETIC DATA
DEMO_G_3289,18.5564505,73.8551733,379185,2052135,DEMO_WARD_06,DEMO Ward 06,37.147,0.1752,0.2751,15.43,38.36,0.2264,6.501,513.43,576.6,14223.29,DEMO / SYNTHETIC DATA
DEMO_G_3290,18.5564523,73.8554575,379215,2052135,DEMO_WARD_06,DEMO Ward 06,40.371,-0.0032,0.3981,4.21,70.85,0.2661,6.561,408.38,569.99,14027.3,DEMO / SYNTHETIC DATA
DEMO_G_3291,18.556454,73.8557418,379245,2052135,DEMO_WARD_06,DEMO Ward 06,39.04,0.1182,0.3251,0.54,73.32,0.1811,5.154,534.47,577.74,13455.81,DEMO / SYNTHETIC DATA
DEMO_G_3292,18.5564557,73.856026,379275,2052135,DEMO_WARD_06,DEMO Ward 06,35.789,0.135,0.1608,26.47,58.27,0.1927,6.917,343.52,575.59,12983.65,DEMO / SYNTHETIC DATA
DEMO_G_3293,18.5564574,73.8563102,379305,2052135,DEMO_WARD_06,DEMO Ward 06,35.195,0.1241,0.2182,14.72,70.42,0.2211,7.955,549.86,572.68,10344.33,DEMO / SYNTHETIC DATA
DEMO_G_3294,18.5564591,73.8565945,379335,2052135,DEMO_WARD_06,DEMO Ward 06,33.099,0.1383,0.1314,24.64,54.66,0.2008,6.899,425.06,576.55,15767.96,DEMO / SYNTHETIC DATA
DEMO_G_3295,18.5564609,73.8568787,379365,2052135,DEMO_WARD_06,DEMO Ward 06,36.033,0.3377,0.2785,47.51,68.88,0.215,7.233,277.26,567.4,10371.95,DEMO / SYNTHETIC DATA
DEMO_G_3296,18.5564626,73.857163,379395,2052135,DEMO_WARD_06,DEMO Ward 06,37.424,0.2797,0.2424,33.27,69.45,0.2377,4.645,256.97,572.13,7515.91,DEMO / SYNTHETIC DATA
DEMO_G_3297,18.5564643,73.8574472,379425,2052135,DEMO_WARD_06,DEMO Ward 06,35.784,0.2319,0.3137,32.52,57.77,0.2062,7.204,301.14,582.0,8144.74,DEMO / SYNTHETIC DATA
DEMO_G_3298,18.556466,73.8577314,379455,2052135,DEMO_WARD_06,DEMO Ward 06,38.629,0.2107,0.4494,19.53,88.9,0.1663,6.841,526.58,573.16,17634.45,DEMO / SYNTHETIC DATA
DEMO_G_3299,18.5564677,73.8580157,379485,2052135,DEMO_WARD_06,DEMO Ward 06,33.414,0.2664,0.1468,30.04,73.72,0.1543,7.761,469.87,575.94,15304.73,DEMO / SYNTHETIC DATA
DEMO_G_3300,18.5564695,73.8582999,379515,2052135,DEMO_WARD_06,DEMO Ward 06,37.427,0.08,0.261,8.73,59.16,0.2382,8.566,380.93,588.22,13893.26,DEMO / SYNTHETIC DATA
DEMO_G_3301,18.5566384,73.8415283,377745,2052165,DEMO_WARD_04,DEMO Ward 04,32.23,0.2237,0.2222,18.33,52.79,0.1638,5.421,466.52,575.83,13687.91,DEMO / SYNTHETIC DATA
DEMO_G_3302,18.5566401,73.8418125,377775,2052165,DEMO_WARD_04,DEMO Ward 04,37.228,0.1022,0.2538,29.23,49.66,0.1412,3.91,409.51,571.42,8604.41,DEMO / SYNTHETIC DATA
DEMO_G_3303,18.5566419,73.8420967,377805,2052165,DEMO_WARD_04,DEMO Ward 04,34.653,0.2404,0.1624,23.23,35.98,0.258,5.116,429.55,574.52,4469.8,DEMO / SYNTHETIC DATA
DEMO_G_3304,18.5566436,73.842381,377835,2052165,DEMO_WARD_04,DEMO Ward 04,32.475,0.3391,0.1706,33.47,54.88,0.2032,5.218,223.12,564.9,10968.26,DEMO / SYNTHETIC DATA
DEMO_G_3305,18.5566453,73.8426652,377865,2052165,DEMO_WARD_04,DEMO Ward 04,38.36,0.1412,0.2111,20.58,67.15,0.1927,9.033,403.43,575.58,12477.35,DEMO / SYNTHETIC DATA
DEMO_G_3306,18.5566471,73.8429494,377895,2052165,DEMO_WARD_04,DEMO Ward 04,35.594,0.1569,0.1766,13.78,65.47,0.1648,5.641,421.67,580.78,15883.62,DEMO / SYNTHETIC DATA
DEMO_G_3307,18.5566488,73.8432337,377925,2052165,DEMO_WARD_04,DEMO Ward 04,29.142,0.4477,-0.0005,41.81,47.96,0.3251,5.44,318.48,572.53,9060.34,DEMO / SYNTHETIC DATA
DEMO_G_3308,18.5566506,73.8435179,377955,2052165,DEMO_WARD_04,DEMO Ward 04,35.049,0.0816,0.2281,3.66,70.93,0.2217,6.298,455.74,566.46,12957.55,DEMO / SYNTHETIC DATA
DEMO_G_3309,18.5566523,73.8438021,377985,2052165,DEMO_WARD_04,DEMO Ward 04,38.921,0.0219,0.3324,18.22,87.57,0.2567,6.806,366.75,569.5,17541.0,DEMO / SYNTHETIC DATA
DEMO_G_3310,18.5566541,73.8440864,378015,2052165,DEMO_WARD_04,DEMO Ward 04,37.409,0.1171,0.3242,11.95,68.07,0.1307,7.674,361.38,573.52,13289.43,DEMO / SYNTHETIC DATA
DEMO_G_3311,18.5566558,73.8443706,378045,2052165,DEMO_WARD_04,DEMO Ward 04,35.953,0.0885,0.2962,0.0,61.37,0.2104,7.172,608.81,575.78,15704.75,DEMO / SYNTHETIC DATA
DEMO_G_3312,18.5566575,73.8446548,378075,2052165,DEMO_WARD_04,DEMO Ward 04,35.647,0.2283,0.1988,21.71,70.88,0.2029,6.302,350.8,572.37,10679.04,DEMO / SYNTHETIC DATA
DEMO_G_3313,18.5566593,73.8449391,378105,2052165,DEMO_WARD_04,DEMO Ward 04,34.146,0.3743,0.3002,34.15,55.14,0.1601,4.884,315.27,570.37,9326.46,DEMO / SYNTHETIC DATA
DEMO_G_3314,18.556661,73.8452233,378135,2052165,DEMO_WARD_04,DEMO Ward 04,37.488,0.0817,0.3775,5.39,67.7,0.142,6.836,484.23,577.29,15094.61,DEMO / SYNTHETIC DATA
DEMO_G_3315,18.5566628,73.8455075,378165,2052165,DEMO_WARD_04,DEMO Ward 04,37.266,0.1091,0.1972,22.78,68.89,0.1652,4.377,391.42,577.46,18151.03,DEMO / SYNTHETIC DATA
DEMO_G_3316,18.5566645,73.8457918,378195,2052165,DEMO_WARD_04,DEMO Ward 04,32.422,0.3642,0.1742,52.42,63.78,0.2239,4.077,364.57,570.18,12575.2,DEMO / SYNTHETIC DATA
DEMO_G_3317,18.5566662,73.846076,378225,2052165,DEMO_WARD_04,DEMO Ward 04,38.117,0.246,0.3736,43.86,70.78,0.1761,4.99,591.62,573.98,17493.21,DEMO / SYNTHETIC DATA
DEMO_G_3318,18.556668,73.8463602,378255,2052165,DEMO_WARD_04,DEMO Ward 04,38.128,0.0698,0.3803,13.41,72.84,0.1785,6.182,494.71,580.68,16855.94,DEMO / SYNTHETIC DATA
DEMO_G_3319,18.5566697,73.8466445,378285,2052165,DEMO_WARD_04,DEMO Ward 04,34.661,0.1067,0.2204,7.04,78.21,0.1773,6.503,392.99,572.15,15031.68,DEMO / SYNTHETIC DATA
DEMO_G_3320,18.5566714,73.8469287,378315,2052165,DEMO_WARD_04,DEMO Ward 04,38.204,0.03,0.1705,23.92,67.2,0.3006,8.041,469.9,567.35,15877.07,DEMO / SYNTHETIC DATA
DEMO_G_3321,18.5566732,73.8472129,378345,2052165,DEMO_WARD_05,DEMO Ward 05,33.376,0.2607,0.239,28.34,74.42,0.2313,6.44,391.7,570.29,14083.95,DEMO / SYNTHETIC DATA
DEMO_G_3322,18.5566749,73.8474972,378375,2052165,DEMO_WARD_05,DEMO Ward 05,39.214,-0.029,0.4933,1.77,73.44,0.1652,7.493,580.67,579.95,19419.1,DEMO / SYNTHETIC DATA
DEMO_G_3323,18.5566766,73.8477814,378405,2052165,DEMO_WARD_05,DEMO Ward 05,36.027,0.1381,0.272,13.87,57.51,0.2009,6.686,464.74,581.26,12694.26,DEMO / SYNTHETIC DATA
DEMO_G_3324,18.5566784,73.8480656,378435,2052165,DEMO_WARD_05,DEMO Ward 05,35.964,0.3097,0.1284,15.24,47.67,0.1839,5.175,406.38,575.9,12656.75,DEMO / SYNTHETIC DATA
DEMO_G_3325,18.5566801,73.8483499,378465,2052165,DEMO_WARD_05,DEMO Ward 05,33.641,0.5077,0.1705,32.45,53.32,0.2322,5.058,466.37,571.95,13042.71,DEMO / SYNTHETIC DATA
DEMO_G_3326,18.5566819,73.8486341,378495,2052165,DEMO_WARD_05,DEMO Ward 05,38.26,0.1493,0.2647,18.36,55.59,0.1521,6.227,290.02,575.3,5665.07,DEMO / SYNTHETIC DATA
DEMO_G_3327,18.5566836,73.8489184,378525,2052165,DEMO_WARD_05,DEMO Ward 05,33.934,0.3656,0.0972,42.48,53.11,0.2304,5.827,442.68,581.46,13487.95,DEMO / SYNTHETIC DATA
DEMO_G_3328,18.5566853,73.8492026,378555,2052165,DEMO_WARD_05,DEMO Ward 05,35.771,0.1643,0.1463,33.89,54.03,0.2014,5.436,214.61,580.7,16079.85,DEMO / SYNTHETIC DATA
DEMO_G_3329,18.5566871,73.8494868,378585,2052165,DEMO_WARD_05,DEMO Ward 05,29.89,0.3711,-0.0203,48.27,36.95,0.2392,3.708,270.1,575.34,9025.62,DEMO / SYNTHETIC DATA
DEMO_G_3330,18.5566888,73.8497711,378615,2052165,DEMO_WARD_05,DEMO Ward 05,34.609,0.1015,0.077,9.9,52.93,0.183,6.462,215.67,572.95,9488.98,DEMO / SYNTHETIC DATA
DEMO_G_3331,18.5566905,73.8500553,378645,2052165,DEMO_WARD_05,DEMO Ward 05,34.533,0.0378,0.1091,10.93,53.19,0.1626,3.968,207.6,571.33,6509.33,DEMO / SYNTHETIC DATA
DEMO_G_3332,18.5566922,73.8503395,378675,2052165,DEMO_WARD_05,DEMO Ward 05,31.661,0.393,0.1688,26.26,33.89,0.2167,2.6,173.98,574.06,6336.96,DEMO / SYNTHETIC DATA
DEMO_G_3333,18.556694,73.8506238,378705,2052165,DEMO_WARD_05,DEMO Ward 05,34.503,0.1388,0.1968,18.42,44.8,0.1865,7.745,302.15,578.04,10642.46,DEMO / SYNTHETIC DATA
DEMO_G_3334,18.5566957,73.850908,378735,2052165,DEMO_WARD_05,DEMO Ward 05,31.525,0.2731,0.008,27.64,44.91,0.224,4.4,321.2,567.92,11989.65,DEMO / SYNTHETIC DATA
DEMO_G_3335,18.5566974,73.8511922,378765,2052165,DEMO_WARD_05,DEMO Ward 05,37.871,0.2912,0.2639,22.62,48.12,0.2363,4.59,360.65,570.44,12906.03,DEMO / SYNTHETIC DATA
DEMO_G_3336,18.5566992,73.8514765,378795,2052165,DEMO_WARD_05,DEMO Ward 05,31.303,0.4453,0.007,42.3,54.83,0.2266,5.441,375.69,575.49,8801.69,DEMO / SYNTHETIC DATA
DEMO_G_3337,18.5567009,73.8517607,378825,2052165,DEMO_WARD_05,DEMO Ward 05,35.037,0.205,0.1274,29.5,51.77,0.1529,5.478,142.74,577.39,10798.32,DEMO / SYNTHETIC DATA
DEMO_G_3338,18.5567026,73.8520449,378855,2052165,DEMO_WARD_05,DEMO Ward 05,33.883,0.2575,0.1462,11.61,47.69,0.1624,2.649,290.01,569.9,8900.29,DEMO / SYNTHETIC DATA
DEMO_G_3339,18.5567044,73.8523292,378885,2052165,DEMO_WARD_05,DEMO Ward 05,36.087,0.1672,0.1244,20.28,69.01,0.1547,4.739,339.31,569.91,17154.82,DEMO / SYNTHETIC DATA
DEMO_G_3340,18.5567061,73.8526134,378915,2052165,DEMO_WARD_05,DEMO Ward 05,29.594,0.3735,-0.0521,20.25,40.07,0.1928,3.961,271.5,571.9,7753.04,DEMO / SYNTHETIC DATA
DEMO_G_3341,18.5567078,73.8528976,378945,2052165,DEMO_WARD_06,DEMO Ward 06,35.488,0.2789,0.0786,37.55,51.59,0.1817,4.803,403.75,571.17,13596.83,DEMO / SYNTHETIC DATA
DEMO_G_3342,18.5567095,73.8531819,378975,2052165,DEMO_WARD_06,DEMO Ward 06,32.459,0.4828,0.2031,46.44,50.47,0.2135,6.003,325.29,569.81,12837.59,DEMO / SYNTHETIC DATA
DEMO_G_3343,18.5567113,73.8534661,379005,2052165,DEMO_WARD_06,DEMO Ward 06,34.896,0.3797,0.1833,16.44,61.17,0.242,5.697,307.47,573.11,13483.28,DEMO / SYNTHETIC DATA
DEMO_G_3344,18.556713,73.8537503,379035,2052165,DEMO_WARD_06,DEMO Ward 06,35.982,0.1836,0.2425,25.57,58.17,0.2435,6.935,429.31,581.5,13147.18,DEMO / SYNTHETIC DATA
DEMO_G_3345,18.5567147,73.8540346,379065,2052165,DEMO_WARD_06,DEMO Ward 06,31.179,0.3901,-0.0275,47.27,57.63,0.198,6.692,325.12,567.5,10702.22,DEMO / SYNTHETIC DATA
DEMO_G_3346,18.5567164,73.8543188,379095,2052165,DEMO_WARD_06,DEMO Ward 06,35.396,0.1715,0.2815,22.15,57.65,0.2572,6.076,463.37,572.84,9239.7,DEMO / SYNTHETIC DATA
DEMO_G_3347,18.5567182,73.854603,379125,2052165,DEMO_WARD_06,DEMO Ward 06,31.256,0.3632,0.0417,31.78,24.55,0.2195,4.606,259.48,570.03,2304.9,DEMO / SYNTHETIC DATA
DEMO_G_3348,18.5567199,73.8548873,379155,2052165,DEMO_WARD_06,DEMO Ward 06,35.862,0.131,0.1821,13.99,56.31,0.2178,6.071,433.63,575.82,11453.65,DEMO / SYNTHETIC DATA
DEMO_G_3349,18.5567216,73.8551715,379185,2052165,DEMO_WARD_06,DEMO Ward 06,33.327,0.256,0.2131,48.22,59.52,0.1865,7.427,166.25,575.74,12953.31,DEMO / SYNTHETIC DATA
DEMO_G_3350,18.5567233,73.8554557,379215,2052165,DEMO_WARD_06,DEMO Ward 06,31.71,0.3924,0.1933,40.68,65.16,0.2227,5.077,224.03,576.32,8229.14,DEMO / SYNTHETIC DATA
DEMO_G_3351,18.5567251,73.85574,379245,2052165,DEMO_WARD_06,DEMO Ward 06,36.615,0.1135,0.3177,20.67,71.83,0.2301,6.816,356.53,570.82,12098.9,DEMO / SYNTHETIC DATA
DEMO_G_3352,18.5567268,73.8560242,379275,2052165,DEMO_WARD_06,DEMO Ward 06,37.023,0.1617,0.2037,13.89,59.75,0.2552,6.58,670.15,572.59,14641.01,DEMO / SYNTHETIC DATA
DEMO_G_3353,18.5567285,73.8563084,379305,2052165,DEMO_WARD_06,DEMO Ward 06,36.784,0.1788,0.2356,6.71,56.12,0.2073,5.956,372.15,572.07,11354.58,DEMO / SYNTHETIC DATA
DEMO_G_3354,18.5567302,73.8565927,379335,2052165,DEMO_WARD_06,DEMO Ward 06,39.064,0.2863,0.1827,15.69,50.98,0.2237,7.701,504.49,572.51,10517.6,DEMO / SYNTHETIC DATA
DEMO_G_3355,18.556732,73.8568769,379365,2052165,DEMO_WARD_06,DEMO Ward 06,37.406,0.1052,0.3382,23.33,59.17,0.1798,5.985,402.09,576.38,10115.42,DEMO / SYNTHETIC DATA
DEMO_G_3356,18.5567337,73.8571611,379395,2052165,DEMO_WARD_06,DEMO Ward 06,38.221,0.1104,0.238,6.03,81.27,0.1689,6.975,416.96,577.24,16380.81,DEMO / SYNTHETIC DATA
DEMO_G_3357,18.5567354,73.8574454,379425,2052165,DEMO_WARD_06,DEMO Ward 06,37.134,0.2473,0.3237,17.04,53.68,0.1779,6.791,298.7,575.07,14530.18,DEMO / SYNTHETIC DATA
DEMO_G_3358,18.5567371,73.8577296,379455,2052165,DEMO_WARD_06,DEMO Ward 06,37.823,0.1984,0.2462,19.9,79.05,0.2255,5.501,455.41,573.85,13753.7,DEMO / SYNTHETIC DATA
DEMO_G_3359,18.5567388,73.8580139,379485,2052165,DEMO_WARD_06,DEMO Ward 06,36.767,0.038,0.2602,18.45,58.25,0.2019,6.229,426.99,576.34,15944.86,DEMO / SYNTHETIC DATA
DEMO_G_3360,18.5567406,73.8582981,379515,2052165,DEMO_WARD_06,DEMO Ward 06,37.993,0.1434,0.4036,9.09,78.31,0.1782,6.371,521.58,575.85,16336.11,DEMO / SYNTHETIC DATA
DEMO_G_3361,18.5569095,73.8415265,377745,2052195,DEMO_WARD_04,DEMO Ward 04,35.606,0.2584,0.2884,33.96,75.71,0.199,7.371,418.9,574.64,13697.22,DEMO / SYNTHETIC DATA
DEMO_G_3362,18.5569112,73.8418107,377775,2052195,DEMO_WARD_04,DEMO Ward 04,35.498,0.3378,0.0441,44.38,37.65,0.1908,4.807,150.74,572.89,11839.4,DEMO / SYNTHETIC DATA
DEMO_G_3363,18.5569129,73.8420949,377805,2052195,DEMO_WARD_04,DEMO Ward 04,32.258,0.2815,0.0199,33.88,48.18,0.2128,4.798,298.75,577.57,8468.53,DEMO / SYNTHETIC DATA
DEMO_G_3364,18.5569147,73.8423792,377835,2052195,DEMO_WARD_04,DEMO Ward 04,32.276,0.3503,0.1753,42.26,41.52,0.1421,4.773,380.44,575.51,8646.85,DEMO / SYNTHETIC DATA
DEMO_G_3365,18.5569164,73.8426634,377865,2052195,DEMO_WARD_04,DEMO Ward 04,32.295,0.4041,0.1719,36.07,37.33,0.2531,4.983,364.87,569.12,10075.57,DEMO / SYNTHETIC DATA
DEMO_G_3366,18.5569182,73.8429476,377895,2052195,DEMO_WARD_04,DEMO Ward 04,36.06,0.2683,0.1928,11.98,64.03,0.1956,4.937,370.2,572.27,12002.19,DEMO / SYNTHETIC DATA
DEMO_G_3367,18.5569199,73.8432319,377925,2052195,DEMO_WARD_04,DEMO Ward 04,33.149,0.3577,0.2274,27.26,54.32,0.207,5.46,430.27,572.65,11662.92,DEMO / SYNTHETIC DATA
DEMO_G_3368,18.5569217,73.8435161,377955,2052195,DEMO_WARD_04,DEMO Ward 04,34.714,0.3248,0.1467,13.47,55.29,0.1599,4.601,108.08,575.59,8926.95,DEMO / SYNTHETIC DATA
DEMO_G_3369,18.5569234,73.8438003,377985,2052195,DEMO_WARD_04,DEMO Ward 04,39.605,0.1692,0.4324,18.05,73.13,0.2027,9.209,585.01,579.45,17728.23,DEMO / SYNTHETIC DATA
DEMO_G_3370,18.5569251,73.8440846,378015,2052195,DEMO_WARD_04,DEMO Ward 04,37.644,0.1087,0.3299,18.25,70.42,0.165,4.718,509.92,562.69,14891.45,DEMO / SYNTHETIC DATA
DEMO_G_3371,18.5569269,73.8443688,378045,2052195,DEMO_WARD_04,DEMO Ward 04,37.328,0.1823,0.4056,30.48,58.09,0.1172,6.852,463.67,573.09,14287.45,DEMO / SYNTHETIC DATA
DEMO_G_3372,18.5569286,73.844653,378075,2052195,DEMO_WARD_04,DEMO Ward 04,35.474,0.17,0.2409,19.55,71.41,0.2057,5.677,293.04,572.75,12420.53,DEMO / SYNTHETIC DATA
DEMO_G_3373,18.5569304,73.8449373,378105,2052195,DEMO_WARD_04,DEMO Ward 04,33.976,0.1969,-0.0051,22.25,49.5,0.2039,2.979,329.52,581.18,10159.39,DEMO / SYNTHETIC DATA
DEMO_G_3374,18.5569321,73.8452215,378135,2052195,DEMO_WARD_04,DEMO Ward 04,36.09,0.2126,0.176,14.22,59.57,0.1987,4.338,353.85,567.18,14694.34,DEMO / SYNTHETIC DATA
DEMO_G_3375,18.5569338,73.8455057,378165,2052195,DEMO_WARD_04,DEMO Ward 04,36.536,0.2329,0.2714,13.17,44.45,0.2441,6.529,97.55,579.06,9438.9,DEMO / SYNTHETIC DATA
DEMO_G_3376,18.5569356,73.84579,378195,2052195,DEMO_WARD_04,DEMO Ward 04,38.283,0.1072,0.4004,25.62,69.59,0.1985,8.804,414.09,573.26,19673.84,DEMO / SYNTHETIC DATA
DEMO_G_3377,18.5569373,73.8460742,378225,2052195,DEMO_WARD_04,DEMO Ward 04,35.879,0.1157,0.4065,10.36,70.02,0.2409,6.48,446.19,577.88,17943.21,DEMO / SYNTHETIC DATA
DEMO_G_3378,18.5569391,73.8463584,378255,2052195,DEMO_WARD_04,DEMO Ward 04,36.258,0.195,0.2847,12.75,71.9,0.2784,6.396,473.51,569.78,16109.83,DEMO / SYNTHETIC DATA
DEMO_G_3379,18.5569408,73.8466427,378285,2052195,DEMO_WARD_04,DEMO Ward 04,35.222,0.1674,0.2091,17.15,58.64,0.1879,5.484,328.97,576.61,11132.43,DEMO / SYNTHETIC DATA
DEMO_G_3380,18.5569425,73.8469269,378315,2052195,DEMO_WARD_04,DEMO Ward 04,38.557,0.1363,0.306,5.95,81.85,0.186,5.708,487.13,578.75,15380.94,DEMO / SYNTHETIC DATA
DEMO_G_3381,18.5569443,73.8472111,378345,2052195,DEMO_WARD_05,DEMO Ward 05,36.063,0.2357,0.3052,28.36,53.27,0.1773,6.37,263.12,579.35,9709.63,DEMO / SYNTHETIC DATA
DEMO_G_3382,18.556946,73.8474954,378375,2052195,DEMO_WARD_05,DEMO Ward 05,37.771,0.1644,0.1424,4.73,67.88,0.2122,6.472,397.58,575.79,11926.33,DEMO / SYNTHETIC DATA
DEMO_G_3383,18.5569477,73.8477796,378405,2052195,DEMO_WARD_05,DEMO Ward 05,32.241,0.3274,0.047,23.42,39.0,0.2605,5.333,387.02,578.21,9510.17,DEMO / SYNTHETIC DATA
DEMO_G_3384,18.5569495,73.8480638,378435,2052195,DEMO_WARD_05,DEMO Ward 05,36.637,0.1993,0.2318,17.25,63.17,0.2139,6.241,529.12,570.71,12292.62,DEMO / SYNTHETIC DATA
DEMO_G_3385,18.5569512,73.8483481,378465,2052195,DEMO_WARD_05,DEMO Ward 05,33.64,0.3489,0.0867,41.53,48.01,0.2538,3.605,355.15,576.53,7609.95,DEMO / SYNTHETIC DATA
DEMO_G_3386,18.5569529,73.8486323,378495,2052195,DEMO_WARD_05,DEMO Ward 05,33.803,0.3685,0.1861,27.55,41.28,0.2185,6.304,268.01,582.08,11238.54,DEMO / SYNTHETIC DATA
DEMO_G_3387,18.5569547,73.8489165,378525,2052195,DEMO_WARD_05,DEMO Ward 05,35.873,0.184,0.2756,25.01,51.66,0.1409,7.271,427.39,571.13,10822.49,DEMO / SYNTHETIC DATA
DEMO_G_3388,18.5569564,73.8492008,378555,2052195,DEMO_WARD_05,DEMO Ward 05,27.677,0.3819,0.0879,26.4,40.54,0.2555,3.589,360.39,568.28,9271.67,DEMO / SYNTHETIC DATA
DEMO_G_3389,18.5569581,73.849485,378585,2052195,DEMO_WARD_05,DEMO Ward 05,32.252,0.1831,0.1472,6.89,42.77,0.1737,4.274,189.54,575.72,9840.1,DEMO / SYNTHETIC DATA
DEMO_G_3390,18.5569599,73.8497692,378615,2052195,DEMO_WARD_05,DEMO Ward 05,32.866,0.3812,0.1555,33.81,36.27,0.1961,6.114,209.69,570.4,7266.45,DEMO / SYNTHETIC DATA
DEMO_G_3391,18.5569616,73.8500535,378645,2052195,DEMO_WARD_05,DEMO Ward 05,35.813,0.327,0.1246,18.13,65.83,0.2106,6.509,271.56,570.42,12887.34,DEMO / SYNTHETIC DATA
DEMO_G_3392,18.5569633,73.8503377,378675,2052195,DEMO_WARD_05,DEMO Ward 05,33.15,0.2388,0.1109,32.13,50.01,0.1761,4.34,139.09,572.09,9219.49,DEMO / SYNTHETIC DATA
DEMO_G_3393,18.5569651,73.8506219,378705,2052195,DEMO_WARD_05,DEMO Ward 05,31.361,0.4971,0.0712,42.7,33.18,0.1465,2.676,275.81,564.78,5427.74,DEMO / SYNTHETIC DATA
DEMO_G_3394,18.5569668,73.8509062,378735,2052195,DEMO_WARD_05,DEMO Ward 05,33.346,0.2468,-0.0047,30.82,53.88,0.225,4.535,316.73,571.81,5224.0,DEMO / SYNTHETIC DATA
DEMO_G_3395,18.5569685,73.8511904,378765,2052195,DEMO_WARD_05,DEMO Ward 05,32.802,0.2255,0.2142,29.57,49.25,0.2373,3.761,313.05,572.1,10142.65,DEMO / SYNTHETIC DATA
DEMO_G_3396,18.5569703,73.8514746,378795,2052195,DEMO_WARD_05,DEMO Ward 05,28.471,0.4606,0.0598,39.13,47.24,0.2533,3.542,124.57,567.21,7080.16,DEMO / SYNTHETIC DATA
DEMO_G_3397,18.556972,73.8517589,378825,2052195,DEMO_WARD_05,DEMO Ward 05,30.802,0.2824,-0.0226,23.59,47.84,0.2399,2.545,268.14,568.22,6628.36,DEMO / SYNTHETIC DATA
DEMO_G_3398,18.5569737,73.8520431,378855,2052195,DEMO_WARD_05,DEMO Ward 05,34.545,0.1595,0.1846,26.65,53.93,0.2619,4.478,315.66,574.25,12603.13,DEMO / SYNTHETIC DATA
DEMO_G_3399,18.5569754,73.8523273,378885,2052195,DEMO_WARD_05,DEMO Ward 05,32.839,0.291,0.1233,22.82,50.01,0.2205,4.298,208.29,573.19,6904.63,DEMO / SYNTHETIC DATA
DEMO_G_3400,18.5569772,73.8526116,378915,2052195,DEMO_WARD_05,DEMO Ward 05,31.145,0.4527,0.1459,32.56,38.74,0.2025,4.837,227.45,572.32,8815.94,DEMO / SYNTHETIC DATA
DEMO_G_3401,18.5569789,73.8528958,378945,2052195,DEMO_WARD_06,DEMO Ward 06,29.813,0.1758,0.0152,25.54,41.81,0.2268,4.342,378.54,573.97,7016.16,DEMO / SYNTHETIC DATA
DEMO_G_3402,18.5569806,73.8531801,378975,2052195,DEMO_WARD_06,DEMO Ward 06,36.15,0.2395,0.27,3.67,58.22,0.1882,4.201,225.85,577.27,15340.02,DEMO / SYNTHETIC DATA
DEMO_G_3403,18.5569824,73.8534643,379005,2052195,DEMO_WARD_06,DEMO Ward 06,32.97,0.4841,0.2028,52.24,56.01,0.1629,6.313,230.51,576.15,7930.07,DEMO / SYNTHETIC DATA
DEMO_G_3404,18.5569841,73.8537485,379035,2052195,DEMO_WARD_06,DEMO Ward 06,35.53,0.2231,0.2496,22.74,57.4,0.178,7.025,240.45,582.81,11783.33,DEMO / SYNTHETIC DATA
DEMO_G_3405,18.5569858,73.8540328,379065,2052195,DEMO_WARD_06,DEMO Ward 06,36.084,0.0431,0.0866,10.35,61.56,0.1774,4.762,282.51,572.65,14814.35,DEMO / SYNTHETIC DATA
DEMO_G_3406,18.5569875,73.854317,379095,2052195,DEMO_WARD_06,DEMO Ward 06,37.309,0.1982,0.3195,7.26,80.05,0.2132,5.673,241.32,575.67,17715.9,DEMO / SYNTHETIC DATA
DEMO_G_3407,18.5569893,73.8546012,379125,2052195,DEMO_WARD_06,DEMO Ward 06,31.327,0.34,0.0672,18.36,47.72,0.2404,3.758,284.99,575.06,11435.47,DEMO / SYNTHETIC DATA
DEMO_G_3408,18.556991,73.8548855,379155,2052195,DEMO_WARD_06,DEMO Ward 06,35.369,0.1873,0.2154,7.2,60.54,0.2195,6.324,262.57,570.7,15114.53,DEMO / SYNTHETIC DATA
DEMO_G_3409,18.5569927,73.8551697,379185,2052195,DEMO_WARD_06,DEMO Ward 06,34.36,0.3545,0.3156,36.07,61.04,0.2441,7.639,539.36,565.03,14463.82,DEMO / SYNTHETIC DATA
DEMO_G_3410,18.5569944,73.8554539,379215,2052195,DEMO_WARD_06,DEMO Ward 06,34.83,0.2899,0.2572,23.11,58.26,0.2154,4.809,286.13,578.91,10422.39,DEMO / SYNTHETIC DATA
DEMO_G_3411,18.5569962,73.8557382,379245,2052195,DEMO_WARD_06,DEMO Ward 06,29.807,0.3625,0.0577,31.59,55.1,0.1951,4.102,205.97,574.3,10700.76,DEMO / SYNTHETIC DATA
DEMO_G_3412,18.5569979,73.8560224,379275,2052195,DEMO_WARD_06,DEMO Ward 06,37.519,0.2736,0.1639,18.68,59.4,0.1289,5.445,373.48,568.73,11022.99,DEMO / SYNTHETIC DATA
DEMO_G_3413,18.5569996,73.8563066,379305,2052195,DEMO_WARD_06,DEMO Ward 06,37.744,-0.0184,0.3659,19.46,59.84,0.2051,8.243,499.52,570.14,14022.13,DEMO / SYNTHETIC DATA
DEMO_G_3414,18.5570013,73.8565909,379335,2052195,DEMO_WARD_06,DEMO Ward 06,33.207,0.35,0.1475,37.6,58.43,0.2832,4.097,265.32,571.51,11293.27,DEMO / SYNTHETIC DATA
DEMO_G_3415,18.557003,73.8568751,379365,2052195,DEMO_WARD_06,DEMO Ward 06,32.257,0.241,0.3131,28.57,48.7,0.1947,6.2,369.79,570.54,11061.73,DEMO / SYNTHETIC DATA
DEMO_G_3416,18.5570048,73.8571593,379395,2052195,DEMO_WARD_06,DEMO Ward 06,37.537,0.044,0.2295,19.29,69.96,0.098,4.228,379.83,574.39,9418.81,DEMO / SYNTHETIC DATA
DEMO_G_3417,18.5570065,73.8574436,379425,2052195,DEMO_WARD_06,DEMO Ward 06,35.447,0.1943,0.3517,19.27,78.57,0.1868,8.626,595.48,570.24,15517.89,DEMO / SYNTHETIC DATA
DEMO_G_3418,18.5570082,73.8577278,379455,2052195,DEMO_WARD_06,DEMO Ward 06,39.297,0.0882,0.2574,23.0,90.15,0.2185,6.971,402.08,581.2,16090.51,DEMO / SYNTHETIC DATA
DEMO_G_3419,18.5570099,73.858012,379485,2052195,DEMO_WARD_06,DEMO Ward 06,36.165,0.0987,0.4445,17.99,75.97,0.1645,7.421,586.38,571.44,10315.46,DEMO / SYNTHETIC DATA
DEMO_G_3420,18.5570116,73.8582963,379515,2052195,DEMO_WARD_06,DEMO Ward 06,36.452,0.1523,0.3258,29.9,87.48,0.2128,7.336,549.05,582.55,13431.2,DEMO / SYNTHETIC DATA
DEMO_G_3421,18.5571805,73.8415246,377745,2052225,DEMO_WARD_04,DEMO Ward 04,30.649,0.4884,-0.0153,47.6,34.5,0.1932,4.508,160.13,570.96,10127.32,DEMO / SYNTHETIC DATA
DEMO_G_3422,18.5571823,73.8418089,377775,2052225,DEMO_WARD_04,DEMO Ward 04,37.777,0.2686,0.3167,29.48,55.01,0.2215,6.192,425.1,575.06,13843.19,DEMO / SYNTHETIC DATA
DEMO_G_3423,18.557184,73.8420931,377805,2052225,DEMO_WARD_04,DEMO Ward 04,33.162,0.2478,0.1123,24.7,64.69,0.2005,4.553,403.67,573.55,11092.81,DEMO / SYNTHETIC DATA
DEMO_G_3424,18.5571858,73.8423773,377835,2052225,DEMO_WARD_04,DEMO Ward 04,31.285,0.2475,-0.002,33.93,40.12,0.2322,6.793,362.38,572.01,8524.49,DEMO / SYNTHETIC DATA
DEMO_G_3425,18.5571875,73.8426616,377865,2052225,DEMO_WARD_04,DEMO Ward 04,38.506,0.2106,0.396,29.35,59.58,0.2603,7.458,439.55,571.18,14339.91,DEMO / SYNTHETIC DATA
DEMO_G_3426,18.5571893,73.8429458,377895,2052225,DEMO_WARD_04,DEMO Ward 04,32.875,0.3005,0.0339,37.4,53.73,0.2812,5.178,345.39,579.57,14827.29,DEMO / SYNTHETIC DATA
DEMO_G_3427,18.557191,73.84323,377925,2052225,DEMO_WARD_04,DEMO Ward 04,32.849,0.1226,-0.0072,27.25,54.25,0.1719,4.385,346.37,578.05,9504.29,DEMO / SYNTHETIC DATA
DEMO_G_3428,18.5571927,73.8435143,377955,2052225,DEMO_WARD_04,DEMO Ward 04,33.941,0.2878,0.181,35.46,53.53,0.1591,2.953,183.57,576.1,13277.93,DEMO / SYNTHETIC DATA
DEMO_G_3429,18.5571945,73.8437985,377985,2052225,DEMO_WARD_04,DEMO Ward 04,33.506,0.231,0.2098,28.09,61.92,0.2181,5.412,343.11,580.03,10971.94,DEMO / SYNTHETIC DATA
DEMO_G_3430,18.5571962,73.8440827,378015,2052225,DEMO_WARD_04,DEMO Ward 04,35.522,0.1027,-0.1518,24.6,47.1,0.1965,4.726,178.43,576.93,9095.36,DEMO / SYNTHETIC DATA
DEMO_G_3431,18.557198,73.844367,378045,2052225,DEMO_WARD_04,DEMO Ward 04,38.013,0.1908,0.3512,30.68,62.98,0.2024,6.732,455.84,571.45,19087.85,DEMO / SYNTHETIC DATA
DEMO_G_3432,18.5571997,73.8446512,378075,2052225,DEMO_WARD_04,DEMO Ward 04,37.162,0.0877,0.3377,6.8,73.46,0.1662,8.361,425.27,573.21,17144.7,DEMO / SYNTHETIC DATA
DEMO_G_3433,18.5572015,73.8449354,378105,2052225,DEMO_WARD_04,DEMO Ward 04,41.663,0.2336,0.2616,15.51,91.69,0.1451,7.154,478.53,577.61,15115.51,DEMO / SYNTHETIC DATA
DEMO_G_3434,18.5572032,73.8452197,378135,2052225,DEMO_WARD_04,DEMO Ward 04,35.76,0.3692,0.1152,37.57,83.45,0.188,6.282,258.44,574.9,15533.96,DEMO / SYNTHETIC DATA
DEMO_G_3435,18.5572049,73.8455039,378165,2052225,DEMO_WARD_04,DEMO Ward 04,37.243,0.2182,0.3011,36.7,69.85,0.2168,6.133,332.68,580.71,15898.23,DEMO / SYNTHETIC DATA
DEMO_G_3436,18.5572067,73.8457881,378195,2052225,DEMO_WARD_04,DEMO Ward 04,35.275,0.2504,0.1509,17.86,53.73,0.1029,5.419,516.58,580.79,12657.82,DEMO / SYNTHETIC DATA
DEMO_G_3437,18.5572084,73.8460724,378225,2052225,DEMO_WARD_04,DEMO Ward 04,35.47,0.2861,0.1859,35.15,57.18,0.1784,4.648,295.66,580.49,6977.12,DEMO / SYNTHETIC DATA
DEMO_G_3438,18.5572101,73.8463566,378255,2052225,DEMO_WARD_04,DEMO Ward 04,36.845,0.2374,0.2178,25.52,69.96,0.1283,5.596,365.68,564.32,14981.88,DEMO / SYNTHETIC DATA
DEMO_G_3439,18.5572119,73.8466408,378285,2052225,DEMO_WARD_04,DEMO Ward 04,36.945,0.1859,0.3409,25.09,69.63,0.1846,7.067,628.94,576.53,16652.08,DEMO / SYNTHETIC DATA
DEMO_G_3440,18.5572136,73.8469251,378315,2052225,DEMO_WARD_04,DEMO Ward 04,38.104,0.1574,0.2344,22.84,62.33,0.1335,7.726,247.54,577.61,11251.5,DEMO / SYNTHETIC DATA
DEMO_G_3441,18.5572154,73.8472093,378345,2052225,DEMO_WARD_05,DEMO Ward 05,37.288,0.0604,0.4216,0.69,80.36,0.2291,6.593,480.03,575.37,16915.12,DEMO / SYNTHETIC DATA
DEMO_G_3442,18.5572171,73.8474935,378375,2052225,DEMO_WARD_05,DEMO Ward 05,33.647,0.2753,0.1931,29.44,73.48,0.1547,8.476,380.33,578.75,14699.71,DEMO / SYNTHETIC DATA
DEMO_G_3443,18.5572188,73.8477778,378405,2052225,DEMO_WARD_05,DEMO Ward 05,32.879,0.2996,0.1276,29.64,43.19,0.2051,5.079,210.05,578.74,11598.54,DEMO / SYNTHETIC DATA
DEMO_G_3444,18.5572206,73.848062,378435,2052225,DEMO_WARD_05,DEMO Ward 05,33.967,0.3856,-0.0509,20.88,53.66,0.1522,4.756,478.81,573.87,9218.86,DEMO / SYNTHETIC DATA
DEMO_G_3445,18.5572223,73.8483462,378465,2052225,DEMO_WARD_05,DEMO Ward 05,37.994,0.1503,0.218,28.94,50.45,0.1851,7.059,417.18,576.36,9253.0,DEMO / SYNTHETIC DATA
DEMO_G_3446,18.557224,73.8486305,378495,2052225,DEMO_WARD_05,DEMO Ward 05,33.739,0.2169,0.1811,20.68,84.93,0.1957,4.858,141.7,573.17,18617.35,DEMO / SYNTHETIC DATA
DEMO_G_3447,18.5572258,73.8489147,378525,2052225,DEMO_WARD_05,DEMO Ward 05,32.316,0.1724,0.0442,37.69,49.23,0.1972,5.538,446.7,576.94,15030.91,DEMO / SYNTHETIC DATA
DEMO_G_3448,18.5572275,73.849199,378555,2052225,DEMO_WARD_05,DEMO Ward 05,31.122,0.2339,-0.0025,30.2,37.39,0.1623,4.819,252.85,569.35,6337.46,DEMO / SYNTHETIC DATA
DEMO_G_3449,18.5572292,73.8494832,378585,2052225,DEMO_WARD_05,DEMO Ward 05,36.78,0.0795,0.1993,23.44,65.66,0.2418,7.237,411.91,572.82,11206.17,DEMO / SYNTHETIC DATA
DEMO_G_3450,18.557231,73.8497674,378615,2052225,DEMO_WARD_05,DEMO Ward 05,29.816,0.3705,-0.0325,44.91,40.21,0.1759,5.096,199.48,574.59,5271.92,DEMO / SYNTHETIC DATA
DEMO_G_3451,18.5572327,73.8500517,378645,2052225,DEMO_WARD_05,DEMO Ward 05,35.43,0.3284,0.1006,20.65,69.1,0.186,6.317,507.92,578.69,8357.68,DEMO / SYNTHETIC DATA
DEMO_G_3452,18.5572344,73.8503359,378675,2052225,DEMO_WARD_05,DEMO Ward 05,35.757,0.1903,0.1751,15.76,58.83,0.2046,6.407,506.96,571.62,11799.77,DEMO / SYNTHETIC DATA
DEMO_G_3453,18.5572362,73.8506201,378705,2052225,DEMO_WARD_05,DEMO Ward 05,35.066,0.355,0.3097,8.26,54.31,0.201,5.74,541.62,567.67,11775.64,DEMO / SYNTHETIC DATA
DEMO_G_3454,18.5572379,73.8509044,378735,2052225,DEMO_WARD_05,DEMO Ward 05,34.601,0.0523,0.1331,14.25,54.45,0.2089,5.121,286.77,582.39,12665.05,DEMO / SYNTHETIC DATA
DEMO_G_3455,18.5572396,73.8511886,378765,2052225,DEMO_WARD_05,DEMO Ward 05,33.399,0.4097,0.2032,38.62,50.41,0.1945,4.972,355.44,573.96,9967.4,DEMO / SYNTHETIC DATA
DEMO_G_3456,18.5572413,73.8514728,378795,2052225,DEMO_WARD_05,DEMO Ward 05,32.502,0.4359,0.0946,41.24,49.75,0.1797,6.105,172.84,569.45,7955.6,DEMO / SYNTHETIC DATA
DEMO_G_3457,18.5572431,73.8517571,378825,2052225,DEMO_WARD_05,DEMO Ward 05,33.641,0.173,0.1567,22.87,58.31,0.2228,4.803,384.41,577.1,11722.0,DEMO / SYNTHETIC DATA
DEMO_G_3458,18.5572448,73.8520413,378855,2052225,DEMO_WARD_05,DEMO Ward 05,29.261,0.5736,-0.0055,40.41,30.8,0.1581,4.225,223.83,580.29,5407.88,DEMO / SYNTHETIC DATA
DEMO_G_3459,18.5572465,73.8523255,378885,2052225,DEMO_WARD_05,DEMO Ward 05,30.86,0.4333,0.1406,44.93,49.3,0.2371,1.733,212.49,573.81,7863.51,DEMO / SYNTHETIC DATA
DEMO_G_3460,18.5572483,73.8526098,378915,2052225,DEMO_WARD_05,DEMO Ward 05,39.381,0.0334,0.3293,0.0,52.1,0.1509,7.107,433.54,574.01,17567.33,DEMO / SYNTHETIC DATA
DEMO_G_3461,18.55725,73.852894,378945,2052225,DEMO_WARD_06,DEMO Ward 06,32.236,0.3929,0.0286,27.25,50.27,0.1355,5.012,155.76,578.51,10641.52,DEMO / SYNTHETIC DATA
DEMO_G_3462,18.5572517,73.8531782,378975,2052225,DEMO_WARD_06,DEMO Ward 06,29.134,0.4283,0.0522,29.82,46.86,0.242,2.069,118.86,571.38,7335.89,DEMO / SYNTHETIC DATA
DEMO_G_3463,18.5572534,73.8534625,379005,2052225,DEMO_WARD_06,DEMO Ward 06,33.546,0.3643,-0.0063,27.56,34.02,0.2234,4.778,122.43,572.64,10623.56,DEMO / SYNTHETIC DATA
DEMO_G_3464,18.5572552,73.8537467,379035,2052225,DEMO_WARD_06,DEMO Ward 06,33.587,0.258,0.3041,8.55,47.24,0.2397,4.005,262.15,566.75,12172.31,DEMO / SYNTHETIC DATA
DEMO_G_3465,18.5572569,73.8540309,379065,2052225,DEMO_WARD_06,DEMO Ward 06,32.289,0.3329,0.2766,30.89,59.88,0.2379,5.156,403.46,569.03,11191.73,DEMO / SYNTHETIC DATA
DEMO_G_3466,18.5572586,73.8543152,379095,2052225,DEMO_WARD_06,DEMO Ward 06,34.538,0.2652,0.166,26.33,35.62,0.1578,4.096,407.81,581.02,8709.3,DEMO / SYNTHETIC DATA
DEMO_G_3467,18.5572603,73.8545994,379125,2052225,DEMO_WARD_06,DEMO Ward 06,34.072,0.2861,0.0722,35.8,47.45,0.1523,4.712,156.79,570.7,12862.58,DEMO / SYNTHETIC DATA
DEMO_G_3468,18.5572621,73.8548837,379155,2052225,DEMO_WARD_06,DEMO Ward 06,33.291,0.3265,0.1791,42.23,44.45,0.2537,5.582,478.88,575.1,9111.39,DEMO / SYNTHETIC DATA
DEMO_G_3469,18.5572638,73.8551679,379185,2052225,DEMO_WARD_06,DEMO Ward 06,35.936,0.2353,0.2783,27.88,55.74,0.2139,5.713,277.31,576.9,10679.77,DEMO / SYNTHETIC DATA
DEMO_G_3470,18.5572655,73.8554521,379215,2052225,DEMO_WARD_06,DEMO Ward 06,36.675,0.1216,0.1859,5.51,56.62,0.1929,4.242,310.28,572.66,11180.87,DEMO / SYNTHETIC DATA
DEMO_G_3471,18.5572672,73.8557364,379245,2052225,DEMO_WARD_06,DEMO Ward 06,30.514,0.3802,-0.0147,58.12,46.87,0.1972,3.594,146.76,572.75,5927.33,DEMO / SYNTHETIC DATA
DEMO_G_3472,18.557269,73.8560206,379275,2052225,DEMO_WARD_06,DEMO Ward 06,36.87,0.2331,0.3205,17.82,54.06,0.2222,4.449,461.04,572.78,14924.65,DEMO / SYNTHETIC DATA
DEMO_G_3473,18.5572707,73.8563048,379305,2052225,DEMO_WARD_06,DEMO Ward 06,37.021,0.192,0.137,23.33,61.29,0.1296,5.038,464.2,577.89,13420.83,DEMO / SYNTHETIC DATA
DEMO_G_3474,18.5572724,73.8565891,379335,2052225,DEMO_WARD_06,DEMO Ward 06,36.555,0.059,0.2998,20.76,72.79,0.1888,4.508,279.6,568.76,13738.8,DEMO / SYNTHETIC DATA
DEMO_G_3475,18.5572741,73.8568733,379365,2052225,DEMO_WARD_06,DEMO Ward 06,35.532,0.2069,0.2304,30.47,57.24,0.1628,4.824,560.02,569.57,10483.18,DEMO / SYNTHETIC DATA
DEMO_G_3476,18.5572759,73.8571575,379395,2052225,DEMO_WARD_06,DEMO Ward 06,37.275,0.0668,0.2605,16.83,62.91,0.1747,6.2,278.73,570.79,12692.89,DEMO / SYNTHETIC DATA
DEMO_G_3477,18.5572776,73.8574418,379425,2052225,DEMO_WARD_06,DEMO Ward 06,36.922,0.1017,0.3969,9.56,69.2,0.2154,8.348,482.42,574.89,15751.19,DEMO / SYNTHETIC DATA
DEMO_G_3478,18.5572793,73.857726,379455,2052225,DEMO_WARD_06,DEMO Ward 06,35.754,0.1228,0.2746,18.1,66.44,0.1809,6.634,347.61,573.49,12054.22,DEMO / SYNTHETIC DATA
DEMO_G_3479,18.557281,73.8580102,379485,2052225,DEMO_WARD_06,DEMO Ward 06,35.401,0.1198,0.4441,21.89,95.7,0.2836,7.567,461.61,577.15,15217.02,DEMO / SYNTHETIC DATA
DEMO_G_3480,18.5572827,73.8582945,379515,2052225,DEMO_WARD_06,DEMO Ward 06,38.464,0.1891,0.3871,19.62,63.94,0.1597,8.174,464.32,569.39,17459.73,DEMO / SYNTHETIC DATA
DEMO_G_3481,18.5574516,73.8415228,377745,2052255,DEMO_WARD_04,DEMO Ward 04,36.403,0.2977,0.1896,24.92,54.89,0.2044,5.515,368.49,572.65,12702.61,DEMO / SYNTHETIC DATA
DEMO_G_3482,18.5574534,73.841807,377775,2052255,DEMO_WARD_04,DEMO Ward 04,37.243,0.2486,0.1736,19.51,63.71,0.1891,6.569,283.58,574.61,9674.9,DEMO / SYNTHETIC DATA
DEMO_G_3483,18.5574551,73.8420913,377805,2052255,DEMO_WARD_04,DEMO Ward 04,32.085,0.3898,0.1586,45.09,44.02,0.2335,4.414,151.57,579.89,12688.61,DEMO / SYNTHETIC DATA
DEMO_G_3484,18.5574569,73.8423755,377835,2052255,DEMO_WARD_04,DEMO Ward 04,36.41,0.0631,0.2942,22.76,53.64,0.2327,5.02,528.18,566.48,9779.35,DEMO / SYNTHETIC DATA
DEMO_G_3485,18.5574586,73.8426597,377865,2052255,DEMO_WARD_04,DEMO Ward 04,33.171,0.2307,0.1623,26.39,59.06,0.1596,6.416,437.13,570.86,13695.32,DEMO / SYNTHETIC DATA
DEMO_G_3486,18.5574604,73.842944,377895,2052255,DEMO_WARD_04,DEMO Ward 04,32.546,0.231,0.0838,34.32,56.86,0.2139,4.684,306.98,574.19,6237.29,DEMO / SYNTHETIC DATA
DEMO_G_3487,18.5574621,73.8432282,377925,2052255,DEMO_WARD_04,DEMO Ward 04,35.86,0.2687,0.2039,19.35,81.87,0.224,4.666,488.19,572.1,10580.88,DEMO / SYNTHETIC DATA
DEMO_G_3488,18.5574638,73.8435124,377955,2052255,DEMO_WARD_04,DEMO Ward 04,33.887,0.2588,-0.0238,30.65,65.86,0.1357,5.065,259.1,577.22,7799.97,DEMO / SYNTHETIC DATA
DEMO_G_3489,18.5574656,73.8437967,377985,2052255,DEMO_WARD_04,DEMO Ward 04,40.074,0.075,0.2395,13.74,63.31,0.1891,7.738,556.17,568.13,11116.41,DEMO / SYNTHETIC DATA
DEMO_G_3490,18.5574673,73.8440809,378015,2052255,DEMO_WARD_04,DEMO Ward 04,36.509,0.1627,0.2303,19.12,60.66,0.2233,6.676,492.86,573.8,10206.12,DEMO / SYNTHETIC DATA
DEMO_G_3491,18.5574691,73.8443651,378045,2052255,DEMO_WARD_04,DEMO Ward 04,35.565,0.2175,0.2828,24.54,81.03,0.1473,7.541,367.62,573.62,14081.88,DEMO / SYNTHETIC DATA
DEMO_G_3492,18.5574708,73.8446494,378075,2052255,DEMO_WARD_04,DEMO Ward 04,35.266,0.0997,0.2486,21.25,54.61,0.1782,4.836,392.76,579.17,17069.0,DEMO / SYNTHETIC DATA
DEMO_G_3493,18.5574725,73.8449336,378105,2052255,DEMO_WARD_04,DEMO Ward 04,37.809,0.0863,0.0088,8.98,64.15,0.1315,4.333,314.0,574.11,11979.26,DEMO / SYNTHETIC DATA
DEMO_G_3494,18.5574743,73.8452178,378135,2052255,DEMO_WARD_04,DEMO Ward 04,39.339,-0.0117,0.3707,14.19,70.8,0.1756,6.398,656.15,573.27,14724.86,DEMO / SYNTHETIC DATA
DEMO_G_3495,18.557476,73.8455021,378165,2052255,DEMO_WARD_04,DEMO Ward 04,39.121,0.1015,0.3717,22.88,79.26,0.1602,8.828,373.35,572.86,13003.26,DEMO / SYNTHETIC DATA
DEMO_G_3496,18.5574778,73.8457863,378195,2052255,DEMO_WARD_04,DEMO Ward 04,35.432,0.0014,0.3102,12.67,59.42,0.2852,5.995,383.33,569.2,19406.93,DEMO / SYNTHETIC DATA
DEMO_G_3497,18.5574795,73.8460705,378225,2052255,DEMO_WARD_04,DEMO Ward 04,34.566,0.1373,0.3247,25.37,55.43,0.1867,5.838,434.77,577.66,12343.68,DEMO / SYNTHETIC DATA
DEMO_G_3498,18.5574812,73.8463548,378255,2052255,DEMO_WARD_04,DEMO Ward 04,34.598,0.2129,0.1977,21.39,59.62,0.1981,5.769,260.51,574.1,8098.61,DEMO / SYNTHETIC DATA
DEMO_G_3499,18.557483,73.846639,378285,2052255,DEMO_WARD_04,DEMO Ward 04,37.075,0.0483,0.2373,9.55,63.77,0.1804,6.924,462.22,574.1,12688.47,DEMO / SYNTHETIC DATA
DEMO_G_3500,18.5574847,73.8469233,378315,2052255,DEMO_WARD_04,DEMO Ward 04,37.953,0.2269,0.3103,31.82,70.45,0.1513,6.155,388.25,574.58,14260.58,DEMO / SYNTHETIC DATA
DEMO_G_3501,18.5574864,73.8472075,378345,2052255,DEMO_WARD_05,DEMO Ward 05,32.603,0.3174,0.1002,35.93,63.42,0.297,4.372,282.77,575.5,10539.12,DEMO / SYNTHETIC DATA
DEMO_G_3502,18.5574882,73.8474917,378375,2052255,DEMO_WARD_05,DEMO Ward 05,34.289,0.1985,0.1047,16.18,60.77,0.1682,4.275,309.86,579.77,15736.87,DEMO / SYNTHETIC DATA
DEMO_G_3503,18.5574899,73.847776,378405,2052255,DEMO_WARD_05,DEMO Ward 05,41.186,0.0981,0.2981,12.18,87.94,0.1788,5.801,515.34,574.33,12580.44,DEMO / SYNTHETIC DATA
DEMO_G_3504,18.5574916,73.8480602,378435,2052255,DEMO_WARD_05,DEMO Ward 05,36.693,0.2922,0.2499,23.04,72.07,0.1793,6.668,200.4,574.45,15231.57,DEMO / SYNTHETIC DATA
DEMO_G_3505,18.5574934,73.8483444,378465,2052255,DEMO_WARD_05,DEMO Ward 05,30.185,0.3608,0.0489,36.84,37.23,0.1896,4.474,77.79,569.2,8865.11,DEMO / SYNTHETIC DATA
DEMO_G_3506,18.5574951,73.8486287,378495,2052255,DEMO_WARD_05,DEMO Ward 05,32.869,0.3591,0.1604,38.64,50.36,0.155,5.162,262.59,574.43,11219.29,DEMO / SYNTHETIC DATA
DEMO_G_3507,18.5574968,73.8489129,378525,2052255,DEMO_WARD_05,DEMO Ward 05,31.435,0.2759,0.1225,30.81,48.31,0.174,2.791,357.86,575.79,9704.92,DEMO / SYNTHETIC DATA
DEMO_G_3508,18.5574986,73.8491971,378555,2052255,DEMO_WARD_05,DEMO Ward 05,30.229,0.4599,0.0191,46.83,55.26,0.1838,4.687,322.56,578.02,8021.42,DEMO / SYNTHETIC DATA
DEMO_G_3509,18.5575003,73.8494814,378585,2052255,DEMO_WARD_05,DEMO Ward 05,33.165,0.16,0.183,24.04,49.9,0.2621,3.781,405.05,578.21,13521.24,DEMO / SYNTHETIC DATA
DEMO_G_3510,18.557502,73.8497656,378615,2052255,DEMO_WARD_05,DEMO Ward 05,32.355,0.322,0.1065,35.09,48.26,0.204,5.857,173.15,578.0,8440.02,DEMO / SYNTHETIC DATA
DEMO_G_3511,18.5575038,73.8500498,378645,2052255,DEMO_WARD_05,DEMO Ward 05,34.502,0.1843,0.2674,20.5,55.99,0.2017,5.164,276.61,577.62,16210.61,DEMO / SYNTHETIC DATA
DEMO_G_3512,18.5575055,73.8503341,378675,2052255,DEMO_WARD_05,DEMO Ward 05,36.211,0.2879,0.2528,24.54,61.65,0.2509,5.928,259.41,570.13,11042.29,DEMO / SYNTHETIC DATA
DEMO_G_3513,18.5575072,73.8506183,378705,2052255,DEMO_WARD_05,DEMO Ward 05,27.725,0.6131,0.0153,56.52,23.84,0.2402,3.87,106.36,577.51,7553.35,DEMO / SYNTHETIC DATA
DEMO_G_3514,18.557509,73.8509025,378735,2052255,DEMO_WARD_05,DEMO Ward 05,31.601,0.297,0.1454,26.42,47.6,0.221,3.456,233.67,573.87,222.41,DEMO / SYNTHETIC DATA
DEMO_G_3515,18.5575107,73.8511868,378765,2052255,DEMO_WARD_05,DEMO Ward 05,31.28,0.3484,-0.0799,25.47,38.29,0.1545,3.896,264.51,582.06,6473.61,DEMO / SYNTHETIC DATA
DEMO_G_3516,18.5575124,73.851471,378795,2052255,DEMO_WARD_05,DEMO Ward 05,29.804,0.4734,-0.0112,38.25,17.25,0.2646,0.805,319.9,572.42,5945.31,DEMO / SYNTHETIC DATA
DEMO_G_3517,18.5575142,73.8517553,378825,2052255,DEMO_WARD_05,DEMO Ward 05,35.701,0.1686,0.162,36.71,59.93,0.1992,6.707,399.75,574.33,12074.01,DEMO / SYNTHETIC DATA
DEMO_G_3518,18.5575159,73.8520395,378855,2052255,DEMO_WARD_05,DEMO Ward 05,35.587,0.1145,0.2275,16.86,48.48,0.2076,6.121,418.11,567.81,12558.61,DEMO / SYNTHETIC DATA
DEMO_G_3519,18.5575176,73.8523237,378885,2052255,DEMO_WARD_05,DEMO Ward 05,27.015,0.4239,-0.021,43.23,37.8,0.2158,5.668,246.0,571.38,9089.64,DEMO / SYNTHETIC DATA
DEMO_G_3520,18.5575193,73.852608,378915,2052255,DEMO_WARD_05,DEMO Ward 05,32.898,0.2909,0.1022,5.49,36.42,0.1835,4.481,436.87,570.22,10238.13,DEMO / SYNTHETIC DATA
DEMO_G_3521,18.5575211,73.8528922,378945,2052255,DEMO_WARD_06,DEMO Ward 06,29.93,0.2191,-0.1151,28.27,32.06,0.1543,3.454,138.39,566.44,5572.02,DEMO / SYNTHETIC DATA
DEMO_G_3522,18.5575228,73.8531764,378975,2052255,DEMO_WARD_06,DEMO Ward 06,33.178,0.305,0.2256,26.28,60.67,0.1773,4.107,330.9,578.75,9920.36,DEMO / SYNTHETIC DATA
DEMO_G_3523,18.5575245,73.8534607,379005,2052255,DEMO_WARD_06,DEMO Ward 06,32.472,0.1525,0.2225,12.99,47.94,0.2226,5.782,395.01,576.66,11938.76,DEMO / SYNTHETIC DATA
DEMO_G_3524,18.5575263,73.8537449,379035,2052255,DEMO_WARD_06,DEMO Ward 06,32.262,0.356,0.1037,32.6,31.99,0.2333,4.644,359.27,579.97,6705.51,DEMO / SYNTHETIC DATA
DEMO_G_3525,18.557528,73.8540291,379065,2052255,DEMO_WARD_06,DEMO Ward 06,31.411,0.271,0.1242,22.04,21.95,0.1675,2.673,148.42,570.75,8344.44,DEMO / SYNTHETIC DATA
DEMO_G_3526,18.5575297,73.8543134,379095,2052255,DEMO_WARD_06,DEMO Ward 06,35.561,0.1306,0.2571,26.74,72.66,0.1951,5.602,352.01,575.36,14268.03,DEMO / SYNTHETIC DATA
DEMO_G_3527,18.5575314,73.8545976,379125,2052255,DEMO_WARD_06,DEMO Ward 06,33.3,0.2122,0.2501,37.52,63.94,0.1891,5.049,310.23,575.96,14684.79,DEMO / SYNTHETIC DATA
DEMO_G_3528,18.5575332,73.8548818,379155,2052255,DEMO_WARD_06,DEMO Ward 06,35.146,0.237,0.1512,12.15,42.66,0.1918,4.515,277.75,568.73,11599.88,DEMO / SYNTHETIC DATA
DEMO_G_3529,18.5575349,73.8551661,379185,2052255,DEMO_WARD_06,DEMO Ward 06,33.884,0.2856,0.1967,29.05,45.91,0.1957,7.3,264.55,574.34,12067.99,DEMO / SYNTHETIC DATA
DEMO_G_3530,18.5575366,73.8554503,379215,2052255,DEMO_WARD_06,DEMO Ward 06,35.271,0.2762,-0.0384,50.58,46.18,0.1909,7.705,393.42,577.62,6097.53,DEMO / SYNTHETIC DATA
DEMO_G_3531,18.5575383,73.8557346,379245,2052255,DEMO_WARD_06,DEMO Ward 06,36.395,0.1954,0.1887,31.33,74.46,0.1945,7.506,485.43,569.41,10416.34,DEMO / SYNTHETIC DATA
DEMO_G_3532,18.5575401,73.8560188,379275,2052255,DEMO_WARD_06,DEMO Ward 06,34.19,0.1035,0.4216,18.9,45.58,0.1503,4.432,472.36,584.85,15726.43,DEMO / SYNTHETIC DATA
DEMO_G_3533,18.5575418,73.856303,379305,2052255,DEMO_WARD_06,DEMO Ward 06,34.211,0.1879,0.1992,24.08,68.03,0.1858,4.438,225.49,572.47,9347.24,DEMO / SYNTHETIC DATA
DEMO_G_3534,18.5575435,73.8565873,379335,2052255,DEMO_WARD_06,DEMO Ward 06,37.018,0.2388,0.1802,16.67,36.48,0.1555,3.932,327.9,572.72,8202.38,DEMO / SYNTHETIC DATA
DEMO_G_3535,18.5575452,73.8568715,379365,2052255,DEMO_WARD_06,DEMO Ward 06,36.908,0.2348,0.3218,18.79,65.09,0.203,5.954,437.72,574.36,15126.4,DEMO / SYNTHETIC DATA
DEMO_G_3536,18.5575469,73.8571557,379395,2052255,DEMO_WARD_06,DEMO Ward 06,31.307,0.235,-0.0255,30.14,55.65,0.2214,5.268,345.75,572.65,10386.01,DEMO / SYNTHETIC DATA
DEMO_G_3537,18.5575487,73.85744,379425,2052255,DEMO_WARD_06,DEMO Ward 06,39.112,-0.0354,0.1681,10.74,82.98,0.2523,8.862,543.95,573.74,15068.63,DEMO / SYNTHETIC DATA
DEMO_G_3538,18.5575504,73.8577242,379455,2052255,DEMO_WARD_06,DEMO Ward 06,37.763,0.2327,0.2277,17.24,72.97,0.2131,6.279,489.48,572.8,15782.96,DEMO / SYNTHETIC DATA
DEMO_G_3539,18.5575521,73.8580084,379485,2052255,DEMO_WARD_06,DEMO Ward 06,37.015,0.0133,0.3451,3.82,87.7,0.1851,6.619,507.46,576.72,15849.09,DEMO / SYNTHETIC DATA
DEMO_G_3540,18.5575538,73.8582927,379515,2052255,DEMO_WARD_06,DEMO Ward 06,39.044,0.22,0.3019,21.77,54.93,0.2379,7.091,539.22,572.51,18572.92,DEMO / SYNTHETIC DATA
DEMO_G_3541,18.5577227,73.841521,377745,2052285,DEMO_WARD_04,DEMO Ward 04,30.09,0.4184,-0.0646,36.01,24.92,0.2069,3.717,278.52,572.8,8035.16,DEMO / SYNTHETIC DATA
DEMO_G_3542,18.5577245,73.8418052,377775,2052285,DEMO_WARD_04,DEMO Ward 04,35.454,0.4139,0.1658,39.71,48.29,0.1976,5.779,275.03,578.6,11870.04,DEMO / SYNTHETIC DATA
DEMO_G_3543,18.5577262,73.8420894,377805,2052285,DEMO_WARD_04,DEMO Ward 04,37.604,0.2927,0.3841,19.36,70.65,0.2125,8.309,421.64,572.89,15249.72,DEMO / SYNTHETIC DATA
DEMO_G_3544,18.557728,73.8423737,377835,2052285,DEMO_WARD_04,DEMO Ward 04,31.772,0.3075,-0.0689,37.82,32.86,0.2318,3.342,0.0,567.26,5187.68,DEMO / SYNTHETIC DATA
DEMO_G_3545,18.5577297,73.8426579,377865,2052285,DEMO_WARD_04,DEMO Ward 04,35.339,0.1698,0.3036,20.5,49.66,0.1995,5.26,485.47,573.47,14943.88,DEMO / SYNTHETIC DATA
DEMO_G_3546,18.5577314,73.8429421,377895,2052285,DEMO_WARD_04,DEMO Ward 04,38.114,0.0561,0.3186,20.21,70.02,0.2347,6.475,366.18,576.36,14930.5,DEMO / SYNTHETIC DATA
DEMO_G_3547,18.5577332,73.8432264,377925,2052285,DEMO_WARD_04,DEMO Ward 04,35.776,0.2686,0.2893,22.58,63.27,0.2344,3.841,322.22,577.29,11377.0,DEMO / SYNTHETIC DATA
DEMO_G_3548,18.5577349,73.8435106,377955,2052285,DEMO_WARD_04,DEMO Ward 04,38.075,0.0232,0.4122,24.71,68.68,0.1342,6.592,432.88,578.55,17812.02,DEMO / SYNTHETIC DATA
DEMO_G_3549,18.5577367,73.8437948,377985,2052285,DEMO_WARD_04,DEMO Ward 04,34.321,0.219,0.3713,19.5,60.94,0.2619,5.398,255.96,573.71,11991.65,DEMO / SYNTHETIC DATA
DEMO_G_3550,18.5577384,73.8440791,378015,2052285,DEMO_WARD_04,DEMO Ward 04,32.988,0.3945,-0.0532,32.31,52.7,0.2846,3.681,287.86,578.83,7150.5,DEMO / SYNTHETIC DATA
DEMO_G_3551,18.5577401,73.8443633,378045,2052285,DEMO_WARD_04,DEMO Ward 04,38.023,0.1101,0.5407,25.78,67.39,0.175,9.164,385.29,576.47,19954.54,DEMO / SYNTHETIC DATA
DEMO_G_3552,18.5577419,73.8446475,378075,2052285,DEMO_WARD_04,DEMO Ward 04,33.709,0.1856,0.4742,9.77,51.93,0.2977,6.476,409.84,574.33,11913.37,DEMO / SYNTHETIC DATA
DEMO_G_3553,18.5577436,73.8449318,378105,2052285,DEMO_WARD_04,DEMO Ward 04,37.351,0.2289,0.4358,42.44,76.34,0.2076,6.824,298.03,569.19,13903.92,DEMO / SYNTHETIC DATA
DEMO_G_3554,18.5577454,73.845216,378135,2052285,DEMO_WARD_04,DEMO Ward 04,36.991,0.2599,0.0844,19.35,51.92,0.1098,5.275,177.3,573.54,12344.19,DEMO / SYNTHETIC DATA
DEMO_G_3555,18.5577471,73.8455003,378165,2052285,DEMO_WARD_04,DEMO Ward 04,38.738,0.2374,0.297,28.54,50.58,0.1531,5.552,469.85,573.97,6385.33,DEMO / SYNTHETIC DATA
DEMO_G_3556,18.5577488,73.8457845,378195,2052285,DEMO_WARD_04,DEMO Ward 04,36.644,0.1428,0.3355,9.95,61.9,0.2092,6.822,375.85,572.17,15483.15,DEMO / SYNTHETIC DATA
DEMO_G_3557,18.5577506,73.8460687,378225,2052285,DEMO_WARD_04,DEMO Ward 04,35.963,0.0817,0.3518,17.17,71.6,0.1939,5.792,512.91,583.34,14103.55,DEMO / SYNTHETIC DATA
DEMO_G_3558,18.5577523,73.846353,378255,2052285,DEMO_WARD_04,DEMO Ward 04,37.126,0.2556,0.1444,20.27,76.44,0.1145,6.821,347.9,580.28,14228.86,DEMO / SYNTHETIC DATA
DEMO_G_3559,18.5577541,73.8466372,378285,2052285,DEMO_WARD_04,DEMO Ward 04,39.722,0.0054,0.2094,8.39,66.07,0.1761,6.399,388.38,572.56,11725.1,DEMO / SYNTHETIC DATA
DEMO_G_3560,18.5577558,73.8469214,378315,2052285,DEMO_WARD_04,DEMO Ward 04,37.233,0.1177,0.3485,11.62,83.41,0.2129,7.689,344.24,575.56,16410.18,DEMO / SYNTHETIC DATA
DEMO_G_3561,18.5577575,73.8472057,378345,2052285,DEMO_WARD_05,DEMO Ward 05,36.862,0.1214,0.3635,15.58,73.01,0.1529,5.134,286.27,576.39,12432.1,DEMO / SYNTHETIC DATA
DEMO_G_3562,18.5577593,73.8474899,378375,2052285,DEMO_WARD_05,DEMO Ward 05,38.494,0.0554,0.4207,10.27,65.28,0.2341,7.458,581.03,575.52,16546.6,DEMO / SYNTHETIC DATA
DEMO_G_3563,18.557761,73.8477741,378405,2052285,DEMO_WARD_05,DEMO Ward 05,36.479,0.0386,0.2828,16.52,63.43,0.1699,5.116,484.11,581.61,10484.39,DEMO / SYNTHETIC DATA
DEMO_G_3564,18.5577627,73.8480584,378435,2052285,DEMO_WARD_05,DEMO Ward 05,37.113,0.0959,0.0994,18.39,63.68,0.1877,6.072,376.05,572.49,9814.45,DEMO / SYNTHETIC DATA
DEMO_G_3565,18.5577645,73.8483426,378465,2052285,DEMO_WARD_05,DEMO Ward 05,37.69,0.3383,0.1454,38.31,68.59,0.1206,5.992,291.55,574.42,16436.75,DEMO / SYNTHETIC DATA
DEMO_G_3566,18.5577662,73.8486268,378495,2052285,DEMO_WARD_05,DEMO Ward 05,30.072,0.4003,0.0625,45.59,42.43,0.223,3.703,217.6,571.97,3936.7,DEMO / SYNTHETIC DATA
DEMO_G_3567,18.5577679,73.8489111,378525,2052285,DEMO_WARD_05,DEMO Ward 05,37.734,0.1075,0.3504,14.46,65.78,0.1857,5.549,262.74,570.69,15940.57,DEMO / SYNTHETIC DATA
DEMO_G_3568,18.5577697,73.8491953,378555,2052285,DEMO_WARD_05,DEMO Ward 05,34.495,0.2277,0.3457,18.28,60.63,0.2528,7.815,393.18,576.34,12687.52,DEMO / SYNTHETIC DATA
DEMO_G_3569,18.5577714,73.8494796,378585,2052285,DEMO_WARD_05,DEMO Ward 05,35.897,0.2246,0.2955,14.07,56.75,0.1719,6.938,314.89,574.28,15574.21,DEMO / SYNTHETIC DATA
DEMO_G_3570,18.5577731,73.8497638,378615,2052285,DEMO_WARD_05,DEMO Ward 05,35.362,0.2844,0.1469,15.47,55.19,0.1608,7.787,193.68,576.73,9101.44,DEMO / SYNTHETIC DATA
DEMO_G_3571,18.5577749,73.850048,378645,2052285,DEMO_WARD_05,DEMO Ward 05,35.408,0.291,-0.1035,30.29,59.23,0.183,5.821,405.19,562.93,12609.12,DEMO / SYNTHETIC DATA
DEMO_G_3572,18.5577766,73.8503323,378675,2052285,DEMO_WARD_05,DEMO Ward 05,37.151,0.0642,0.393,22.6,53.45,0.1531,8.257,316.92,578.73,13645.72,DEMO / SYNTHETIC DATA
DEMO_G_3573,18.5577783,73.8506165,378705,2052285,DEMO_WARD_05,DEMO Ward 05,31.172,0.4016,-0.0898,43.74,44.78,0.226,4.264,83.11,577.69,9554.73,DEMO / SYNTHETIC DATA
DEMO_G_3574,18.5577801,73.8509007,378735,2052285,DEMO_WARD_05,DEMO Ward 05,29.807,0.2657,0.0813,28.64,73.29,0.2254,4.053,258.56,573.0,8557.26,DEMO / SYNTHETIC DATA
DEMO_G_3575,18.5577818,73.851185,378765,2052285,DEMO_WARD_05,DEMO Ward 05,31.14,0.4001,0.0948,37.82,56.12,0.1593,5.127,262.67,579.63,7439.21,DEMO / SYNTHETIC DATA
DEMO_G_3576,18.5577835,73.8514692,378795,2052285,DEMO_WARD_05,DEMO Ward 05,34.044,0.2022,0.1626,33.64,58.92,0.1822,5.574,141.83,571.22,8234.15,DEMO / SYNTHETIC DATA
DEMO_G_3577,18.5577853,73.8517534,378825,2052285,DEMO_WARD_05,DEMO Ward 05,35.356,0.2645,0.1258,29.24,62.64,0.205,5.691,294.39,574.19,10977.24,DEMO / SYNTHETIC DATA
DEMO_G_3578,18.557787,73.8520377,378855,2052285,DEMO_WARD_05,DEMO Ward 05,30.816,0.5086,0.1309,40.74,46.95,0.1753,4.187,200.43,577.01,11111.78,DEMO / SYNTHETIC DATA
DEMO_G_3579,18.5577887,73.8523219,378885,2052285,DEMO_WARD_05,DEMO Ward 05,32.371,0.3292,0.0922,39.83,56.89,0.2037,5.138,243.26,579.77,7697.98,DEMO / SYNTHETIC DATA
DEMO_G_3580,18.5577904,73.8526061,378915,2052285,DEMO_WARD_05,DEMO Ward 05,32.562,0.4361,0.0849,40.52,51.38,0.2055,4.965,438.53,573.45,9746.88,DEMO / SYNTHETIC DATA
DEMO_G_3581,18.5577922,73.8528904,378945,2052285,DEMO_WARD_06,DEMO Ward 06,31.624,0.3123,0.0635,26.92,45.48,0.1678,3.735,316.18,573.87,7017.35,DEMO / SYNTHETIC DATA
DEMO_G_3582,18.5577939,73.8531746,378975,2052285,DEMO_WARD_06,DEMO Ward 06,34.519,0.3886,0.1112,31.91,39.25,0.1295,4.207,181.28,573.14,9359.2,DEMO / SYNTHETIC DATA
DEMO_G_3583,18.5577956,73.8534589,379005,2052285,DEMO_WARD_06,DEMO Ward 06,29.355,0.3278,0.0106,22.87,28.01,0.2007,6.453,438.73,571.95,6943.05,DEMO / SYNTHETIC DATA
DEMO_G_3584,18.5577973,73.8537431,379035,2052285,DEMO_WARD_06,DEMO Ward 06,36.447,0.2099,0.1575,16.4,62.21,0.1891,2.904,376.73,577.39,10326.7,DEMO / SYNTHETIC DATA
DEMO_G_3585,18.5577991,73.8540273,379065,2052285,DEMO_WARD_06,DEMO Ward 06,30.577,0.5599,-0.0511,49.94,29.19,0.2535,2.693,0.0,568.95,2578.36,DEMO / SYNTHETIC DATA
DEMO_G_3586,18.5578008,73.8543116,379095,2052285,DEMO_WARD_06,DEMO Ward 06,32.548,0.2086,0.2888,8.55,54.06,0.2154,6.182,345.97,574.88,10580.57,DEMO / SYNTHETIC DATA
DEMO_G_3587,18.5578025,73.8545958,379125,2052285,DEMO_WARD_06,DEMO Ward 06,35.453,0.202,0.1347,19.9,55.97,0.1981,5.614,550.48,578.35,13062.97,DEMO / SYNTHETIC DATA
DEMO_G_3588,18.5578042,73.85488,379155,2052285,DEMO_WARD_06,DEMO Ward 06,34.398,0.2655,0.08,28.28,46.07,0.2556,6.53,349.24,572.06,13994.3,DEMO / SYNTHETIC DATA
DEMO_G_3589,18.557806,73.8551643,379185,2052285,DEMO_WARD_06,DEMO Ward 06,33.2,0.3074,0.0591,31.99,67.49,0.2444,4.91,247.49,575.7,9606.45,DEMO / SYNTHETIC DATA
DEMO_G_3590,18.5578077,73.8554485,379215,2052285,DEMO_WARD_06,DEMO Ward 06,33.961,0.2367,0.1688,22.04,65.22,0.1896,5.358,460.93,575.6,12207.2,DEMO / SYNTHETIC DATA
DEMO_G_3591,18.5578094,73.8557327,379245,2052285,DEMO_WARD_06,DEMO Ward 06,36.253,0.2624,0.3361,24.46,40.18,0.2095,5.24,237.5,570.92,7195.27,DEMO / SYNTHETIC DATA
DEMO_G_3592,18.5578111,73.856017,379275,2052285,DEMO_WARD_06,DEMO Ward 06,37.097,0.2695,0.3108,32.44,55.47,0.1968,6.279,291.65,574.57,8645.99,DEMO / SYNTHETIC DATA
DEMO_G_3593,18.5578129,73.8563012,379305,2052285,DEMO_WARD_06,DEMO Ward 06,35.54,0.2656,0.4363,40.19,71.22,0.2179,6.538,426.89,582.39,15349.42,DEMO / SYNTHETIC DATA
DEMO_G_3594,18.5578146,73.8565855,379335,2052285,DEMO_WARD_06,DEMO Ward 06,36.332,0.2377,0.0309,25.71,67.15,0.1592,4.308,162.4,571.89,13598.64,DEMO / SYNTHETIC DATA
DEMO_G_3595,18.5578163,73.8568697,379365,2052285,DEMO_WARD_06,DEMO Ward 06,38.944,-0.0476,0.3227,0.41,54.67,0.1857,4.979,353.78,573.79,13349.59,DEMO / SYNTHETIC DATA
DEMO_G_3596,18.557818,73.8571539,379395,2052285,DEMO_WARD_06,DEMO Ward 06,37.405,0.2182,0.233,26.25,62.52,0.2562,7.122,424.45,573.42,16187.13,DEMO / SYNTHETIC DATA
DEMO_G_3597,18.5578198,73.8574382,379425,2052285,DEMO_WARD_06,DEMO Ward 06,35.996,0.1579,0.2583,15.05,61.42,0.2332,5.184,369.71,574.7,11144.11,DEMO / SYNTHETIC DATA
DEMO_G_3598,18.5578215,73.8577224,379455,2052285,DEMO_WARD_06,DEMO Ward 06,34.144,0.3461,0.2097,29.92,54.15,0.2445,6.607,123.16,582.62,15572.8,DEMO / SYNTHETIC DATA
DEMO_G_3599,18.5578232,73.8580066,379485,2052285,DEMO_WARD_06,DEMO Ward 06,37.998,0.0998,0.2416,21.72,64.65,0.2483,8.223,444.08,570.99,14775.06,DEMO / SYNTHETIC DATA
DEMO_G_3600,18.5578249,73.8582909,379515,2052285,DEMO_WARD_06,DEMO Ward 06,39.674,0.1809,0.4275,35.14,78.79,0.117,7.377,531.67,575.11,21811.01,DEMO / SYNTHETIC DATA
